adm_cd10,gu,dong,pop_65_plus,pt_share_70p,pt_share_adult,car_share_70p,trips_70p_car,mci_elderly,expected_70p,expected_adult,resid_70p,resid_adult,resid_area,resid_elderly_only,type,priority
1111053000,종로구,사직동,2033,0.7250113527554787,0.6792386445575265,0.27498864724452127,1054.271,1.1900491196552974,0.7241710134299192,0.6377577412778866,0.0008403393255594915,0.041480903279639825,0.038366431386438186,-0.037526092060878695,,False
1111054000,종로구,삼청동,610,0.6296019558992433,0.5672459403389342,0.3703980441007567,246.86900000000003,0.490763334156,0.6219855404170529,0.555658890168389,0.007616415482190386,0.011587050170545177,0.010717070511761007,-0.003100655029570621,,True
1111055000,종로구,부암동,2061,0.5228160161869622,0.47919760689776525,0.47718398381303784,559.4035,0.5855150113407532,0.6118120396069511,0.5167715845059598,-0.08899602341998891,-0.037573977608194586,-0.03475284576379841,-0.0542431776561905,고령자만 덜 탐,True
1111056000,종로구,평창동,4192,0.4882732669685461,0.3957265340278637,0.511726733031454,1219.3115,0.39326747168380793,0.5984439133978355,0.5134855277060866,-0.11017064642928942,-0.1177589936782229,-0.10891740521256017,-0.0012532412167292478,동네 전체가 덜 탐,True
1111057000,종로구,무악동,1670,0.8096804694537338,0.6659230326904678,0.1903195305462661,148.849,1.320572287921786,0.7513445909681045,0.6219157305220235,0.05833587848562938,0.044007302168444284,0.040703143028628146,0.017632735457001232,,False
1111058000,종로구,교남동,1851,0.7313085080779231,0.6367418581478824,0.26869149192207686,482.846,1.0244330474766237,0.7263643240524471,0.627558015438719,0.004944184025476028,0.009183842709163392,0.00849430083018234,-0.003550116804706311,,False
1111060000,종로구,가회동,897,0.8805030486226851,0.6820227018367956,0.11949695137731493,230.87050000000002,0.6406243140964939,0.6723120846401225,0.600323150983521,0.20819096398256265,0.08169955085327463,0.07556537983235054,0.1326255841502121,,False
1111061500,종로구,종로1·2·3·4가동,1886,0.8571126022385718,0.7434828796408698,0.14288739776142814,2735.1670000000004,1.6142080118543163,0.787327230273695,0.6881646812757252,0.06978537196487677,0.05531819836514462,0.05116479377727105,0.01862057818760572,,False
1111063000,종로구,종로5·6가동,1162,0.8313390106106316,0.6948552938496344,0.1686609893893684,897.1245,1.5939435242461646,0.7329227496323371,0.6531516125497561,0.09841626097829459,0.04170368129987834,0.03857248277278981,0.05984377820550478,,False
1111064000,종로구,이화동,1506,0.6672513402338168,0.643384092126463,0.3327486597661832,2466.8450000000003,1.0362287097008895,0.7107029566162585,0.6397299444090754,-0.04345161638244166,0.0036541477173875903,0.0033797867594622453,-0.046831403141903906,,False
1111067000,종로구,창신1동,1375,0.8468538017354283,0.6549124752976241,0.15314619826457163,332.382,1.6623875354777604,0.7833579988728452,0.6329485068454903,0.06349580286258316,0.021963968452133775,0.020314868336203704,0.04318093452637946,,False
1111068000,종로구,창신2동,2093,0.807480112651819,0.573648788789668,0.19251988734818093,120.825,0.6118774977781584,0.7291349404343993,0.597127302272485,0.07834517221741966,-0.023478513482817043,-0.021715698197830695,0.10006087041525036,,False
1111069000,종로구,창신3동,1513,0.7493079669389152,0.5858304210123956,0.2506920330610848,128.1475,0.9975190791548345,0.7469642788060176,0.60048400887295,0.0023436881328976478,-0.014653587860554373,-0.013553366218354552,0.0158970543512522,,False
1111070000,종로구,숭인1동,1442,0.8259356592339409,0.6544660388199822,0.17406434076605912,196.982,1.3830066074995058,0.7521939006786177,0.6177921411116747,0.07374175855532317,0.036673897708307535,0.0339203457218266,0.039821412833496564,,False
1111071000,종로구,숭인2동,1936,0.8439950542371134,0.6507818780037642,0.15600494576288654,479.8975,1.6761398822663645,0.7614971462710742,0.6280565241332121,0.08249790796603917,0.02272535387055208,0.021019087364836053,0.06147882060120312,,False
1111051500,종로구,청운효자동,2303,0.6315106354751691,0.5782391571838847,0.3684893645248309,499.959,0.47644553721458643,0.6025879936400147,0.5433173014142443,0.02892264183515436,0.034921855769640464,0.03229985071059511,-0.0033772088754407473,,False
1111065000,종로구,혜화동,2890,0.7137690719996498,0.6907129419219533,0.2862309280003502,581.96,0.7003866165768003,0.6885602368615303,0.611926799665515,0.025208835138119445,0.07878614225643832,0.07287071597034049,-0.047661880832221046,,False
1114052000,중구,소공동,287,0.8140878992457484,0.7668896756846248,0.18591210075425157,1005.4144999999999,1.6106170423136064,0.7811336944561053,0.6706961680825615,0.03295420478964317,0.09619350760206336,0.08897110037251409,-0.056016895582870915,,False
1114054000,중구,회현동,1335,0.8151427842549134,0.7335243003757723,0.18485721574508665,1505.7685,1.8061230275159714,0.7870772324247814,0.7051592707263623,0.02806555183013193,0.028365029649410012,0.026235324637989017,0.001830227192142913,,False
1114055000,중구,명동,752,0.7883117716987259,0.7453659499879695,0.21168822830127398,1358.328,1.783120752827648,0.7996888596456424,0.7017068389967761,-0.011377087946916498,0.04365911099119335,0.04038109476412186,-0.05175818271103836,,False
1114057000,중구,필동,978,0.7837365517688001,0.6978419402873347,0.2162634482312,577.7265,0.8656004067189748,0.6855686741422715,0.6277096184841294,0.09816787762652857,0.07013232180320528,0.06486664223040134,0.03330123539612723,,False
1114058000,중구,장충동,968,0.5829068471349785,0.6069126836402007,0.41709315286502135,544.0805,1.1061325066450374,0.7259504385385968,0.6480855443093401,-0.14304359140361822,-0.04117286066913939,-0.03808151725136762,-0.10496207415225059,고령자만 덜 탐,False
1114059000,중구,광희동,1284,0.8262630289589785,0.7233007895533982,0.1737369710410214,750.434,1.8700838756534048,0.8092358760197987,0.6906406666757059,0.01702715293917978,0.032660122877692266,0.030207933395574326,-0.013180780456394547,,False
1114060500,중구,을지로동,523,0.8405364156438355,0.7458426198069837,0.15946358435616442,677.2605,1.8216305581835306,0.8081532247793495,0.7079952140419399,0.032383190864486044,0.03784740576504386,0.035005744369890894,-0.0026225535054048496,,False
1114065000,중구,신당5동,2191,0.820606171451817,0.6898345340795482,0.1793938285481829,218.7305,1.3298359665720565,0.7325811892920621,0.6077547216700486,0.08802498215975496,0.08207981240949958,0.07591709056553907,0.012107891594215894,,False
1114067000,중구,황학동,2409,0.7957035710978735,0.6323459548782276,0.20429642890212663,271.379,0.9498122348704444,0.6896774432136064,0.5858584586084451,0.10602612788426713,0.04648749626978255,0.04299711903422658,0.06302900885004055,,False
1114068000,중구,중림동,2375,0.7447618108252408,0.6295785607094418,0.2552381891747593,297.5905,1.280555929445824,0.7440333431407111,0.6338484144587666,0.0007284676845297211,-0.004269853749324759,-0.0039492643108377514,0.0046777319953674725,,False
1114061500,중구,신당동,1747,0.7501630983306585,0.5945881860208565,0.24983690166934147,655.235,1.649236048331518,0.7905991602521628,0.6568417291117847,-0.040436061921504285,-0.06225354309092823,-0.057579418496730234,0.01714335657522595,,False
1114062500,중구,다산동,3272,0.7708043394908931,0.6578666208594254,0.22919566050910697,474.62800000000004,1.3586442441337547,0.7543215335627452,0.6297737106217125,0.01648280592814788,0.028092910237712876,0.025983636513759557,-0.009500830585611676,,False
1114063500,중구,약수동,4486,0.7034044220912302,0.5728144049466373,0.2965955779087698,521.4259999999999,1.314731652926067,0.7688771243130577,0.6289833227936719,-0.06547270222182744,-0.056168917847034594,-0.05195163948337838,-0.01352106273844906,동네 전체가 덜 탐,False
1114064500,중구,청구동,2774,0.7570843690773547,0.6468181007211843,0.2429156309226454,202.382,1.0516366761274027,0.7401960369349309,0.6081673730914771,0.0168883321424238,0.03865072762970723,0.035748751169768375,-0.018860419027344574,,False
1114066500,중구,동화동,2422,0.7269668029171209,0.6289040102241719,0.27303319708287904,283.486,0.8567582425407629,0.736996376231428,0.6170611111430471,-0.010029573314307094,0.011842899081124791,0.010953709757702062,-0.020983283072009154,,False
1117051000,용산구,후암동,3385,0.6251015471750452,0.5126888834433849,0.37489845282495476,491.94100000000003,0.41054210756130904,0.6329742580065842,0.5499553398277219,-0.007872710831539065,-0.03726645638433701,-0.03446841386858469,0.026595703037045622,,False
1117052000,용산구,용산2가동,2151,0.6267059442735119,0.5248021914049261,0.3732940557264882,303.5575,0.5038238725953943,0.6431782120129961,0.5325265293777092,-0.01647226773948418,-0.007724337972783046,-0.007144378723881372,-0.00932788901560281,,False
1117053000,용산구,남영동,1716,0.7864805846961528,0.6927925404821033,0.21351941530384722,612.0565,1.616311309291922,0.7752368083045579,0.651418002601044,0.011243776391594906,0.04137453788105927,0.03826805212167095,-0.02702427573007604,,False
1117057000,용산구,원효로2동,2642,0.5880451704633501,0.4817133355965025,0.41195482953664997,485.16600000000005,0.6300588554932871,0.6317601239364867,0.5362224553236039,-0.043714953473136586,-0.05450911972710143,-0.05041646243444919,0.006701508961312601,,False
1117058000,용산구,효창동,1820,0.6991404749428188,0.5893144232881381,0.30085952505718117,303.721,1.420386155786812,0.7643907271574042,0.653513769980045,-0.06525025221458536,-0.06419934669190686,-0.05937912714447015,-0.00587112507011521,동네 전체가 덜 탐,False
1117059000,용산구,용문동,2504,0.7404283241937143,0.5915550369244535,0.2595716758062857,286.3975,1.3137484063161646,0.7425174517337052,0.6212508081907858,-0.0020891275399909093,-0.02969577126633227,-0.027466151425789113,0.025377023885798204,,False
1117063000,용산구,이촌1동,4895,0.5915739900944906,0.45428386805691473,0.4084260099055093,1174.8705,0.8717966147011581,0.6715130307810783,0.5782193854671901,-0.07993904068658764,-0.12393551741027536,-0.11463018278577207,0.03469114209918443,동네 전체가 덜 탐,False
1117064000,용산구,이촌2동,1931,0.5522328694317855,0.4995494515175639,0.44776713056821454,324.7805,0.43626475975764056,0.5825000675915109,0.5170852065247707,-0.03026719815972534,-0.017535755007206832,-0.016219134302786875,-0.014048063856938464,,False
1117065000,용산구,이태원1동,1373,0.6409125192542625,0.5508344595006792,0.35908748074573754,338.027,1.403716914707805,0.7376664793230182,0.6262841867555843,-0.0967539600687557,-0.07544972725490506,-0.06978480589817872,-0.02696915417057698,동네 전체가 덜 탐,False
1117066000,용산구,이태원2동,1876,0.5550465400889493,0.4675172542064052,0.44495345991105073,461.0145,0.5111891116609641,0.6403938765092633,0.5490568482634227,-0.085347336420314,-0.0815395940570175,-0.07541743292273234,-0.00992990349758166,동네 전체가 덜 탐,False
1117069000,용산구,서빙고동,2468,0.466506425353252,0.381255256220385,0.5334935746467481,945.7470000000001,0.7671194870761608,0.6508594055041204,0.591250127461034,-0.18435298015086837,-0.20999487124064903,-0.19422802258293154,0.009875042432063164,동네 전체가 덜 탐,False
1117070000,용산구,보광동,1263,0.47734624366902495,0.3812134910800868,0.522653756330975,366.13149999999996,0.3787200747848795,0.5858911761564272,0.5034249937151757,-0.10854493248740221,-0.1222115026350889,-0.11303561060069954,0.004490678113297328,동네 전체가 덜 탐,False
1117055500,용산구,청파동,3685,0.703816561600225,0.6297842989899362,0.2961834383997751,574.256,0.7805140567214214,0.6999267112339946,0.6238254697389243,0.003889850366230352,0.005958829251011877,0.005511428043435632,-0.0016215776772052805,,False
1117056000,용산구,원효로1동,2303,0.6553918150197697,0.5774063725263923,0.34460818498023044,362.9615,1.3895300053796287,0.7502474526738735,0.6278121134582572,-0.09485563765410376,-0.050405740931864895,-0.04662117379430811,-0.04823446385979566,고령자만 덜 탐,False
1117062500,용산구,한강로동,3603,0.6509009559737073,0.575696188952819,0.3490990440262927,2177.2,1.0755067810041263,0.6658028140025675,0.5879507444742562,-0.014901858028860127,-0.012254555521437172,-0.011334458182237512,-0.0035673998466226146,,False
1117068500,용산구,한남동,2771,0.4737015769039862,0.4689272819125634,0.5262984230960139,1576.6885,0.8880836715547114,0.6796591768200934,0.5882628992707278,-0.20595759991610718,-0.11933561735816445,-0.11037565273024143,-0.09558194718586575,고령자만 덜 탐,False
1120052000,성동구,왕십리2동,3049,0.7623705248180914,0.6084096131607918,0.23762947518190863,289.936,0.9526443423769799,0.7303933909811585,0.6120430668013064,0.0319771338369329,-0.0036334536405145945,-0.003360646436622574,0.035337780273555476,,False
1120054000,성동구,마장동,4628,0.6665389316741976,0.5495157852433751,0.3334610683258023,939.8050000000001,1.1584327830779468,0.6724874965445983,0.5754081319338432,-0.00594856487040063,-0.025892346690468138,-0.02394829582270228,0.01799973095230165,,False
1120055000,성동구,사근동,1674,0.6561562905684775,0.6722509360962464,0.34384370943152254,501.2545,0.9943659600074612,0.6587669350441405,0.6082606594861513,-0.00261064447566306,0.06399027661009515,0.05918575447621577,-0.06179639895187883,,False
1120056000,성동구,행당1동,2772,0.7141182135751863,0.5748442271713193,0.28588178642481366,1792.3310000000001,1.4172532905110395,0.6984897935514429,0.591526803174716,0.015628420023743428,-0.01668257600339662,-0.015430013740744996,0.031058433764488424,,False
1120057000,성동구,행당2동,4578,0.7843209369660873,0.6371281862462805,0.21567906303391268,423.40000000000003,1.3765395004143615,0.7357070900101279,0.6116360206116317,0.04861384695595938,0.025492165634648845,0.02357816118709083,0.025035685768868554,,False
1120058000,성동구,응봉동,2736,0.6313462745230826,0.516187499541336,0.3686537254769174,419.16499999999996,1.1759234450287077,0.7120312868726402,0.5987915902007347,-0.0806850123495576,-0.08260409065939867,-0.07640200492158754,-0.0042830074279700675,동네 전체가 덜 탐,False
1120059000,성동구,금호1가동,3144,0.7331011168056735,0.582352376216048,0.2668988831943264,444.76149999999996,0.9005814690114405,0.7112122989522296,0.5662552782542768,0.021888817853443876,0.016097097961771167,0.014888494599735484,0.007000323253708392,,False
1120062000,성동구,금호4가동,2937,0.6812461397097975,0.5205309306405584,0.3187538602902026,419.0555,0.8686005877125035,0.6934330372313935,0.574810382116161,-0.012186897521595963,-0.054279451475602536,-0.05020403814963134,0.03801714062803538,,False
1120065000,성동구,성수1가1동,2871,0.6537925635030447,0.5835734532746695,0.34620743649695523,748.6445,0.873217241278149,0.6520224681376259,0.5579945489328855,0.0017700953654188334,0.025578904341784003,0.02365838737294351,-0.021888292007524675,,False
1120066000,성동구,성수1가2동,2604,0.6678836488273207,0.6087232011879206,0.3321163511726794,576.732,0.998607507373805,0.6568149086239268,0.5648868590475853,0.011068740203393879,0.04383634214033527,0.04054501903253167,-0.029476278829137795,,False
1120067000,성동구,성수2가1동,3316,0.5643417286067236,0.539074833070903,0.4356582713932764,605.7935,0.5251450171547098,0.5890844203984491,0.5021980744433586,-0.024742691791725502,0.03687675862754436,0.03410797542425667,-0.05885066721598217,,False
1120069000,성동구,성수2가3동,2060,0.5830776181373303,0.580254844737986,0.4169223818626697,1011.8775,0.8553938851178545,0.6170569602241498,0.5498911254906009,-0.03397934208681952,0.030363719247385124,0.028083948492839787,-0.06206329057965931,,False
1120072000,성동구,송정동,2058,0.4844511779092591,0.48410128445518547,0.5155488220907408,368.36350000000004,0.498819978222446,0.5748120341364438,0.5019793416094203,-0.09036085622718465,-0.017878057154234794,-0.016535735697622574,-0.07382512052956208,고령자만 덜 탐,False
1120079000,성동구,용답동,2517,0.5933268929211469,0.5085286456282921,0.40667310707885307,726.1555,0.5629101260965648,0.6199136725859669,0.5594973345144535,-0.026586779664819926,-0.05096868888616135,-0.04714185445347909,0.020555074788659165,,False
1120053500,성동구,왕십리도선동,4651,0.7220015192838365,0.6392080659337701,0.2779984807161635,734.6645,1.2777123158698103,0.7128457948928899,0.5848607530106563,0.009155724390946585,0.05434731292311379,0.05026680441950191,-0.041111080028555326,,False
1120061500,성동구,금호2·3가동,4331,0.7251059953806617,0.5584068610756996,0.27489400461933833,545.0465,1.117186928413745,0.7198508595281211,0.5801763829493557,0.00525513585254056,-0.021769521873656106,-0.02013502120844955,0.02539015706099011,,False
1120064500,성동구,옥수동,4949,0.6287291680120245,0.4917632592654437,0.37127083198797556,991.747,1.1559280886584018,0.7110496169248798,0.5778614315671297,-0.08232044891285528,-0.08609817230168598,-0.0796337436974697,-0.002686705215385582,동네 전체가 덜 탐,False
1121571000,광진구,화양동,2544,0.6892001767328743,0.6614824301178293,0.3107998232671258,755.1365000000001,1.0170702891177659,0.6674107047142057,0.5870050283855475,0.021789472018668543,0.07447740173228179,0.06888548458404237,-0.047096012565373824,,False
1121573000,광진구,군자동,3638,0.719430158509653,0.6632910710914557,0.28056984149034714,571.5665,1.249764650103888,0.6853943636925066,0.5767555253787667,0.03403579481714636,0.08653554571268895,0.08003827820942028,-0.04600248339227392,,False
1121574000,광진구,중곡1동,3120,0.6871288333752963,0.5928692843287187,0.31287116662470377,467.85799999999995,1.0253901963103087,0.6946534371027174,0.5723190676789296,-0.007524603727421142,0.020550216649789066,0.019007263939152527,-0.02653186766657367,,False
1121575000,광진구,중곡2동,4187,0.7213982143496765,0.6120739648653275,0.2786017856503234,536.6865,1.0098982660945155,0.6658741058631885,0.5553842708975107,0.05552410848648803,0.05668969396781676,0.05243331465739735,0.0030907938290906864,,False
1121576000,광진구,중곡3동,3633,0.715335033679099,0.6144636887127902,0.284664966320901,441.42,1.31429542513511,0.6809603972551194,0.572463746445288,0.03437463642397964,0.041999942267502255,0.03884649985506492,-0.004471863431085278,,False
1121577000,광진구,중곡4동,6687,0.6750123328257027,0.5522082678688707,0.3249876671742972,1013.8715,0.6342526946930904,0.6858676596656654,0.5558465583091191,-0.010855326839962709,-0.0036382904402484373,-0.003365120079442438,-0.007490206760520271,,False
1121578000,광진구,능동,1925,0.6978232998297382,0.6092328911012357,0.30217670017026177,479.9885,1.2664666177031958,0.68318398829443,0.5785467750409301,0.014639311535308286,0.03068611606030558,0.0283821390871654,-0.013742827551857115,,False
1121585000,광진구,구의1동,3982,0.6546144128404496,0.585892002858959,0.3453855871595504,558.2785,0.9311882489750817,0.7015431608537663,0.6013110524623617,-0.0469287480133167,-0.01541904960340268,-0.014261355512559427,-0.03266739250075727,,False
1121586000,광진구,구의2동,5463,0.6390703104771319,0.5237845576328162,0.36092968952286797,958.336,0.6915798923713868,0.6615949809940812,0.5551464526701154,-0.022524670516949286,-0.03136189503729925,-0.029007179182807458,0.006482508665858172,,False
1121587000,광진구,구의3동,5225,0.5530725761772853,0.4904883472154494,0.44692742382271466,1764.665,0.9016992031147607,0.6745117278065005,0.5770708329500573,-0.12143915162921515,-0.08658248573460792,-0.08008169387754328,-0.041357457751671864,고령자만 덜 탐,False
1121581000,광진구,광장동,4714,0.585648072069766,0.4854436829997463,0.41435192793023407,1430.936,0.5072686486434792,0.6854296281261065,0.5929404158339542,-0.09978155605634054,-0.10749673283420791,-0.09942565610846374,-0.0003558999478767977,동네 전체가 덜 탐,False
1121582000,광진구,자양1동,4329,0.6801429196513291,0.5801357124143504,0.31985708034867083,520.4739999999999,0.7625791752806043,0.6395184947324234,0.5372872779082865,0.04062442491890572,0.042848434506063904,0.03963128554387318,0.0009931393750325437,,False
1121583000,광진구,자양2동,5082,0.562970080611444,0.5168876583061431,0.43702991938855595,1042.6779999999999,0.5557081677704138,0.5978567155807015,0.5139241786175471,-0.03488663496925748,0.0029634796885960046,0.0027409755127832175,-0.0376276104820407,,False
1121584000,광진구,자양3동,5360,0.6423792093682194,0.5720666285263236,0.3576207906317806,1187.1754999999998,0.7316744515024495,0.6658428769509032,0.5709853772148894,-0.02346366758268381,0.001081251311434217,0.0010000687297472323,-0.024463736312431043,,False
1121584700,광진구,자양4동,4548,0.6541060623588468,0.5841866677534895,0.3458939376411531,760.953,1.01355769298153,0.6752991662133987,0.5755406279378911,-0.021193103854551865,0.008646039815598416,0.00799687728864832,-0.029189981143200185,,False
1123071000,동대문구,회기동,1634,0.5864088352434416,0.5685719461387821,0.41359116475655844,675.097,0.5338825024864737,0.6075418411158854,0.5365257974138602,-0.021133005872443822,0.03204614872492195,0.02964005769030079,-0.05077306356274461,,False
1123072000,동대문구,휘경1동,2665,0.6378899965920641,0.6076153689961892,0.3621100034079359,608.3095,1.1802713622818983,0.6745155075222443,0.5759595007769075,-0.03662551093018018,0.03165586821928168,0.02927908025111225,-0.06590459118129244,,False
1123073000,동대문구,휘경2동,4739,0.5988648078800552,0.5406496433963626,0.4011351921199448,844.1495,0.7592661859847243,0.6483301141119073,0.5311316289980823,-0.04946530623185208,0.009518014398280261,0.00880338221867962,-0.0582686884505317,,False
1123070500,동대문구,청량리동,6128,0.7783745341303037,0.606797157304101,0.2216254658696964,929.119,0.7628960632818188,0.6044410802694723,0.5117920027121061,0.17393345386083137,0.09500515459199488,0.08787197136087471,0.08606148249995665,,False
1123051500,동대문구,신설동,2697,0.753902933713243,0.6240262729212466,0.2460970662867569,679.9075,1.2959831614437876,0.6972523875712321,0.5822803032555782,0.05665054614201093,0.04174596966566835,0.0386115960407336,0.018038950101277325,,False
1123054500,동대문구,제기동,5921,0.7626649108505059,0.5989477098922168,0.237335089149494,1512.291,1.1575597170709062,0.6864966699827564,0.5811886046418775,0.07616824086774954,0.017759105250339302,0.016425714948355704,0.05974252591939383,,False
1123056000,동대문구,전농1동,6864,0.7028317203200126,0.5680849169438376,0.2971682796799873,1630.405,1.034916702249081,0.6836391483367219,0.5755857340323988,0.019192571983290718,-0.007500817088561207,-0.006937640249308606,0.026130212232599325,,False
1123057000,동대문구,전농2동,4337,0.6106425684383303,0.5219843131602877,0.3893574315616696,593.9780000000001,0.5486102495897992,0.6193325026171355,0.5170198894819471,-0.008689934178805148,0.0049644236783406015,0.004591684495013185,-0.013281618673818333,,False
1123061000,동대문구,답십리2동,6744,0.6397751145393834,0.5331014690676339,0.36022488546061654,869.7855,0.6618757532950547,0.6416295855557159,0.5327163383593645,-0.001854471016332515,0.0003851307082693989,0.0003562142992407019,-0.002210685315573217,,False
1123065000,동대문구,장안1동,8217,0.6807572984756092,0.5476169093837475,0.31924270152439077,1257.565,0.7021493876800131,0.6139761432908596,0.5195296492945001,0.06678115518474959,0.028087260089247446,0.02597841059011077,0.04080274459463881,,False
1123066000,동대문구,장안2동,6568,0.5837181998865656,0.49091554803311005,0.4162818001134343,1289.569,0.734492721715779,0.6120136875066854,0.5162070411828358,-0.028295487620119797,-0.02529149314972573,-0.023392555606806184,-0.004902932013313613,,False
1123074000,동대문구,이문1동,4403,0.6218715682878474,0.5847926797367325,0.3781284317121526,769.5840000000001,0.9008412359318115,0.6838560810914105,0.5884676927694997,-0.0619845128035631,-0.0036750130327671826,-0.00339908546386776,-0.05858542733969534,,False
1123075000,동대문구,이문2동,4408,0.5955060870306678,0.5112960531121157,0.40449391296933224,683.1075,1.0266575753480152,0.6458479966575311,0.560404906027087,-0.05034190962686336,-0.04910885291497136,-0.04542165880832509,-0.004920250818538266,,False
1123060000,동대문구,답십리1동,4945,0.6818512712909647,0.5681185798744958,0.31814872870903516,791.2545,1.2006891778987272,0.687486253010986,0.5915597677314867,-0.005634981720021304,-0.023441187856990897,-0.021681175057084202,0.0160461933370629,,False
1126052000,중랑구,면목2동,5828,0.6450163414026377,0.5079354751837044,0.3549836585973622,614.7055,0.7676442312024121,0.6314320307898338,0.5402675258993992,0.013584310612803963,-0.03233205071569478,-0.029904493569102297,0.04348880418190626,,False
1126054000,중랑구,면목4동,4587,0.6702540218257734,0.5456245991108857,0.3297459781742267,567.3545,1.2014073866530774,0.703259158335716,0.5837000526426321,-0.03300513650994252,-0.03807545353174646,-0.035216669839257905,0.002211533329315382,,False
1126055000,중랑구,면목5동,2907,0.5856404833195686,0.47185239835648435,0.41435951668043136,458.82050000000004,0.7566954932484659,0.5969706527869323,0.5139632017313565,-0.011330169467363649,-0.04211080337487211,-0.038949037281520084,0.027618867814156435,,False
1126057000,중랑구,면목7동,5381,0.6921158149239746,0.5668591660716651,0.30788418507602555,560.495,1.024499853583813,0.6829740120082752,0.571918870094334,0.009141802915699326,-0.005059704022668865,-0.004679810994296551,0.013821613909995877,,False
1126058000,중랑구,상봉1동,5095,0.5856366638332008,0.5327611694516593,0.41436333616679927,727.2955,1.3252271174373773,0.6901509443975318,0.5778733357560195,-0.10451428056433099,-0.04511216630436021,-0.0417250516832249,-0.06278922888110608,고령자만 덜 탐,False
1126059000,중랑구,상봉2동,3779,0.6456728885594205,0.5468494015575347,0.35432711144057943,1424.3755,1.4888737366911364,0.6987535945615873,0.5839088108974172,-0.053080706002166744,-0.0370594093398825,-0.034276912343864326,-0.01880379365830242,,False
1126060000,중랑구,중화1동,4549,0.6792796429636293,0.5599694338421556,0.32072035703637075,609.3605,1.1847939565952776,0.6602769417162252,0.5537343537651109,0.019002701247404108,0.006235080077044652,0.0057669373868793556,0.013235763860524753,,False
1126061000,중랑구,중화2동,6529,0.6750539991097937,0.5728672160442003,0.32494600089020625,956.726,1.0736852550678684,0.6686257077815877,0.5676665977923543,0.006428291328205993,0.005200618251846034,0.0048101450921018,0.0016181462361041926,,False
1126062000,중랑구,묵1동,7364,0.6896057629742057,0.5893514600208335,0.3103942370257942,1199.0115,1.19618468755306,0.6600391966888124,0.5551532521538659,0.029566566285393336,0.03419820786696759,0.03163053578708268,-0.0020639695016893417,,False
1126063000,중랑구,묵2동,4450,0.672933318051984,0.5637897372443159,0.32706668194801597,587.869,1.0776147873669917,0.6701355330065046,0.5654657637360336,0.0027977850454793396,-0.0016760264917177192,-0.0015501869610419661,0.0043479720065213055,,False
1126066000,중랑구,망우3동,4303,0.5285672426213965,0.46389570185667495,0.47143275737860346,505.19300000000004,0.4160941464716285,0.5994155363049621,0.513634294085987,-0.0708482936835656,-0.049738592229312095,-0.04600411599427687,-0.024844177689288732,동네 전체가 덜 탐,False
1126068000,중랑구,신내1동,8973,0.5367720819042833,0.44849779836812587,0.46322791809571673,2213.073,0.8475206389398973,0.6299975079318194,0.5273202612675073,-0.09322542602753614,-0.07882246289938144,-0.07290430958439452,-0.02032111644314162,동네 전체가 덜 탐,False
1126069000,중랑구,신내2동,5088,0.6139528001125202,0.538779253438577,0.3860471998874798,658.7355,1.1629769066014883,0.6842511648497901,0.572079442633574,-0.07029836473726991,-0.033300189194997,-0.030799942211778085,-0.03949842252549183,고령자만 덜 탐,False
1126056500,중랑구,면목본동,7624,0.688986984904115,0.5542614529141069,0.311013015095885,1093.962,1.2292751613324995,0.6869825514250283,0.5778030085636671,0.0020044334790867424,-0.023541555649560175,-0.021774007028486995,0.023778440507573738,,False
1126057500,중랑구,면목3·8동,6312,0.6489557551879445,0.5681256741559885,0.3510442448120555,1223.6100000000001,0.910859019621413,0.6766636777692948,0.5559391705085792,-0.027707922581350353,0.012186503647409253,0.011271515783466456,-0.03897943836481681,,False
1126065500,중랑구,망우본동,8679,0.556556144554851,0.46103526745421103,0.44344385544514886,1794.398,0.9165034835850121,0.6570268186209617,0.5516794206894472,-0.10047067406611065,-0.09064415323523617,-0.08383840299322609,-0.016632271072884564,동네 전체가 덜 탐,False
1129058000,성북구,돈암1동,3440,0.7029673632569459,0.5662740199200024,0.2970326367430541,429.5435,1.1468954092895367,0.7173076702460961,0.5791550870167341,-0.014340306989150231,-0.012881067096731758,-0.011913929974457312,-0.002426377014692919,,False
1129059000,성북구,돈암2동,4280,0.6668773365724706,0.5320123764653553,0.3331226634275294,317.305,0.4716019920109309,0.6690075053573475,0.5411436353807698,-0.002130168784876929,-0.009131258915414553,-0.008445665136275121,0.006315496351398192,,False
1129060000,성북구,안암동,2385,0.6620615827121115,0.6378390264453103,0.3379384172878886,860.388,1.0169851196107549,0.6829463527698736,0.6148423870170069,-0.020884770057762125,0.022996639428303434,0.021270004242596226,-0.042154774300358355,,False
1129061000,성북구,보문동,3006,0.7568012064402532,0.6089094034278703,0.2431987935597468,326.727,1.2989339071721362,0.7129269766003294,0.6007763021138077,0.04387422983992373,0.00813310131406253,0.007522451269234745,0.03635177857068898,,False
1129062000,성북구,정릉1동,3698,0.6787801911516992,0.5066542996187673,0.32121980884830076,329.3335,1.1453751061300703,0.7311865232504255,0.6216812177594168,-0.05240633209872636,-0.11502691814064947,-0.1063904595491969,0.05398412745047054,,False
1129063000,성북구,정릉2동,5348,0.6732389913620069,0.5006470446371893,0.32676100863799296,695.6255,0.7392339916916789,0.7031854346149709,0.567497923395381,-0.029946443252963917,-0.06685087875819162,-0.06183157670672419,0.031885133453760275,,True
1129064000,성북구,정릉3동,3397,0.5585518304734335,0.417232707692775,0.44144816952656646,443.9205,0.615507463881661,0.6097245325743026,0.5158086746190308,-0.051172702100869105,-0.09857596692625581,-0.09117467972989696,0.04000197762902785,,True
1129065000,성북구,정릉4동,5842,0.6934626787505914,0.5514499742287469,0.3065373212494086,712.3325,0.8411373629068978,0.68975889855999,0.5500843360177712,0.003703780190601469,0.0013656382109756837,0.0012631032734963072,0.002440676917105162,,False
1129066000,성북구,길음1동,5445,0.7096229791304475,0.5416385834540377,0.29037702086955247,753.452,0.741460460122233,0.6847449501055467,0.5719995751879157,0.024878029024900772,-0.030360991733877962,-0.02808142576668017,0.05295945479158094,,False
1129068500,성북구,길음2동,3608,0.7216366405275448,0.5522722256239355,0.2783633594724551,536.565,1.1143631786011503,0.6786705629682931,0.5767002433394882,0.04296607755925175,-0.024428017715552697,-0.02259391169165945,0.0655599892509112,,False
1129071500,성북구,월곡1동,5715,0.6568548896003826,0.5081068515430323,0.3431451103996175,826.5350000000001,0.6854670851042746,0.6335384570920144,0.533882026647739,0.023316432508368234,-0.025775175104706727,-0.0238399217216069,0.047156354229975134,,False
1129072500,성북구,월곡2동,4303,0.6928408798589477,0.5800549048775905,0.3071591201410522,752.8489999999999,1.2548732491433903,0.6980796815202286,0.5924907316119875,-0.0052388016612808785,-0.012435826734397026,-0.01150211917812943,0.006263317516848551,,False
1129076000,성북구,장위1동,5014,0.604380031390952,0.4877907014034667,0.3956199686090481,734.6285,0.7315545798109867,0.6685278681700293,0.5476178206412955,-0.06414783677907732,-0.059827119237828796,-0.055335175558075385,-0.008812661221001931,동네 전체가 덜 탐,False
1129077000,성북구,장위2동,3870,0.6727396570537177,0.5217140252580393,0.3272603429462822,612.588,0.9859816452543196,0.6738708046400654,0.56054383007605,-0.0011311475863476916,-0.03882980481801068,-0.03591438287290665,0.03478323528655896,,False
1129078000,성북구,장위3동,3208,0.5633199408618965,0.46419308415203864,0.4366800591381034,480.99850000000004,0.9650075160306892,0.5841111676547521,0.49993172292073107,-0.02079122679285561,-0.03573863876869243,-0.03305530795508857,0.01226408116223296,,False
1129052500,성북구,성북동,3417,0.5926279687434531,0.5283533877375428,0.4073720312565469,1001.417,0.43679318100481934,0.5974672282535165,0.5120379305169684,-0.004839259510063365,0.01631545722057437,0.015090458994386905,-0.019929718504450272,,True
1129055500,성북구,삼선동,4533,0.7558868818023062,0.6456999489954963,0.24411311819769374,627.7165,0.8848393711975415,0.702705731274256,0.6026955943454396,0.05318115052805028,0.0430043546500567,0.03977549888141636,0.013405651646633918,,False
1129057500,성북구,동선동,2376,0.7478447207328561,0.63894778592996,0.2521552792671439,391.60900000000004,1.0680684947870331,0.6835235301633023,0.6047073263027001,0.06432119056955388,0.03424045962725997,0.0316696151979452,0.032651575371608677,,False
1129070500,성북구,종암동,8164,0.6516211809686677,0.5390361230072299,0.34837881903133233,1114.7415,0.7684257265820204,0.6695360520715224,0.5459293664640088,-0.017914871102854724,-0.006893243456778886,-0.006375684500687601,-0.011539186602167122,,False
1129081000,성북구,석관동,8612,0.6383079891274501,0.5387571558756769,0.3616920108725498,1050.4904999999999,0.8247019236833769,0.6721448785078592,0.5656423268483914,-0.033836889380409074,-0.02688517097271459,-0.024866576807251007,-0.008970312573158067,,False
1130559500,강북구,번1동,3910,0.763651872153935,0.6386884843954573,0.236348127846065,607.5175,1.2356570917474032,0.6924039313124171,0.5820154126552788,0.07124794084151798,0.05667307174017855,0.052417940460941885,0.01883000038057609,,False
1130560300,강북구,번2동,4714,0.6441910204778832,0.5412394147553865,0.35580897952211676,637.4035000000001,0.6550935177050908,0.6292443668316379,0.5235236242747057,0.014946653646245367,0.017715790480680838,0.016385652341065843,-0.0014389986948204758,,False
1130560800,강북구,번3동,5269,0.6161035651475486,0.5020152022079033,0.3838964348524514,681.816,0.7132976948548083,0.6206067610897119,0.518112791869718,-0.004503195942163307,-0.016097589661814737,-0.014888949381924223,0.010385753439760916,,False
1130561500,강북구,수유1동,5398,0.721777553662029,0.5686515079943091,0.278222446337971,663.7475,0.9148282968816654,0.6803954710778657,0.5709347211044353,0.041382082584163316,-0.0022832131101262476,-0.0021117847540526227,0.04349386733821594,,False
1130562500,강북구,수유2동,5989,0.7017880037694321,0.5703286819357559,0.298211996230568,686.3865000000001,1.1133091015505947,0.7054437870804335,0.5856923244466705,-0.0036557833110014704,-0.015363642510914599,-0.014210108499013573,0.010554325188012102,,False
1130563500,강북구,수유3동,5661,0.7769964642193261,0.6599254218511095,0.2230035357806739,765.9915000000001,1.160492371747333,0.6942289967546126,0.5854568527623831,0.08276746746471353,0.07446856908872634,0.06887731511360808,0.013890152351105453,,False
1130553400,강북구,삼양동,6209,0.7009623373319627,0.5694222514078668,0.29903766266803733,671.8065,1.333069846013027,0.7264298668983822,0.5982050221616264,-0.02546752956641951,-0.028782770753759568,-0.02662170087741842,0.0011541713109989096,,False
1130553500,강북구,미아동,5508,0.8016431405003633,0.6254500703625947,0.19835685949963672,510.517,1.093749542730996,0.6732905439228296,0.5607399836070399,0.12835259657753373,0.06471008675555479,0.05985151978925306,0.06850107678828067,,False
1130554500,강북구,송중동,7084,0.7627955634871483,0.6203526467617068,0.23720443651285167,905.828,0.863486481103418,0.684980001285515,0.5643815551485409,0.07781556220163333,0.055971091613165824,0.051768666451740254,0.02604689574989307,,False
1130555500,강북구,송천동,6741,0.7455141337324425,0.5887514879885087,0.2544858662675575,750.3685,1.0758112617059434,0.6656079217589153,0.5568909104167087,0.07990621197352721,0.03186057757180005,0.029468419602635323,0.05043779237089188,,False
1130557500,강북구,삼각산동,5553,0.736002826746648,0.5980996848393489,0.2639971732533521,512.5385000000001,1.0777525228634464,0.7250614482991736,0.5962465907954014,0.010941378447474337,0.0018530940439475119,0.001713959915733706,0.009227418531740632,,False
1130564500,강북구,우이동,5832,0.6596209536331729,0.5369450415243097,0.34037904636682714,1252.9625,1.1224389299422373,0.6914345934989469,0.5904091544041657,-0.03181363986577401,-0.053464112879856085,-0.04944991685965994,0.017636276993885924,,False
1130566000,강북구,인수동,8408,0.6953585135791468,0.5720316869462957,0.3046414864208532,1042.784,0.74451469020644,0.6662286637574212,0.5477962107113326,0.029129849821725617,0.024235476234963138,0.02241582662310916,0.006714023198616456,,False
1132066000,도봉구,쌍문1동,5738,0.6480263715883454,0.5521709149555468,0.35197362841165464,778.1125,0.8883925035843488,0.6866984564073657,0.5743918438336877,-0.03867208481902029,-0.022220928878140866,-0.020552535642698207,-0.018119549176322084,,False
1132067000,도봉구,쌍문2동,4849,0.6342820991949628,0.534342777689244,0.3657179008050372,841.9755,0.686894818274987,0.6236868097633301,0.5210013514621852,0.010595289431632682,0.013341426227058806,0.012339724390450233,-0.001744434958817551,,False
1132068000,도봉구,쌍문3동,4225,0.74162399702317,0.6372971814617856,0.25837600297683,492.9995,1.025455343304007,0.6756240536351817,0.5669354353921755,0.0659999433879882,0.0703617460696101,0.0650788408490299,0.0009211025389583016,,False
1132068100,도봉구,쌍문4동,4273,0.6489767098022174,0.563281795296647,0.3510232901977826,444.6835,0.6649247435200611,0.628371057321598,0.5236870096853377,0.020605652480619407,0.03959478561130936,0.036621927328247435,-0.016016274847628027,,False
1132069000,도봉구,방학1동,7481,0.609638376059264,0.521536866151879,0.39036162394073604,1296.1825,1.0948395858507272,0.661870614652448,0.5534084650846156,-0.052232238593184044,-0.03187159893273661,-0.029478613457029165,-0.02275362513615488,,False
1132070000,도봉구,방학2동,5436,0.581066263912172,0.4889319325896303,0.418933736087828,819.9325,0.4639773594754146,0.5873230081359632,0.4926789313799662,-0.0062567442237911886,-0.003746998790335909,-0.0034656663820783074,-0.002791077841712881,,False
1132071000,도봉구,방학3동,6770,0.6456543385278243,0.5518407341597366,0.3543456614721758,948.7435,0.6500815223104276,0.6272910161518048,0.5297690533080966,0.018363322376019453,0.022071680851639908,0.020414493466284923,-0.0020511710902654696,,False
1132051100,도봉구,창1동,5571,0.6157985430823678,0.5518208020273407,0.38420145691763224,986.375,0.9453922733045196,0.6537434149313315,0.5590020719338334,-0.03794487184896367,-0.007181269906492704,-0.006642085329664934,-0.031302786519298735,,False
1132051200,도봉구,창2동,6836,0.6800122220993156,0.5618132194697586,0.31998777790068433,912.6724999999999,0.6584337341430878,0.6428399625064791,0.5390640825980851,0.03717225959283643,0.02274913687167346,0.02104108468911165,0.01613117490372478,,False
1132051300,도봉구,창3동,3568,0.6035301887960525,0.49584613365752445,0.39646981120394753,521.942,0.5261621526479014,0.6246524304846452,0.5211895388220734,-0.02112224168859278,-0.02534340516454897,-0.023440569960337037,0.002318328271744257,,False
1132051400,도봉구,창4동,5566,0.6457856806756468,0.5273847312330592,0.3542143193243532,1825.8704999999998,0.9483698155156044,0.6718888463739262,0.5653605399955529,-0.026103165698279418,-0.037975808762493735,-0.03512450660508772,0.009021340906808305,,False
1132051500,도봉구,창5동,5672,0.6238904662349208,0.532920948834394,0.37610953376507916,959.673,0.7582883874369222,0.6703777017395517,0.5684399775898553,-0.04648723550463085,-0.03551902875546131,-0.032852186715235,-0.013635048789395851,,False
1132052100,도봉구,도봉1동,6904,0.542503155225856,0.4236211589242062,0.457496844774144,1950.9285000000002,0.8361358771300216,0.5844909254277961,0.48499476343430514,-0.04198777020194011,-0.061373604510098934,-0.05676554752198129,0.01477777732004118,,False
1132052200,도봉구,도봉2동,7988,0.6028048641896337,0.49425506334224073,0.39719513581036625,1731.798,1.0225560323467076,0.5965187683023234,0.4952663653925417,0.006286095887310328,-0.0010113020503009773,-0.0009353714036136005,0.007221467290923929,,False
1135056000,노원구,월계1동,4766,0.6001197088333795,0.534467953722524,0.3998802911666205,939.332,1.0751812432110393,0.6920089983713208,0.5803646639286646,-0.09188928953794129,-0.04589671020614061,-0.04245069040845681,-0.04943859912948448,고령자만 덜 탐,False
1135057000,노원구,월계2동,7015,0.635927621497088,0.5062947594062076,0.36407237850291196,943.8915,0.7076439759925329,0.6535031421664457,0.5579968110501623,-0.017575520669357636,-0.051702051643954694,-0.047820154820724416,0.03024463415136678,,False
1135058000,노원구,월계3동,7237,0.586959185273109,0.4674267110455754,0.4130408147268911,1543.9825,1.0571051149304418,0.6871396473714755,0.58013232305157,-0.10018046209836651,-0.1127056120059946,-0.10424344187357489,0.004062979775208378,동네 전체가 덜 탐,False
1135060000,노원구,공릉2동,7148,0.5695394300852753,0.5220695067155088,0.4304605699147247,1631.025,0.36846619197511055,0.5407768281072352,0.44377847236302637,0.028762601978040148,0.07829103435248241,0.07241278179041315,-0.043650179812373,,False
1135061100,노원구,하계1동,5588,0.7159667356477881,0.5604401701059261,0.28403326435221193,944.2230000000001,0.7455215418135895,0.6287150341870988,0.5262589129842382,0.08725170146068928,0.03418125712168785,0.03161485773876873,0.05563684372192055,,False
1135061200,노원구,하계2동,3632,0.6732525017430456,0.5313700635773637,0.3267474982569543,419.2025,1.177965196952024,0.6754753118465787,0.5820470957075858,-0.0022228101035330905,-0.05067703213022212,-0.04687209588916581,0.04464928578563272,,False
1135061900,노원구,중계본동,3002,0.5401094783137161,0.4777737985259912,0.45989052168628386,535.385,0.45354146610248364,0.5697951288777438,0.4845594152965698,-0.02968565056402761,-0.006785616770578595,-0.006276138648380187,-0.023409511915647423,,False
1135062100,노원구,중계1동,3207,0.632390228387615,0.5398277621729605,0.36760977161238484,619.514,0.7370977862999427,0.5995277973223521,0.5124900407725393,0.03286243106526299,0.027337721400421122,0.02528514881414431,0.007577282251118676,,False
1135062400,노원구,중계4동,4619,0.6100271073293971,0.5259737263291548,0.38997289267060287,681.261,0.7495757756173875,0.6141056321886336,0.5031230674397387,-0.004078524859236432,0.022850658889416176,0.021134984224077915,-0.025213509083314347,,False
1135063000,노원구,상계1동,9362,0.6612181313141912,0.5210152375944417,0.3387818686858089,1622.5484999999999,0.8402254405550239,0.597722593243109,0.4898290806311403,0.06349553807108221,0.031186156963301404,0.028844635886376098,0.034650902184706116,,False
1135064000,노원구,상계2동,4431,0.709585901239008,0.6227005012941977,0.2904140987609921,923.7875,1.1240202078042725,0.6609854178510935,0.553753326093104,0.04860048338791445,0.06894717520109372,0.06377047888298694,-0.015169995495072489,,False
1135067000,노원구,상계5동,6193,0.6859427059708145,0.5900853312138733,0.3140572940291855,717.9780000000001,0.9413749145905577,0.6341336748905774,0.523618563249612,0.051809031080237156,0.06646676796426132,0.06147630574454747,-0.009667274664310312,,False
1135070000,노원구,상계8동,3536,0.7237338244709164,0.5818211648079623,0.27626617552908367,537.4525000000001,0.7544634626300786,0.6337357340081609,0.5366468454170035,0.08999809046275553,0.04517431939095884,0.04178253818771025,0.04821555227504528,,False
1135071000,노원구,상계9동,4323,0.6737354085603112,0.6066025400447524,0.32626459143968867,508.96950000000004,0.88532832470736,0.6001950603369234,0.4843663637110801,0.07354034822338784,0.12223617633367234,0.1130584317470321,-0.03951808352364426,,False
1135072000,노원구,상계10동,3431,0.7252552708637638,0.6174947370182519,0.27474472913623615,417.855,0.9733704459825021,0.6294636519600157,0.5292368921689642,0.0957916189037481,0.08825784484928767,0.0816312635695937,0.014160355334154398,,False
1135066500,노원구,상계3·4동,7301,0.6564394641065073,0.5387213704865513,0.3435605358934928,1097.035,0.673443878213533,0.6049229908150076,0.48681284572651207,0.051516473291499776,0.051908524760039265,0.048011125508802245,0.0035053477826975307,,False
1135069500,노원구,상계6·7동,6111,0.7258698335234172,0.6101679793594712,0.27413016647658295,1521.2329999999997,0.8216679566544183,0.650713751445066,0.5433266292260023,0.07515608207835112,0.06684135013346892,0.06182276351082617,0.013333318567524947,,False
1135062500,노원구,중계2·3동,8655,0.7527535605532053,0.6051018838967557,0.24724643944679475,885.5915,1.091851821192046,0.6640798060828591,0.5725959268520581,0.0886737544703462,0.03250595704469761,0.030065342651736167,0.05860841181861003,,False
1135059500,노원구,공릉1동,8149,0.7098067472115294,0.6031703235785183,0.2901932527884707,1353.625,1.3723259880052299,0.6668764387176112,0.5624492116017036,0.04293030849391821,0.04072111197681472,0.0376636867839078,0.005266621710010411,,False
1138051000,은평구,녹번동,8602,0.7426959641519236,0.6329739500856457,0.2573040358480765,1059.159,1.165882126526102,0.703141582623513,0.5840282508259762,0.03955438152841062,0.04894569925966952,0.04527075506644209,-0.00571637353803147,,False
1138052000,은평구,불광1동,8412,0.7539780069530709,0.6327818534857413,0.2460219930469291,1032.836,1.0205204152024991,0.6939103600447938,0.6006436405970395,0.06006764690827715,0.03213821288870189,0.02972520948651412,0.03034243742176303,,False
1138055100,은평구,갈현1동,3591,0.7423604214832713,0.6840838048882709,0.2576395785167288,563.761,0.5904117545288874,0.640007942377332,0.5423652315176664,0.10235247910593925,0.14171857337060456,0.13107805017534366,-0.028725571069404404,,False
1138055200,은평구,갈현2동,6327,0.6693558923960073,0.5717055769010149,0.3306441076039927,725.024,0.7900841566570443,0.6680666465785167,0.5408048339596124,0.0012892458174906807,0.030900742941402437,0.028580651338737547,-0.027291405521246866,,False
1138056000,은평구,구산동,7660,0.6123939364895525,0.49990614212040624,0.38760606351044746,1203.1205,0.7141486677033588,0.6689379959439402,0.5474111594282539,-0.056544059454387674,-0.047505017307847675,-0.043938242491158255,-0.012605816963229419,,False
1138057000,은평구,대조동,6090,0.7308272733501836,0.5571973751753607,0.26917272664981634,1537.9569999999999,1.3368255903685946,0.7037776057443159,0.5949367983970839,0.02704966760586769,-0.03773942322172319,-0.03490586937895068,0.06195553698481837,,False
1138058000,은평구,응암1동,6415,0.7440960767505693,0.628505551038039,0.25590392324943073,738.865,1.0299578054712726,0.7053194315534091,0.5813398216550787,0.038776645197160176,0.047165729382960264,0.0436244290044392,-0.004847783807279023,,False
1138059000,은평구,응암2동,4788,0.6548419915770595,0.5475748693892011,0.34515800842294064,518.048,0.8248161463260745,0.6581204976794155,0.533978183818458,-0.003278506102356027,0.013596685570743117,0.012575818335396177,-0.015854324437752206,,False
1138063100,은평구,신사1동,6445,0.6940534271252672,0.5772363624656779,0.30594657287473276,644.4350000000001,1.0934677307607736,0.6998274792373146,0.5817035481680757,-0.005774052112047401,-0.004467185702397791,-0.004131780173303176,-0.0016422719387442246,,False
1138063200,은평구,신사2동,4710,0.6654081115217975,0.5503894707939349,0.33459188847820254,593.519,0.756822092693848,0.6864526636858728,0.5607080284415848,-0.021044552164075303,-0.010318557647649995,-0.00954381902743869,-0.011500733136636613,,False
1138064000,은평구,증산동,3461,0.6066177215531856,0.5000929946532058,0.39338227844681445,407.701,1.2139545183783553,0.6855940739537832,0.5797228686569937,-0.07897635240059764,-0.07962987400378796,-0.0736510985954493,-0.005325253805148339,동네 전체가 덜 탐,False
1138065000,은평구,수색동,3799,0.5346640996259163,0.4125914988073534,0.46533590037408357,822.739,0.8386010532954893,0.71297734717993,0.5995929835330182,-0.17831324755401368,-0.18700148472566475,-0.17296102701820387,-0.005352220535809804,동네 전체가 덜 탐,False
1138069000,은평구,진관동,10595,0.5904295927251676,0.5063617693279977,0.40957040727483235,3181.6275,0.6316472540354989,0.6212510279511115,0.5456110023882822,-0.03082143522594394,-0.039249233060284494,-0.03630231957646033,0.005480884350516392,,False
1138053000,은평구,불광2동,7395,0.7266444400414687,0.6123565197183795,0.2733555599585314,813.3039999999999,0.5935016030694807,0.6550129209359209,0.5482045072697665,0.07163151910554777,0.0641520124486129,0.059335346853927204,0.012296172251620566,,False
1138060000,은평구,응암3동,6590,0.7295740854432371,0.5966279070859836,0.27042591455676296,934.9185,1.1392726558023598,0.6867348569193075,0.5687026384231831,0.04283922852392963,0.02792526866280043,0.025828581814539692,0.017010646709389936,,False
1138062500,은평구,역촌동,10685,0.7033821326154636,0.5712334935645732,0.2966178673845364,1391.4095000000002,0.9633623144239826,0.6824115359481941,0.565169137767158,0.020970596667269414,0.006064355797415155,0.005609031438779638,0.015361565228489776,,False
1141052000,서대문구,천연동,3732,0.7733304831858373,0.5904994389508185,0.2266695168141627,409.3095,0.8081083687338046,0.7333436951324139,0.6180648475946937,0.03998678805342337,-0.027565408643875244,-0.025495740829092974,0.06548252888251635,,False
1141062000,서대문구,홍제1동,5687,0.762862175618724,0.5996883991369297,0.23713782438127606,722.7355,1.182620931782887,0.7304849882410128,0.5989098394819584,0.032377187377711225,0.0007785596549713114,0.000720103788033161,0.031657083589678066,,False
1141064000,서대문구,홍제3동,4434,0.7704003884448584,0.6213299611276515,0.2295996115551416,567.1945000000001,0.9804274543131853,0.7270224264207986,0.597442277805846,0.043377962024059746,0.023887683321805464,0.022094146720205435,0.02128381530385431,,False
1141065500,서대문구,홍제2동,2988,0.7827871713861785,0.6566955245004487,0.21721282861382152,234.8895,1.2759452548804149,0.7434015664797126,0.6122176505601162,0.03938560490646592,0.044477873940332424,0.04113838329996049,-0.0017527783934945668,,False
1141066000,서대문구,홍은1동,5702,0.6906771341360041,0.5300498242477807,0.30932286586399593,588.4169999999999,0.48930661350632676,0.6523804178260879,0.5384987482523349,0.03829671630991616,-0.008448924004554215,-0.00781456133982178,0.046111277649737936,,False
1141068500,서대문구,홍은2동,6224,0.6327607264225035,0.5342850888805379,0.3672392735774964,804.4940000000001,0.67391905172126,0.6341830163612792,0.5170871269798198,-0.0014222899387756893,0.017197961900718095,0.015906703400413707,-0.017328993339189396,,False
1141069000,서대문구,남가좌1동,2687,0.6046112399205993,0.4880644769384554,0.39538876007940066,424.367,1.2253546315311696,0.7088090423076808,0.6042692588415466,-0.10419780238708154,-0.11620478190309119,-0.10747988686758592,0.003282084480504377,동네 전체가 덜 탐,False
1141070000,서대문구,남가좌2동,5597,0.636100823272856,0.5686030873715467,0.363899176727144,781.3725,0.7595138658940346,0.6342157613539192,0.5195358164264092,0.0018850619189367812,0.04906727094513752,0.04538319889867009,-0.04349813697973331,,False
1141071000,서대문구,북가좌1동,3538,0.5950188294756602,0.4689415163262946,0.40498117052433985,574.7429999999999,1.1155391494346016,0.6862196908181277,0.5629569965495926,-0.09120086134246752,-0.09401548022329803,-0.08695660378786042,-0.004244257554607098,동네 전체가 덜 탐,False
1141072000,서대문구,북가좌2동,7586,0.6840544504251751,0.5831953717759158,0.3159455495748249,988.075,0.9883361736024882,0.7005897416525818,0.5746923713107209,-0.016535291227406712,0.008503000465194921,0.007864577628107657,-0.02439986885551437,,False
1141056500,서대문구,충현동,3948,0.6495236894193348,0.631532668996526,0.35047631058066536,1706.391,0.8289423082327122,0.7247633721826856,0.6252387602368938,-0.0752396827633508,0.006293908759632205,0.005821349090473036,-0.08106103185382384,고령자만 덜 탐,False
1141055500,서대문구,북아현동,2580,0.805575161580333,0.677960463449558,0.19442483841966698,184.14549999999997,1.3182613253833741,0.7525966400276455,0.6444990925550413,0.05297852155268756,0.03346137089451662,0.03094902205639189,0.022029499496295672,,False
1141058500,서대문구,신촌동,2327,0.5881767948762637,0.6033706804559565,0.4118232051237363,2327.4835,1.0036287306172254,0.7098513591946827,0.6412932280758566,-0.12167456431841894,-0.037922547619900104,-0.03507524441908598,-0.08659931989933296,고령자만 덜 탐,False
1141061500,서대문구,연희동,6650,0.6390913606656407,0.5352052835011836,0.3609086393343593,1294.377,0.7273820916321142,0.6227936051373912,0.5309827038472422,0.016297755528249414,0.00422257965394135,0.003905539652175997,0.012392215876073417,,False
1144059000,마포구,용강동,3430,0.6987409715553639,0.6003794080362077,0.30125902844463603,691.7555,1.0858804745658999,0.691569942293085,0.582894004517719,0.007171029262278861,0.017485403518488707,0.016172563307838044,-0.009001534045559183,,False
1144060000,마포구,대흥동,2140,0.7942542376882897,0.7240753490106104,0.20574576231171027,535.953,1.621796614701158,0.755414380311283,0.6470559591380599,0.03883985737700668,0.07701938987255053,0.07123661500449852,-0.032396757627491835,,False
1144061000,마포구,염리동,2356,0.7866780293738839,0.6515707762677891,0.21332197062611613,353.95000000000005,0.8442201874127092,0.717617523990119,0.6204908904876605,0.06906050538376485,0.031079885780128658,0.02874634376312925,0.0403141616206356,,False
1144063000,마포구,신수동,3909,0.6948826123368003,0.5736769001609339,0.30511738766319974,620.098,1.1195617616379128,0.6930378502394045,0.5786230046401306,0.0018447620973958134,-0.0049461044791967446,-0.004574740739177659,0.0064195028365734725,,False
1144066000,마포구,서교동,3624,0.7550071422025423,0.6844010633110756,0.2449928577974578,1116.106,1.4049600504180895,0.6834162348159107,0.5943072055440408,0.07159090738663154,0.09009385776703482,0.08332942484536165,-0.011738517458730113,,False
1144068000,마포구,합정동,2860,0.7064035609801078,0.6166314041830342,0.2935964390198922,577.896,0.9095638743155257,0.6528336053908722,0.5765464098938394,0.05356995558923561,0.040084994289194764,0.03707533012611656,0.01649462546311905,,False
1144069000,마포구,망원1동,3855,0.696415430283109,0.5719950582623297,0.30358456971689096,673.666,0.7576671637562845,0.6578100403987912,0.5522296059423688,0.03860538988431783,0.019765452319960852,0.018281421336065903,0.020323968548251928,,False
1144070000,마포구,망원2동,3524,0.6173114603939762,0.4817504674479979,0.3826885396060237,589.9295,0.6953006420490363,0.6665117176470374,0.5486383690505181,-0.04920025725306121,-0.06688790160252023,-0.06186581979943335,0.01266556254637214,,False
1144071000,마포구,연남동,2587,0.6590884955933635,0.600081909321946,0.3409115044066365,415.7305,0.49678327789137033,0.6098149253015517,0.5215156264808786,0.049273570291811786,0.07856628284106748,0.07266736405397498,-0.02339379376216319,,False
1144072000,마포구,성산1동,3490,0.671920041528687,0.5411414573122222,0.328079958471313,541.6295,0.9515039333341936,0.6934974317812245,0.5755956241001736,-0.021577390252537465,-0.034454166787951435,-0.03186727678361959,0.010289886531082128,,False
1144073000,마포구,성산2동,7234,0.6257727265755432,0.5048781381909846,0.3742272734244568,1293.127,1.3030126281674235,0.697558495343464,0.5859165856269933,-0.07178576876792087,-0.08103844743600874,-0.0749539134251009,0.0031681446571800304,동네 전체가 덜 탐,False
1144074000,마포구,상암동,5075,0.4811156280955559,0.44216441839795406,0.518884371904444,2179.3525,0.9762996778331986,0.6227806296701204,0.5394982826183987,-0.14166500157456446,-0.09733386422044465,-0.09002583666068628,-0.05163916491387818,고령자만 덜 탐,False
1144058500,마포구,도화동,4218,0.7371287330928995,0.6524202362863648,0.26287126690710044,617.799,1.0479435566640851,0.7236908959685213,0.6114056544967549,0.013437837124378182,0.04101458178960993,0.03793512227702361,-0.024497285152645425,,False
1144065500,마포구,서강동,3982,0.716034333054612,0.6381301812212785,0.28396566694538805,663.079,1.1356278675149474,0.6798419048048088,0.6077130222922118,0.03619242824980318,0.030417158929066712,0.028133375812846008,0.008059052436957169,,False
1144056500,마포구,공덕동,6950,0.7655705797730185,0.6558776047845403,0.2344294202269816,916.4765,1.220523019536259,0.7449973815905325,0.6416384204860751,0.02057319818248593,0.014239184298465157,0.013170076931619194,0.007403121250866736,,False
1144055500,마포구,아현동,4179,0.7682464493321087,0.6522785782037245,0.23175355066789136,544.241,1.2853715299973507,0.7475807629241185,0.6427042658944939,0.02066568640799027,0.00957431230923056,0.008855453166197647,0.011810233241792622,,False
1147051000,양천구,목1동,4176,0.6239956062487687,0.5234920183851918,0.37600439375123135,1165.2175000000002,1.131822568859551,0.6383967905175563,0.5548125828893203,-0.014401184268787559,-0.03132056450412857,-0.02896895183143162,0.014567767562644062,,False
1147052000,양천구,목2동,5428,0.608403929487034,0.5070239432301658,0.3915960705129659,863.019,0.6999159945600733,0.6654862158941551,0.5677869103239235,-0.0570822864071211,-0.060762967093757725,-0.056200758024074045,-0.0008815283830470519,,False
1147053000,양천구,목3동,4472,0.5533835453750425,0.4365163797210923,0.44661645462495747,569.1659999999999,0.9737299570727012,0.6725232713194369,0.5627908026467454,-0.11913972594439437,-0.1262744229256531,-0.1167934784442624,-0.0023462475001319733,동네 전체가 덜 탐,False
1147054000,양천구,목4동,4061,0.565418699484895,0.4740516881536859,0.43458130051510496,708.645,0.5341499820940792,0.6207522616054593,0.52527789447451,-0.055333562120564284,-0.051226206320824086,-0.04738003694726892,-0.00795352517329536,,False
1147056000,양천구,신월1동,5424,0.46502304615572837,0.4115395424403661,0.5349769538442716,953.2534999999999,0.43034968513481164,0.5256483997373038,0.44197809995726695,-0.06062535358157545,-0.030438557516900833,-0.028153167750508738,-0.03247218583106671,,True
1147057000,양천구,신월2동,5125,0.47844950757432536,0.4344682889793937,0.5215504924256745,593.1745000000001,0.5554615728606028,0.5525724505923881,0.4608171559631976,-0.07412294301806277,-0.026348866983803898,-0.02437053962951398,-0.04975240338854879,고령자만 덜 탐,False
1147058000,양천구,신월3동,3765,0.4233797104601841,0.3853779833226803,0.576620289539816,402.9214999999999,0.4385023994625168,0.5354189194923155,0.4390451358367128,-0.11203920903213138,-0.05366715251403248,-0.0496377118587428,-0.06240149717338858,고령자만 덜 탐,True
1147059000,양천구,신월4동,4216,0.4806075204368697,0.4350900552549461,0.5193924795631303,439.1305,0.7672739500637499,0.566361353573323,0.478346118355735,-0.08575383313645324,-0.04325606310078889,-0.04000830854178707,-0.045745524594666166,고령자만 덜 탐,True
1147060000,양천구,신월5동,3184,0.5707614406146913,0.4700111496636154,0.42923855938530875,426.8565,0.6964578303374289,0.5362096810426632,0.4478065603286524,0.03455175957202805,0.022204589334963,0.020537422906169948,0.014014336665858104,,True
1147061000,양천구,신월6동,2459,0.47285077442723794,0.4024079430710552,0.5271492255727619,567.0705,0.6435807103224291,0.5534238390558055,0.4522109973921304,-0.08057306462856756,-0.04980305432107518,-0.04606373813904989,-0.03450932648951767,고령자만 덜 탐,False
1147061100,양천구,신월7동,5292,0.48045356122834365,0.41594450559732893,0.5195464387716563,868.711,0.40611368461130043,0.5537008086808477,0.45387016625938126,-0.07324724745250405,-0.03792566066205233,-0.035078123727603716,-0.03816912372490033,고령자만 덜 탐,True
1147062000,양천구,신정1동,3350,0.6392594023511756,0.5286885848402003,0.36074059764882443,533.1535,0.9229692413389151,0.6063107670094898,0.520653516528681,0.032948635341685795,0.008035068311519344,0.007431778787000595,0.025516856554685198,,False
1147063000,양천구,신정2동,3358,0.5652360680405585,0.5121002229599225,0.43476393195944146,688.23,0.7577671712393511,0.624276802831304,0.5287727695582819,-0.059040734790745564,-0.016672546598359372,-0.015420737364152752,-0.04361999742659281,,False
1147064000,양천구,신정3동,9133,0.5795774584359467,0.48950379543604877,0.4204225415640533,1631.1785,0.8165562050427184,0.5554815668276043,0.4591748158575412,0.024095891608342357,0.030328979578507553,0.028051817150053115,-0.003955925541710759,,False
1147067000,양천구,신정6동,3789,0.6117087362989378,0.5565319497090897,0.3882912637010622,558.7985,1.0086765551087913,0.619829823347336,0.5168395747399666,-0.008121087048398201,0.039692374969123145,0.03671218947551478,-0.04483327652391298,,False
1147068000,양천구,신정7동,6339,0.6178407705268709,0.5176441845525982,0.382159229473129,1075.3055,0.9997963504486624,0.6647502320772425,0.5526326208932257,-0.04690946155037157,-0.03498843634062754,-0.032361432274796466,-0.014548029275575101,,False
1147055000,양천구,목5동,6092,0.5599849940674664,0.4835290450625708,0.4400150059325336,1729.455,0.6213258311863151,0.5687342467543655,0.48633212118798036,-0.008749252686899078,-0.002803076125409587,-0.002592615380419549,-0.006156637306479529,,False
1147065000,양천구,신정4동,7451,0.6623064196716,0.5545787887465113,0.3376935803284,1404.9245,1.353370689197583,0.6572759964444962,0.5523757894189331,0.005030423227103786,0.002202999327578281,0.002037593587972501,0.0029928296391312855,,False
1150051000,강서구,염창동,5826,0.5680239921367848,0.48737207121265036,0.4319760078632152,1416.6975000000002,0.9328195198260486,0.6596026321962658,0.5661799790860125,-0.09157864005948102,-0.07880790787336212,-0.07289084737979078,-0.018687792679690243,동네 전체가 덜 탐,False
1150052000,강서구,등촌1동,3741,0.578751578657797,0.4859053378845494,0.421248421342203,875.901,1.2637817798200892,0.6808480181890834,0.5867158615091673,-0.10209643953128633,-0.1008105236246179,-0.093241461296076,-0.008854978235210337,동네 전체가 덜 탐,False
1150053000,강서구,등촌2동,4093,0.4827429831252818,0.40098349450070964,0.5172570168747181,873.7114999999999,0.6423047018850233,0.6257540445442682,0.5302010286019321,-0.1430110614189864,-0.12921753410122244,-0.11951561475404626,-0.023495446664940134,동네 전체가 덜 탐,True
1150053500,강서구,등촌3동,8456,0.6174764912873234,0.48330868795275667,0.38252350871267654,1685.2865000000002,1.0582082189012616,0.6900278138598462,0.5723233901130431,-0.07255132257252284,-0.08901470216028645,-0.08233129447046397,0.009779971897941137,동네 전체가 덜 탐,False
1150059000,강서구,화곡본동,6361,0.700387149454306,0.5876527504512599,0.299612850545694,783.0264999999999,0.5387963381619921,0.5987405553898254,0.5014554984841407,0.10164659406448062,0.08619725196711914,0.07972538425698225,0.02192120980749837,,False
1150055000,강서구,화곡2동,3577,0.6675586416296462,0.5011353490043607,0.3324413583703538,333.9415,0.5524227338790374,0.5950883696828038,0.5010347020820046,0.07247027194684241,0.00010064692235611794,9.309014354871829e-05,0.0723771818032937,,False
1150056000,강서구,화곡3동,5211,0.6757706260708888,0.5784023627815034,0.3242293739291112,910.8544999999999,0.8137296063174532,0.6376652865211836,0.5209161761331054,0.038105339549705186,0.057486186648398,0.053170005022438634,-0.015064665472733448,,False
1150057000,강서구,화곡4동,4868,0.5650178873057884,0.4398998127341987,0.43498211269421155,649.5925,0.3923399959377614,0.6061334841426778,0.5197267232451122,-0.04111559683688937,-0.07982691051091345,-0.07383334119465913,0.032717744357769765,,False
1150059100,강서구,화곡6동,5135,0.5549798729028453,0.48383340842011896,0.4450201270971547,1162.6805,0.6147409433144079,0.5858201955224195,0.4815782524368653,-0.030840322619574145,0.002255155983253654,0.002085834214215022,-0.03292615683378917,,False
1150059300,강서구,화곡8동,5480,0.6771094073943532,0.5358539851558707,0.3228905926056468,1251.388,0.8409526992302913,0.6651717064693393,0.5473901797903465,0.011937700925013894,-0.01153619463447586,-0.010670033314377178,0.022607734239391074,,False
1150060300,강서구,가양1동,4327,0.5624499109169878,0.4877926292676049,0.43755008908301224,1733.7115000000001,0.7141693547812299,0.592971885516428,0.5062736854033192,-0.03052197459944017,-0.01848105613571427,-0.017093460270133986,-0.013428514329306186,,False
1150060400,강서구,가양2동,5059,0.6662308067968171,0.5388896704722318,0.33376919320318293,694.0445,1.0265192480965837,0.6533013637507878,0.5427159615956479,0.012929443046029276,-0.003826291123416148,-0.003539005283019907,0.016468448329049184,,False
1150060500,강서구,가양3동,4236,0.6440307211416815,0.5007270916230009,0.35596927885831864,533.1925,1.258417165983385,0.6805159673998068,0.5683111973257097,-0.036485246258125326,-0.06758410570270879,-0.06250975145783462,0.026024505199709294,,False
1150061100,강서구,발산1동,6293,0.6268698921865724,0.4820242223941055,0.3731301078134275,2004.3555000000001,0.654877088222399,0.5421153127307123,0.453588446365925,0.08475457945586007,0.02843577602818048,0.0263007592325213,0.05845382022333877,,False
1150062000,강서구,공항동,5090,0.5946243298044678,0.45269092018385304,0.4053756701955323,2014.53,0.3473820042541243,0.5360485379668598,0.4108535374473258,0.05857579183760797,0.04183738273652726,0.03869614562942719,0.01987964620818078,,False
1150063000,강서구,방화1동,8660,0.6009774405653584,0.49801301517533625,0.3990225594346416,1710.2064999999998,1.2628941525361992,0.6183627387369309,0.5042687240969721,-0.017385298171572527,-0.00625570892163585,-0.005786017375211677,-0.01159928079636085,,False
1150064000,강서구,방화2동,6021,0.5121638983488449,0.39676290362810895,0.48783610165115515,1904.598,0.5591119488000521,0.5884365041903564,0.4702089986406068,-0.07627260584151152,-0.07344609501249783,-0.06793161050284836,-0.008340995338663157,동네 전체가 덜 탐,False
1150064100,강서구,방화3동,6426,0.48653355627052164,0.3824635648867773,0.5134664437294784,1491.2379999999998,0.8416702749808502,0.5899051056381823,0.4791533252944122,-0.10337154936766069,-0.09668976040763488,-0.08943009349247907,-0.013941455875181613,동네 전체가 덜 탐,False
1150054000,강서구,화곡1동,10702,0.6953992197298803,0.5689611620888586,0.3046007802701196,1329.5125000000003,0.9123975313888016,0.646904035744296,0.5298632474107036,0.04849518398558428,0.039097914678155044,0.03616236249099527,0.01233282149458901,,False
1150061500,강서구,우장산동,7632,0.6852340851925319,0.5638422767804537,0.31476591480746813,962.0229999999999,1.066396509518497,0.6473356766060206,0.5354366975147974,0.03789840858651128,0.028405579265656344,0.026272829705296093,0.011625578881215185,,False
1153051000,구로구,신도림동,5914,0.623507697312335,0.5628957822503644,0.37649230268766487,1467.5365,0.9301191413741025,0.6503174073350895,0.5464917573910686,-0.02680971002275445,0.016404024859295818,0.015172376791864887,-0.04198208681461934,,False
1153052000,구로구,구로1동,3583,0.5012745750662179,0.4233932500033996,0.4987254249337823,606.1045,0.5799067528182893,0.5650715310653099,0.4742393439423028,-0.06379695599909208,-0.050846093938903214,-0.04702846418806961,-0.016768491811022468,동네 전체가 덜 탐,False
1153054000,구로구,구로3동,4132,0.7865852388507807,0.6472831445005919,0.21341476114921926,958.029,0.873652713654994,0.6536828464218776,0.5498427622741591,0.13290239242890312,0.09744038222643281,0.09012435707478177,0.04277803535412135,,False
1153055000,구로구,구로4동,5262,0.745756036278433,0.6196223822616567,0.2542439637215671,551.2735,1.3922985135725154,0.6765769406301586,0.5689545114268765,0.0691790956482744,0.05066787083478019,0.04686362244270747,0.022315473205566934,,False
1153056000,구로구,구로5동,5915,0.6754920872171339,0.5597045886092321,0.32450791278286606,1541.906,1.079995788183499,0.6734808321837558,0.5683162427519223,0.0020112550333781787,-0.008611654142690162,-0.007965073363082442,0.00997632839646062,,False
1153072000,구로구,고척1동,5457,0.5225710232896936,0.4567866499656838,0.4774289767103065,1519.306,0.5904463331535446,0.5383817929540433,0.4569447501306107,-0.01581076966434969,-0.00015810016492689982,-0.00014622967800293117,-0.015664539986346756,,False
1153073000,구로구,고척2동,6523,0.5304035229279581,0.46227293927661534,0.4695964770720419,616.8995,0.4911987836194064,0.590642550218935,0.49689338885404444,-0.060239027290976854,-0.0346204495774291,-0.03202107471782157,-0.028217952573155285,,False
1153075000,구로구,개봉2동,7912,0.5933673939892434,0.4837236839356241,0.4066326060107566,954.6410000000001,0.8420862967703594,0.6376904575075966,0.53144154229418,-0.044323063518353134,-0.047717858358555854,-0.044135102996175776,-0.00018796052217735781,,True
1153076000,구로구,개봉3동,5290,0.603705657148624,0.48702307903842784,0.396294342851376,763.7660000000001,0.38682055370748863,0.5284023837465698,0.43405870523178214,0.07530327340205423,0.052964373806645704,0.04898769922823099,0.026315574173823235,,False
1153077000,구로구,오류1동,4867,0.6201042689983256,0.5383928153123515,0.3798957310016744,866.806,0.9001226077144383,0.6280787921919492,0.5171390426974397,-0.007974523193623573,0.021253772614911792,0.019657995469284113,-0.027632518662907685,,False
1153080000,구로구,항동,2397,0.5899824331905172,0.4951133381048411,0.4100175668094828,333.652,0.4638402500557577,0.5303486659684168,0.4275623626104446,0.05963376722210045,0.06755097549439648,0.062479108733989784,-0.0028453415118893308,,False
1153079000,구로구,수궁동,5736,0.6906000869502305,0.5596843307715822,0.30939991304976955,949.3695000000001,0.6561140415598099,0.5504755170304114,0.43647511968637287,0.14012456991981903,0.12320921108520932,0.11395840903971047,0.026166160880108563,,True
1153059500,구로구,가리봉동,2233,0.7026102739645205,0.5954671417802223,0.2973897260354795,277.22700000000003,1.104649897508669,0.6370705070183694,0.5305019341583643,0.06553976694615105,0.06496520762185798,0.060087485653985674,0.0054522812921653716,,False
1153053000,구로구,구로2동,6506,0.5760860432936193,0.46983059994005943,0.42391395670638066,1712.9724999999999,0.8637170517949584,0.6350370517922521,0.5341001910334061,-0.05895100849863277,-0.06426959109334668,-0.05944409745116656,0.0004930889525337837,,False
1153074000,구로구,개봉1동,8142,0.5797070713624344,0.4696767757129807,0.4202929286375656,1386.2715,0.8930186467085641,0.6123063853807842,0.5049990544857443,-0.03259931401834981,-0.035322278772763616,-0.032670209127607125,7.08951092573129e-05,,False
1154551000,금천구,가산동,3483,0.583347591527737,0.5425731078260052,0.416652408472263,1899.4275,0.9403919339104023,0.6097382617506419,0.5087324764407386,-0.026390670222904977,0.033840631385266606,0.03129980688616893,-0.05769047710907391,,False
1154561000,금천구,독산1동,7621,0.4781222577614221,0.41719234397335214,0.5218777422385779,1572.146,0.8928649648275585,0.6364412074037163,0.5318906357185383,-0.15831894964229426,-0.1146982917451862,-0.10608650710225241,-0.05223244254004185,고령자만 덜 탐,False
1154562000,금천구,독산2동,4483,0.4815757464043259,0.40085116109728264,0.5184242535956741,511.875,0.5850355960264864,0.5401914893129781,0.4550883230566202,-0.058615742908652235,-0.05423716195933759,-0.050164923817592647,-0.008450819091059589,,False
1154563000,금천구,독산3동,5939,0.5778717894465013,0.46534057573068205,0.4221282105534987,701.2645,0.7830045443886451,0.5950663124315193,0.4975468120505447,-0.017194522985018,-0.032206236319862636,-0.029788125577967218,0.012593602592949216,,False
1154564000,금천구,독산4동,3691,0.5570428336916051,0.46626902976289114,0.44295716630839493,544.931,0.70214201519668,0.5433549716301183,0.4444331426712749,0.013687862061486866,0.02183588709161627,0.020196403588774045,-0.006508541527287179,,False
1154567000,금천구,시흥1동,7673,0.4969337993602109,0.39908329935572007,0.503066200639789,1365.2530000000002,0.8332804042799803,0.5627737963248574,0.45632457363857226,-0.06583999696464643,-0.057241274282852195,-0.052943481183141836,-0.012896515781504594,동네 전체가 덜 탐,True
1154568000,금천구,시흥2동,5188,0.5419224413646055,0.4304960027544998,0.4580775586353944,859.3534999999999,0.32416648375906504,0.5927874655947879,0.4759141020258748,-0.050865024230182354,-0.04541809927137502,-0.04200801457120001,-0.008857009658982347,,False
1154569000,금천구,시흥3동,2913,0.35331410211277137,0.2916067370832467,0.6466858978872286,955.2275000000001,0.584948154386934,0.567143126091635,0.46556903233943003,-0.2138290239788636,-0.17396229525618334,-0.16090084682533007,-0.05292817715353354,고령자만 덜 탐,False
1154570000,금천구,시흥4동,5351,0.5227460999619423,0.4443978227703266,0.4772539000380576,677.8009999999999,0.5678141125892132,0.5766574802936713,0.4828251550356379,-0.05391138033172893,-0.03842733226531131,-0.03554212879073375,-0.018369251540995182,,True
1154571000,금천구,시흥5동,5196,0.5181002248873035,0.4317044884010896,0.48189977511269655,714.6405,0.5965400560886597,0.5748381377748767,0.4675528273561265,-0.05673791288757324,-0.03584833895503692,-0.033156771624866736,-0.023581141262706502,,True
1156054000,영등포구,여의동,7182,0.5785373722776891,0.6037996376345129,0.421462627722311,4498.439,1.1654530290634244,0.6643761968554074,0.589962105283869,-0.0858388245777183,0.013837532350643889,0.012798581841615269,-0.09863740641933356,고령자만 덜 탐,False
1156055000,영등포구,당산1동,3876,0.6640822936842264,0.5903572257238361,0.3359177063157735,1062.806,1.3566424726653716,0.6946919194613052,0.5838815884980086,-0.03060962577707871,0.006475637225827446,0.005989433008083012,-0.03659905878516172,,False
1156056000,영등포구,당산2동,5527,0.6686257227980068,0.5964552979088749,0.33137427720199325,1228.8745,1.0880086056820775,0.6519567207650151,0.5591264883714866,0.01666900203299171,0.03732880953738826,0.03452608541812018,-0.017857083385128474,,False
1156061000,영등포구,양평1동,2846,0.5265759265080778,0.4984896427415388,0.47342407349192234,1170.1495,1.1814226584673526,0.6634256088353959,0.5800777495968387,-0.1368496823273181,-0.08158810685529988,-0.075462303279921,-0.06138737904739709,고령자만 덜 탐,False
1156062000,영등포구,양평2동,3243,0.5654595558176269,0.5145828298396895,0.4345404441823732,971.2785,0.8251885030726047,0.6446094046717618,0.5698167969905137,-0.0791498488541349,-0.05523396715082418,-0.05108688681649357,-0.028062962037641324,동네 전체가 덜 탐,False
1156063000,영등포구,신길1동,4097,0.6506362124609272,0.5188316270442452,0.3493637875390729,702.1185,0.9829062735204419,0.6703301606678496,0.5739016559013296,-0.019693948206922385,-0.05507002885708434,-0.05093525734844709,0.031241309141524704,,False
1156065000,영등포구,신길3동,3831,0.5895137211605099,0.5299383726509962,0.4104862788394901,378.486,0.8415170872511667,0.6172788818023713,0.5109682888387281,-0.02776516064186141,0.018970083812268057,0.017545770738690715,-0.04531093138055212,,False
1156066000,영등포구,신길4동,2820,0.6267272313166401,0.5083858357950632,0.37327276868335996,247.4735,0.7624828305126267,0.6366379394608648,0.5334496006053446,-0.009910708144224678,-0.025063764810281386,-0.02318192558143913,0.01327121743721445,,False
1156067000,영등포구,신길5동,2399,0.6086792009887523,0.49207986680050403,0.3913207990112477,283.373,1.0983201816204218,0.6835698687479271,0.5782546794787243,-0.07489066775917486,-0.0861748126782203,-0.07970462975624022,0.004813961997065366,동네 전체가 덜 탐,False
1156068000,영등포구,신길6동,3804,0.7211672800922833,0.6007835501882468,0.2788327199077167,636.446,1.4942186716153552,0.6969956374488968,0.5956242074307224,0.02417164264338645,0.005159342757524388,0.0047719686471445364,0.01939967399624191,,False
1156069000,영등포구,신길7동,3169,0.6412765362275513,0.5555644491544854,0.35872346377244874,475.76650000000006,1.30589203405865,0.6946742067779066,0.5885006220411608,-0.05339767055035527,-0.032936172886675386,-0.03046325699972725,-0.02293441355062802,,False
1156070000,영등포구,대림1동,3726,0.6020256353019365,0.49973098824533474,0.3979743646980636,627.561,0.6680631874320173,0.6263463105883258,0.5241575025007947,-0.02432067528638926,-0.024426514255459997,-0.02259252111445577,-0.0017281541719334909,,False
1156071000,영등포구,대림2동,3177,0.7142852033782224,0.6151706125458987,0.28571479662177746,319.56,1.122361701212692,0.6835302442635752,0.5750747145327539,0.030754959114647207,0.040095898013144726,0.03708541517595172,-0.006330456061304515,,False
1156072000,영등포구,대림3동,5563,0.6792183484041654,0.5301702979350698,0.32078165159583466,886.819,0.7961135642887207,0.660512593934057,0.544826018338233,0.01870575447010836,-0.014655720403163208,-0.013555338645259745,0.03226109311536811,,False
1156051500,영등포구,영등포본동,4929,0.6877842649872857,0.5587293624639265,0.3122157350127143,829.511,1.1726374530546642,0.6634910719126789,0.5540445966990741,0.024293193074606867,0.004684765764852328,0.004333023875277147,0.01996016919932972,,False
1156053500,영등포구,영등포동,3905,0.664310412535341,0.5470798838386883,0.3356895874646591,2305.4325,1.3241343676159332,0.6758945621516192,0.5889693138551275,-0.011584149616278294,-0.04188943001643919,-0.03874428509206449,0.027160135475786197,,False
1156058500,영등포구,도림동,3896,0.6051135565441349,0.5125888884865892,0.3948864434558652,590.296,0.6584375684048388,0.6272213847017492,0.5257158205520789,-0.02210782815761425,-0.01312693206548965,-0.012141334893549524,-0.009966493264064727,,False
1156060500,영등포구,문래동,5327,0.6080819959738041,0.5510872775421789,0.3919180040261959,1731.617,0.9816460632818188,0.6730171900863751,0.5893703622633064,-0.06493519411257098,-0.038283084721127514,-0.03540871165009723,-0.029526482462473753,동네 전체가 덜 탐,False
1159052000,동작구,노량진2동,1811,0.673313095124208,0.5784250786945231,0.32668690487579205,671.0264999999999,0.9343060548722779,0.6356030534053014,0.5610021098178738,0.03771004171890657,0.017422968876649292,0.016114816387860907,0.021595225331045666,,False
1159053000,동작구,상도1동,8625,0.7012916274059136,0.6530763503715074,0.29870837259408634,1272.016,1.232502224307372,0.7236112212635115,0.6091982716532305,-0.022319593857597964,0.04387807871827687,0.040583621941998375,-0.06290321579959635,,False
1159054000,동작구,상도2동,5128,0.7537750589624992,0.631853199117773,0.2462249410375008,772.0825,1.4493516396391537,0.7249358437316976,0.6101881661812613,0.028839215230801574,0.021665032936511786,0.02003837751651825,0.008800837714283322,,False
1159055000,동작구,상도3동,5441,0.7489664345268232,0.6337235956071197,0.25103356547317685,521.8605,0.768087935927967,0.7089563674991245,0.5800015060193203,0.040010067027698715,0.05372208958779934,0.0496885241435438,-0.009678457115845085,,False
1159056000,동작구,상도4동,6317,0.6830402442689698,0.5606579743036529,0.3169597557310302,636.4395,0.506095043696513,0.6785435224742015,0.5448101402682193,0.0044967217947683435,0.01584783403543366,0.014657945923818966,-0.010161224129050623,,False
1159062000,동작구,사당1동,4400,0.8055814755746742,0.693944133937734,0.19441852442532584,743.9245000000001,0.9377312090616248,0.6578470985642235,0.5566785479168745,0.14773437701045067,0.13726558602085948,0.12695940231305064,0.020774974697400028,,False
1159064000,동작구,사당3동,5441,0.6884010352960257,0.5685196969687041,0.31159896470397425,576.3685,0.9845951567920155,0.702630586097275,0.5740690058803659,-0.014229550801249324,-0.005549308911661832,-0.005132655336990345,-0.00909689546425898,,False
1159065000,동작구,사당4동,3265,0.7017093079625071,0.6018339558155211,0.2982906920374929,440.567,0.6252028181531484,0.7213715102087799,0.592486448608543,-0.019662202246272797,0.009347507206978078,0.008645677059467227,-0.028307879305740025,,False
1159065100,동작구,사당5동,2777,0.7057504610650843,0.572204433100778,0.29424953893491573,384.91149999999993,0.9167236372898603,0.7128825454198863,0.5954304918199436,-0.007132084354801949,-0.02322605871916561,-0.02148219825925616,0.01435011390445421,,False
1159066000,동작구,대방동,6235,0.7139025358622623,0.5971128583953181,0.2860974641377377,980.7155,1.2594603259005501,0.6884191208781296,0.5912964640651839,0.025483414984132646,0.005816394330134256,0.005379687430603648,0.020103727553529,,False
1159067000,동작구,신대방1동,4757,0.6941819316635378,0.5971135186559209,0.3058180683364623,715.8545,0.9477843078910664,0.6902549937681751,0.5851963935114873,0.003926937895362692,0.011917125144433549,0.011022362774870533,-0.007095424879507841,,False
1159068000,동작구,신대방2동,4005,0.7457932765485917,0.6493843902988815,0.2542067234514083,1002.0585000000001,1.4812996433672752,0.7235592189099342,0.6058347136111994,0.02223405763865749,0.04354967668768206,0.04027987701414462,-0.018045819375487132,,False
1159060500,동작구,흑석동,5843,0.640999165496757,0.5761742234739824,0.359000834503243,1356.8415,0.8050980395643741,0.6935098913334878,0.5610059431682495,-0.05251072583673089,0.015168280305732917,0.014029414491699484,-0.06654014032843036,,False
1159051000,동작구,노량진1동,6855,0.6912681611279375,0.6367454982586092,0.3087318388720625,883.7665,1.1224509233531192,0.6978468284462986,0.5965698285398628,-0.006578667318361098,0.04017566971874631,0.03715919745713567,-0.043737864775496765,,False
1159063000,동작구,사당2동,6554,0.7425992791207121,0.6013890605497284,0.2574007208792878,1464.1805,0.6189225673534647,0.6761209796275274,0.5821276038458126,0.06647829949318473,0.01926145670391577,0.01781526675182978,0.04866303274135496,,False
1162052500,관악구,보라매동,5312,0.748460214206379,0.639525063945866,0.25153978579362096,584.748,0.934139927763322,0.7101003402568938,0.59389206189321,0.038359873949485146,0.04563300205265597,0.04220678200780058,-0.003846908058315432,,False
1162054500,관악구,청림동,3158,0.7232451737379694,0.544349111186597,0.27675482626203063,222.4785,0.4976958525345622,0.6760890408776307,0.5468061030722072,0.047156132860338706,-0.0024569918856102158,-0.0022725158601492788,0.04942864872048799,,False
1162057500,관악구,행운동,5064,0.739612919065864,0.6471347538336815,0.260387080934136,513.306,0.9819706789898804,0.7320405208095566,0.6086021849557202,0.0075723982563074,0.038532568877961304,0.0356394640211495,-0.0280670657648421,,False
1162058500,관악구,낙성대동,2279,0.731274951504123,0.664976659817907,0.268725048495877,586.0505,0.7443529083009167,0.6681452963962228,0.5663506104759839,0.06312965510790025,0.0986260493419231,0.09122100185435536,-0.02809134674645511,,False
1162061500,관악구,중앙동,2709,0.7951739300228136,0.6857757264044936,0.2048260699771865,321.512,1.0442114308951134,0.6839563126274141,0.580687775501616,0.11121761739539948,0.10508795090287759,0.09719773049965383,0.014019886895745653,,False
1162062500,관악구,인헌동,4802,0.7871518590573029,0.6709083070784988,0.21284814094269713,522.3635,0.574776595185534,0.6927950022987528,0.5687484869095314,0.0943568567585501,0.10215982016896741,0.09448944986902862,-0.00013259311047851552,,False
1162063000,관악구,남현동,3422,0.7665914520328779,0.6201239554169544,0.233408547967122,759.2059999999999,0.5845323524289594,0.6601617746205746,0.5446820602479652,0.10642967741230336,0.07544189516898925,0.06977756186144991,0.036652115550853445,,False
1162064500,관악구,서원동,3912,0.8277054911147064,0.743331931461511,0.17229450888529357,395.89099999999996,1.56423062962176,0.7328003240013021,0.6163361122673694,0.09490516711340424,0.1269958191941416,0.11746071079093555,-0.022555543677531306,,False
1162065500,관악구,신원동,3690,0.7754290274913903,0.6888791183349765,0.2245709725086098,226.36899999999997,0.727250920912255,0.6800469018115345,0.5766136573362499,0.09538212567985582,0.11226546099872659,0.10383633831302372,-0.008454212633167896,,False
1162066500,관악구,서림동,4311,0.7306993377745956,0.6261327021241231,0.2693006622254044,434.801,1.1070815510440388,0.7192232468665434,0.6101168154448416,0.011476090908052239,0.016015886679281444,0.014813380828069477,-0.003337289920017238,,False
1162068500,관악구,신사동,4127,0.7638984238985556,0.6747995942005354,0.23610157610144444,358.69849999999997,0.8386799223898749,0.6681127105616929,0.5687590194002168,0.0957857133368627,0.10604057480031859,0.09807882942731846,-0.0022931160904557657,,False
1162069500,관악구,신림동,2222,0.8029928339482811,0.7006929148321107,0.19700716605171883,398.96000000000004,1.6463232854928576,0.7015203095148819,0.5947942262525789,0.10147252443339927,0.10589868857953177,0.09794759631704118,0.0035249281163580864,,False
1162071500,관악구,난향동,3310,0.688578609844726,0.5291685552562124,0.3114213901552739,352.7495,0.5459741904429939,0.5841202832157488,0.4909286029837642,0.10445832662897714,0.03823995227244825,0.035368817674750884,0.06908950895422625,,True
1162072500,관악구,조원동,3574,0.6395377223757829,0.5523609313713111,0.3604622776242171,906.6030000000001,0.9446801419611218,0.6702668890994044,0.5656285655977211,-0.03072916672362147,-0.013267634226409974,-0.012271472845620662,-0.018457693878000808,,False
1162073500,관악구,대학동,3674,0.703958932637605,0.6173509849678434,0.29604106736239494,663.5725,0.6467952864863675,0.5856475272137882,0.49222292793532035,0.1183114054238168,0.125128057032523,0.11573318407010114,0.0025782213537156595,,False
1162060500,관악구,은천동,6879,0.7452447952935106,0.6357970335226137,0.2547552047064895,690.16,0.9675482249853531,0.7073117001829883,0.5846221128382731,0.03793309511052234,0.0511749206843406,0.047332601942298345,-0.009399506831776004,,False
1162056500,관악구,성현동,6512,0.7432459804979932,0.5867874444938507,0.2567540195020068,553.926,0.4413542606924421,0.666715076118244,0.5362920380194869,0.07653090437974919,0.05049540647436379,0.04670410706268031,0.02982679731706888,,False
1162059500,관악구,청룡동,5446,0.8248827761732391,0.7003187188675921,0.1751172238267608,769.7915,1.0570646209534729,0.7118226082631803,0.6124613882364491,0.1130601679100588,0.08785733063114298,0.08126082078617236,0.031799347123886434,,False
1162077500,관악구,난곡동,6480,0.6970255338440614,0.603443741330788,0.30297446615593854,492.8675,0.44234158519920014,0.6426896327700298,0.5166873921506827,0.054335901074031634,0.08675634918010533,0.0802425032964539,-0.025906602222422262,,False
1162074500,관악구,삼성동,6432,0.7311706303957732,0.6143258932552677,0.2688293696042269,770.9365,0.771896193179258,0.604765455654506,0.4921696010202746,0.12640517474126722,0.12215629223499302,0.11298454551147484,0.013420629229792383,,True
1162076500,관악구,미성동,7209,0.6610832937219283,0.5811111500581875,0.33891670627807174,1000.3435000000001,0.6509502067346397,0.5939577046071168,0.49982338375356505,0.06712558911481148,0.08128776630462242,0.07518451291811401,-0.008058923803302531,,True
1165051000,서초구,서초1동,3655,0.7228550519621214,0.6236395603792152,0.2771449480378785,1229.8604999999998,0.8181226923295617,0.648752916516641,0.5683862218534252,0.07410213544548039,0.05525333852578995,0.05110480374861713,0.022997331696863257,,False
1165052000,서초구,서초2동,3478,0.7243576967676475,0.6695622650803227,0.27564230323235245,1156.2069999999999,1.0166998322869132,0.6735725396752233,0.5669266618950237,0.05078515709242415,0.10263560318529896,0.09492951011380822,-0.04414435302138407,,False
1165053000,서초구,서초3동,5857,0.7199799164256624,0.6169803538768753,0.28002008357433766,2994.6220000000003,1.0891000222349096,0.6798900801164859,0.6046635631397148,0.04008983630917651,0.012316790737160521,0.011392020649423275,0.028697815659753233,,False
1165053100,서초구,서초4동,4955,0.7413270490737749,0.6695403693496699,0.2586729509262252,1278.493,1.0662794469999257,0.6794887496475981,0.5737816237702738,0.0618382994261768,0.09575874557939612,0.08856898118046944,-0.026730681754292634,,False
1165054000,서초구,잠원동,5283,0.6543744787515183,0.5371938732297947,0.3456255212484817,1198.5035000000003,1.004707453865305,0.6597041342438549,0.5719446118926689,-0.005329655492336549,-0.03475073866287415,-0.032141581429631354,0.026811925937294805,,False
1165055000,서초구,반포본동,396,0.5481689409159346,0.3547924082992238,0.45183105908406546,337.462,1.0589576887372785,0.6559698604250935,0.5780109026016439,-0.10780091950915893,-0.22321849430242008,-0.20645878871305534,0.09865786920389641,동네 전체가 덜 탐,False
1165056000,서초구,반포1동,4633,0.6719073188856914,0.5492115025119398,0.3280926811143085,1071.9595,1.2757648063799778,0.6635179181673327,0.5617303482847997,0.008389400718358697,-0.012518845772859888,-0.01157890497571636,0.019968305694075057,,False
1165057000,서초구,반포2동,4084,0.6304966232511984,0.4577992230824248,0.36950337674880174,1042.1985,1.1380799763286842,0.6860321944720067,0.5850484951394165,-0.05553557122080832,-0.12724927205699166,-0.1176951338893594,0.06215956266855108,,False
1165058000,서초구,반포3동,3765,0.6784344090477612,0.5469353608611995,0.32156559095223874,1061.493,1.0767333580135143,0.6674041997261257,0.5774140873020986,0.011030209321635454,-0.030478726440899107,-0.02819032070872803,0.03922053003036348,,False
1165058100,서초구,반포4동,3340,0.6457111998579353,0.5868409974422423,0.35428880014206454,3478.4309999999996,0.8081138608784345,0.6589571266252843,0.5800105049946771,-0.013245926767348926,0.006830492447565173,0.006317644966852055,-0.01956357173420098,,False
1165059000,서초구,방배본동,3630,0.6156318344922267,0.488393475651049,0.38436816550777336,744.7335,0.6754593331613149,0.6174115783400553,0.5226766315999265,-0.001779743847828641,-0.034283155948877486,-0.031709105791550375,0.029929361943721734,,False
1165060000,서초구,방배1동,3465,0.7265400814157785,0.6389187396245134,0.27345991858422153,716.1985,1.3412251036176024,0.7145743837792494,0.6080015688626428,0.011965697636529105,0.030917170761870616,0.028595845724514835,-0.01663014808798573,,False
1165061000,서초구,방배2동,4095,0.7443217572558136,0.6015052327912827,0.2556782427441864,1167.923,0.8928726213001719,0.6486866042950178,0.5806178721266566,0.09563515296079583,0.020887360664626042,0.019319094485015786,0.07631605847578005,,False
1165062000,서초구,방배3동,3388,0.6960737651970619,0.5917627512195772,0.3039262348029382,820.5595,0.8385962308887209,0.5835329660281487,0.508763500790641,0.11254079916891313,0.08299925042893619,0.07676749527946225,0.03577330388945088,,False
1165062100,서초구,방배4동,4388,0.6402506633800955,0.54425237220552,0.35974933661990444,1019.587,1.0106882379183248,0.6959469110943555,0.6005542029715008,-0.05569624771425996,-0.05630183076598072,-0.0520745730258507,-0.0036216746884092585,,False
1165065100,서초구,양재1동,8735,0.5807544373987918,0.49682002426520366,0.4192455626012081,3192.8935,0.5408173318985052,0.5656997616513487,0.48952555380240736,0.015054675747443125,0.007294470462796299,0.0067467865543959825,0.008307889193047143,,False
1165065200,서초구,양재2동,3712,0.4435189318399158,0.376736495734871,0.5564810681600841,3526.1025,0.4685588556698528,0.5312842495078968,0.4198603937204897,-0.08776531766798096,-0.04312389798561872,-0.03988606665643869,-0.047879251011542265,고령자만 덜 탐,False
1165066000,서초구,내곡동,3971,0.3877734258594816,0.2636484906032116,0.6122265741405184,2290.7345,0.32008419039480535,0.5585689816352909,0.45762595031845005,-0.1707955557758093,-0.19397745971523844,-0.17941323139732973,0.008617675621520438,동네 전체가 덜 탐,True
1168051000,강남구,신사동,3298,0.6192466639553569,0.5695707223818012,0.380753336044643,1452.53,0.8560668401135245,0.6418282193815869,0.5560028395498116,-0.02258155542622997,0.01356788283198962,0.012549178165757683,-0.03513073359198765,,False
1168052100,강남구,논현1동,3339,0.6819070970300629,0.6161851844926015,0.3180929029699371,1231.9560000000001,1.1389004853435438,0.6883569648902608,0.6048102576236367,-0.006449867860197855,0.011374926868964796,0.010520873865784328,-0.01697074172598218,,False
1168053100,강남구,논현2동,3470,0.6798916089332683,0.6218899054358793,0.32010839106673167,1364.8255,1.1360248173460046,0.6774188746099059,0.593603323623698,0.002472734323362369,0.028286581812181244,0.02616276682640613,-0.023690032503043763,,False
1168058000,강남구,삼성1동,2725,0.6746726585619649,0.6602283783081945,0.32532734143803504,1642.9535,1.106959651597196,0.6313564476688602,0.5563264295770153,0.04331621089310467,0.1039019487311792,0.09610077582058425,-0.052784564927479585,,False
1168059000,강남구,삼성2동,4424,0.7782840614820399,0.6487002755319949,0.22171593851796018,1072.243,1.1787021258834611,0.659632081244055,0.5713521909524599,0.11865198023798484,0.07734808457953501,0.07154063063399412,0.04711134960399073,,False
1168060000,강남구,대치1동,3098,0.6734532185147388,0.5725287938859772,0.32654678148526123,1086.6444999999999,1.5043065612216302,0.6687404195115428,0.5730492228711671,0.004712799003195989,-0.0005204289851898913,-0.00048135410208393595,0.0051941531052799245,,False
1168063000,강남구,대치4동,2370,0.7681463645354087,0.6425569593261483,0.23185363546459126,943.6384999999999,0.9512373594029178,0.684659792939713,0.5943504576647433,0.08348657159569572,0.048206501661405055,0.04458705795059954,0.03889951364509618,,False
1168064000,강남구,역삼1동,4267,0.7534241123871337,0.6553880057511503,0.24657588761286636,2735.5505000000003,1.0741911021894417,0.6572287148587065,0.5867356948883323,0.0961953975284272,0.06865231086281798,0.06349775356824393,0.03269764396018328,,False
1168065000,강남구,역삼2동,4219,0.6645940336920421,0.5942363033250536,0.33540596630795794,1817.603,1.0798604725823218,0.6923363059760707,0.5940716787633503,-0.02774227228402859,0.0001646245617032971,0.00015226420959381888,-0.027894536493622408,,False
1168065500,강남구,도곡1동,3580,0.6903775823670057,0.5788047032704945,0.3096224176329943,1784.0774999999999,0.974856676390197,0.6447845945666646,0.5537569475422245,0.045592987800341156,0.025047755728270005,0.02316711849437044,0.022425869305970715,,False
1168065600,강남구,도곡2동,5734,0.6190708732939197,0.5339339816348534,0.3809291267060802,1348.7069999999999,1.359088815427598,0.6886239787856727,0.5891240749597558,-0.06955310549175298,-0.055190093324902434,-0.051046307128039356,-0.01850679836371362,동네 전체가 덜 탐,False
1168066000,강남구,개포1동,4649,0.5573215542758063,0.4079758798504357,0.4426784457241937,1103.9535,0.6447060710994328,0.5585039673933615,0.464054660617517,-0.001182413117555181,-0.05607878076708128,-0.05186827008155776,0.05068585696400258,,False
1168069000,강남구,개포4동,4292,0.5464444163785886,0.39559633651526843,0.45355558362141135,1062.9955,0.6958719773667195,0.5546022715291632,0.46557481664370065,-0.008157855150574544,-0.06997848012843222,-0.06472435130631599,0.05656649615574144,,False
1168072000,강남구,일원본동,4066,0.48395636410412174,0.4494217077406182,0.5160436358958782,2054.009,0.9060530277336439,0.6298095230697092,0.5253423845097263,-0.14585315896558743,-0.07592067676910808,-0.07022039555015275,-0.07563276341543468,고령자만 덜 탐,False
1168073000,강남구,일원1동,3910,0.5314265265401728,0.41762059903745413,0.46857347345982725,756.1745,0.3153132899806765,0.5116633949247541,0.44682056892066874,0.01976313161541865,-0.029199969883214605,-0.027007575834547787,0.046770707449966434,,False
1168067500,강남구,개포3동,3805,0.6545496912778771,0.5155239812985195,0.3454503087221229,725.679,0.6174453706742846,0.6063004395903795,0.49801916058807966,0.04824925168749761,0.01750482071043985,0.016190522616913082,0.032058729070584525,,False
1168075000,강남구,수서동,5559,0.5596994890581943,0.5026223995692464,0.4403005109418057,2983.268,0.6928698641218635,0.5541574415111205,0.44749902081905873,0.005542047547073881,0.055123378750187635,0.05098460162138692,-0.04544255407431304,,True
1168070000,강남구,세곡동,8473,0.45225101878701374,0.35733454401710124,0.5477489812129861,2714.048,0.4285944049719889,0.5364465412524557,0.43453482591809267,-0.08419552246544199,-0.07720028190099143,-0.07140392528582834,-0.012791597179613645,동네 전체가 덜 탐,False
1168054500,강남구,압구정동,5698,0.618067717158083,0.5621033349557069,0.38193228284191716,2254.6005000000005,0.8709572045826856,0.6501357490723332,0.5648139900685342,-0.03206803191425023,-0.0027106551128273093,-0.002507133528348996,-0.029560898385901233,,False
1168056500,강남구,청담동,4984,0.6135465612047216,0.543812485277232,0.38645343879527844,1868.5445,0.7930989998648427,0.6664107033036586,0.578964905754508,-0.05286414209893697,-0.03515242047727596,-0.03251310414377127,-0.020351037955165706,,False
1168061000,강남구,대치2동,6420,0.6206575710217986,0.5993564521029989,0.3793424289782015,1775.3384999999998,1.1618423192626957,0.6441367870805899,0.543792730381583,-0.02347921605879122,0.05556372172141588,0.051391882732847706,-0.07487109879163892,,False
1168067000,강남구,개포2동,5873,0.6012918574944257,0.47148741966585744,0.39870814250557424,1334.4924999999998,1.1369921644728145,0.6438226814843435,0.5412223292118272,-0.04253082398991781,-0.06973490954596978,-0.06449906850625732,0.02196824451633951,,False
1171051000,송파구,풍납1동,3075,0.6128790665557838,0.48888199291542334,0.3871209334442162,526.715,0.6341513055818315,0.6045600601469637,0.506049376730572,0.008319006408820107,-0.017167383815148707,-0.015878421180665073,0.02419742758948518,,False
1171052000,송파구,풍납2동,4730,0.3955846368897945,0.41791321550579014,0.6044153631102056,3665.399,0.47272798293417984,0.5787288224650136,0.47025142623134447,-0.18314418557521905,-0.052338210725554335,-0.04840854976454985,-0.13473563581066922,고령자만 덜 탐,False
1171053100,송파구,거여1동,3127,0.6147051886792453,0.48183095386515923,0.38529481132075466,571.7774999999999,1.0486165747513625,0.6071289903386837,0.48914408004721216,0.007576198340561557,-0.007313126182052931,-0.006764041563719166,0.014340239904280724,,False
1171053200,송파구,거여2동,5372,0.6267578717219795,0.486248810800467,0.37324212827802056,803.19,1.0770006596772999,0.6190211035731021,0.4979250404588093,0.00773676814887736,-0.011676229658342308,-0.010799554219422351,0.01853632236829971,,False
1171054000,송파구,마천1동,4422,0.5034855179185076,0.40541697838585633,0.4965144820814924,528.4565,1.1810342653912127,0.6260354155656951,0.5102916567900077,-0.12254989764718749,-0.10487467840415132,-0.09700047094062653,-0.025549426706560963,동네 전체가 덜 탐,False
1171055000,송파구,마천2동,5181,0.5681058208075825,0.43826169756855893,0.4318941791924174,761.9759999999999,0.6159337955816648,0.5453414503510898,0.4458107986303834,0.02276437045649271,-0.0075491010618244925,-0.006982298962133206,0.029746669418625915,,False
1171056100,송파구,방이1동,2843,0.5876416973039216,0.4943364569999529,0.4123583026960785,732.19,0.8999914768887642,0.6001107823199237,0.486535355697536,-0.01246908501600208,0.007801101302416902,0.007215378504178765,-0.019684463520180846,,False
1171056200,송파구,방이2동,4371,0.6784806979519746,0.5930872468017865,0.32151930204802537,1030.7015000000001,1.2622660547846776,0.6438213760963413,0.5370412464480018,0.03465932185563336,0.05604600035378471,0.051837950889396404,-0.017178629033763042,,False
1171056600,송파구,오륜동,3659,0.5997412736287913,0.42773375963209337,0.4002587263712087,1462.7215,0.6164049775066087,0.5591527612319822,0.4483817761157849,0.04058851239680905,-0.020648016483691523,-0.019097720759529084,0.059686233156338135,,False
1171057000,송파구,오금동,8345,0.5781464730695592,0.46730150858160996,0.42185352693044087,1808.172,0.8860446342514181,0.5913774749305812,0.4847249078711265,-0.013231001861021996,-0.017423399289516528,-0.016115214484441094,0.002884212623419098,,False
1171058000,송파구,송파1동,4164,0.7011968061627909,0.6006749678404234,0.29880319383720905,753.1085,1.26503819175673,0.6337159350212407,0.5296244187893835,0.06748087114155021,0.07105054905103991,0.06571592707995516,0.001764944061595053,,False
1171059000,송파구,송파2동,3141,0.6150909900146098,0.5089215647248823,0.38490900998539035,535.7485,0.798597395807394,0.5981592497767003,0.48669644844613363,0.016931740237909443,0.022225116278748624,0.020556408644619648,-0.0036246684067102047,,False
1171060000,송파구,석촌동,5542,0.6742731334469279,0.5704704743784754,0.32572686655307215,1091.2565,1.0991308625406073,0.6503151111402861,0.5383875684376335,0.02395802230664179,0.032082905940841955,0.029674055098530893,-0.005716032791889102,,False
1171061000,송파구,삼전동,4868,0.6650984990777303,0.518750459237777,0.33490150092226967,794.5229999999999,0.9344805094299228,0.6440618436088588,0.5382891401196701,0.021036655468871568,-0.019538680881893145,-0.018071676365943732,0.039108331834815296,,False
1171062000,송파구,가락본동,4928,0.5706073548494313,0.4563970796761417,0.42939264515056885,1893.9609999999998,1.0605825603636156,0.6132173903285201,0.503752815992936,-0.042610035479088815,-0.047355736316794295,-0.04380016982523923,0.0011901343461504163,,False
1171063100,송파구,가락1동,4661,0.5101702255006018,0.39608393103916567,0.48982977449939835,2317.6815,0.6191615602940064,0.5750819514106711,0.4624960169991783,-0.06491172591006933,-0.06641208596001263,-0.061425729378118396,-0.003485996531950933,동네 전체가 덜 탐,False
1171063200,송파구,가락2동,4959,0.6237549641446578,0.501810106508264,0.3762450358553422,934.806,1.120543384491393,0.6057308121287553,0.4889087548062975,0.01802415201590246,0.01290135170196649,0.011932691569635046,0.006091460446267415,,False
1171064100,송파구,문정1동,3951,0.5521700126035406,0.4746270907262693,0.4478299873964594,872.8454999999999,1.0125180980412705,0.6222044021518487,0.4987760718869831,-0.0700343895483081,-0.02414898116071379,-0.022335825777682023,-0.047698563770626076,고령자만 덜 탐,False
1171064200,송파구,문정2동,4823,0.5563978700808306,0.4508956539886457,0.44360212991916925,2405.956,0.6933050746852434,0.5916046944357066,0.4825198741087629,-0.03520682435487599,-0.03162422012011723,-0.029249808356599287,-0.0059570159982767,,False
1171065000,송파구,잠실본동,4561,0.6904935913718969,0.592522878077365,0.3095064086281031,1071.02,0.7819935882132725,0.6191095789224617,0.5300394896401548,0.07138401244943526,0.06248338843721024,0.0577920065796891,0.013592005869746161,,False
1171069000,송파구,잠실4동,5414,0.6438019339192458,0.5156351736181529,0.35619806608075427,968.424,1.1091370550139568,0.6501554714239095,0.5416439132002416,-0.00635353750466372,-0.026008739582088714,-0.024055949695621238,0.017702412190957518,,False
1171071000,송파구,잠실6동,3385,0.6816692173648807,0.6348574762332599,0.31833078263511944,1353.4715,1.4021188636602486,0.6516163358854115,0.5436550950391741,0.030052881479469273,0.09120238119408586,0.08435471804395717,-0.05430183656448789,,False
1171072000,송파구,잠실7동,2494,0.6421646445899862,0.5606835571501826,0.3578353554100137,559.915,0.5430903636403159,0.6413788559714917,0.5367067357104759,0.0007857886184945428,0.023976821439706697,0.022176592164108114,-0.02139080354561357,,False
1171067000,송파구,잠실2동,4436,0.6375419849099209,0.5342412593602724,0.3624580150900791,1124.8870000000002,0.6467422930025544,0.6275530325099996,0.5391566170471925,0.009988952399921258,-0.0049153576869200855,-0.004546302479569785,0.014535254879491043,,False
1171068000,송파구,잠실3동,6947,0.6749996247171756,0.5458812118255916,0.32500037528282444,1580.4765,0.8805205026864309,0.6270416021126077,0.5209691947192412,0.04795802260456783,0.02491201710635038,0.0230415714085401,0.024916451196027728,,False
1171064600,송파구,장지동,6085,0.5964967292051055,0.4568013234594543,0.40350327079489445,1133.0504999999998,0.9410298167832193,0.5972149555535257,0.4855920603331475,-0.0007182263484201146,-0.028790736873693212,-0.026629068884614165,0.02591084253619405,,False
1171064700,송파구,위례동,4739,0.46589700039076554,0.3685919263721091,0.5341029996092345,1380.48,0.6707632944391836,0.5485550272554092,0.44175982465270847,-0.08265802686464363,-0.07316789828059939,-0.06767430135617046,-0.01498372550847317,동네 전체가 덜 탐,False
1174052600,강동구,상일제2동,2323,0.5458610117070911,0.3651392862511101,0.4541389882929089,636.2435,0.40785701632463556,0.5688905083262623,0.4508520004014763,-0.023029496619171197,-0.08571271415036624,-0.07927722654027917,0.05624772992110798,,False
1174052500,강동구,상일제1동,6213,0.5598659947735571,0.45781859766343924,0.4401340052264429,1878.1165,0.6252101265596793,0.5601063787937464,0.4415134110083133,-0.00024038402018922156,0.016305186655125925,0.01508095956420523,-0.015321343584394452,,False
1174053000,강동구,명일1동,5167,0.666826266092337,0.5643241065712554,0.3331737339076631,1070.5715,1.3782530506871014,0.624128635918125,0.5115840539530798,0.04269763017421202,0.052740052618175604,0.04878022053790588,-0.006082590363693859,,False
1174054000,강동구,명일2동,3323,0.676599701875049,0.520840388309604,0.32340029812495097,772.9065,0.9725792659914845,0.5807282357823214,0.4844917676204652,0.09587146609272768,0.0363486206891388,0.03361949117308663,0.062251974919641045,,False
1174055000,강동구,고덕1동,3562,0.5288847105040863,0.4043852700225433,0.47111528949591375,740.646,0.48930770453876493,0.5088663991719244,0.41979501198062613,0.02001831133216181,-0.015409741958082812,-0.014252746704474255,0.03427105803663606,,False
1174056000,강동구,고덕2동,4139,0.6259140911940648,0.45813209047025516,0.37408590880593523,857.135,0.4705549595237263,0.5036738411293301,0.3960373273878443,0.12224025006473471,0.06209476308241085,0.05743256001919775,0.06480769004553696,,False
1174058000,강동구,암사2동,2969,0.5946510193266316,0.49268900508781543,0.40534898067336833,587.4285,0.49482565558061964,0.6350277270076413,0.527306866984512,-0.04037670768100976,-0.03461786189669658,-0.032018681325503055,-0.008358026355506705,,False
1174059000,강동구,암사3동,3384,0.5509894786902064,0.46762507288983524,0.4490105213097936,672.2370000000001,0.48895047641572853,0.5727373634886483,0.4560905983468607,-0.02174788479844192,0.011534474542974515,0.010668442370898444,-0.03241632716934036,,False
1174060000,강동구,천호1동,6345,0.6401221115119429,0.5016198742877203,0.3598778884880572,784.7015,0.752154031168657,0.5977815837976658,0.4631893903483899,0.0423405277142771,0.03843048393933035,0.035545043830557954,0.0067954838837191445,,False
1174062000,강동구,천호3동,5970,0.6607940346892747,0.5468046934420524,0.3392059653107254,873.2805000000001,0.6731419169090193,0.6005629516911672,0.4927935852500748,0.06023108299810742,0.05401110819197763,0.04995584263397921,0.010275240364128212,,False
1174064000,강동구,성내1동,3839,0.5731989065286583,0.49124793787393856,0.42680109347134176,993.046,0.898222403791933,0.6073100931166687,0.4987895172550384,-0.03411118658801038,-0.007541579381099839,-0.006975342024732695,-0.027135844563277684,,False
1174065000,강동구,성내2동,5374,0.6781683531307137,0.5873768725568423,0.32183164686928634,967.1535,1.0342615105644852,0.6268535036398353,0.5066409668311439,0.05131484949087839,0.08073590572569844,0.0746740871712726,-0.023359237680394204,,False
1174066000,강동구,성내3동,4856,0.5988218752265472,0.4668961716047275,0.4011781247734529,1386.2335,0.8836372669307736,0.6168139828368313,0.49811915920343,-0.017992107610284136,-0.031222987598702456,-0.028878701201600968,0.010886593591316832,,False
1174069000,강동구,둔촌1동,5115,0.5403452128574444,0.4429387067830557,0.4596547871425557,1177.229,0.6389818669189495,0.6147562227597916,0.4982216959768101,-0.07441100990234717,-0.055282989193754406,-0.051132228183190104,-0.023278781719157066,동네 전체가 덜 탐,False
1174070000,강동구,둔촌2동,5468,0.5534967332199318,0.4668261355918661,0.4465032667800683,1686.767,0.756323765930208,0.5932537776835055,0.4830368539634664,-0.039757044463573754,-0.01621071837160032,-0.014993584154522224,-0.02476346030905153,,False
1174057000,강동구,암사1동,7788,0.5968774569074059,0.3966249822674348,0.40312254309259404,1572.8339999999998,0.6160064305595522,0.617899770756982,0.49490087179119663,-0.02102231384957609,-0.09827588952376182,-0.09089713275856431,0.06987481890898822,,True
1174061000,강동구,천호2동,7768,0.6862097313798362,0.5317733000576251,0.31379026862016374,1589.5625,0.7041100787855704,0.629266903149809,0.5304611929980305,0.056942828230027165,0.0013121070595946138,0.0012135913515245664,0.0557292368785026,,True
1174068500,강동구,길동,10662,0.5861350904950351,0.4768837420896719,0.41386490950496496,3953.2670000000003,0.9060547873759746,0.6204821670658901,0.5061220442469864,-0.034347076570855006,-0.02923830215731449,-0.027043030042336488,-0.007304046528518519,,False
1153078000,구로구,오류2동,8742,0.6593538309946093,0.5375557442687444,0.3406461690053907,1684.3025,0.7799706946753441,0.5887745309618475,0.48341848464800546,0.0705793000327618,0.05413725962073895,0.05007252235291503,0.020506777679846773,,True
1174051500,강동구,강일동,7278,0.611859537082998,0.4286276478389668,0.38814046291700205,1441.5169999999998,0.6390184958288272,0.5408276210938051,0.4365998624440667,0.0710319159891929,-0.007972214605099892,-0.007373644266677628,0.07840556025587052,,False
1123053300,동대문구,용두동,4833,0.7959193402182105,0.5842567657986903,0.20408065978178955,841.2265,1.502986195092293,0.7019861786015023,0.5844772801136408,0.09393316161670828,-0.00022051431495040408,-0.00020395764473202086,0.0941371192614403,,False
