adm_cd10,gu,dong,pop_total,pop_20_59,pop_60_64,pop_65_69,pop_65_plus,pop_70_plus,subway_general,bus_routes_general,subway_elderly,bus_routes_elderly,a_bus_general,a_bike_general,mci_general,a_bus_elderly,a_bike_elderly,mci_elderly,share_blind_elderly,share_blind_general,n_points,elderly_share,mci_gap,blind_elderly_pop,area_km2,lisa_mci,lisa_mci_p,lisa_bv,lisa_bv_p,priority
1111053000,종로구,사직동,8828,5197,640,647,2033,1386,0.8089887640449438,19.49438202247191,0.5168539325842697,11.617977528089888,0.8507223113964686,0.8539325842696629,2.5136436597110756,0.6019261637239165,0.07126902334711126,1.1900491196552974,0.29213483146067415,0.06741573033707865,89,0.23028998640688716,1.3235945400557783,593.9101123595506,1.1649098759920558,HH,0.002,HH,0.002,False
1111054000,종로구,삼청동,2029,1053,167,178,610,432,0.34782608695652173,5.1521739130434785,0.13043478260869565,2.760869565217391,0.48447204968944096,0.9565217391304348,1.7888198757763976,0.2826086956521739,0.07771985589513042,0.490763334156,0.8478260869565217,0.043478260869565216,46,0.30064070970921636,1.2980565416203975,517.1739130434783,1.3604262034549683,LL,0.024,HL,0.024,True
1111055000,종로구,부암동,8862,5044,710,665,2061,1396,0.0,6.711538461538462,0.0,4.826923076923077,0.6881868131868132,0.5673076923076923,1.2554945054945057,0.5467032967032966,0.03881171463745657,0.5855150113407532,0.6153846153846154,0.38461538461538464,104,0.23256601218686526,0.6699794941537525,1268.3076923076924,2.2004328126325805,LL,0.02,HL,0.02,True
1111056000,종로구,평창동,16921,8974,1428,1431,4192,2761,0.0,4.157635467980295,0.0,2.9014778325123154,0.5270935960591133,0.3103448275862069,0.8374384236453202,0.3750879662209711,0.0181795054628368,0.39326747168380793,0.7881773399014779,0.5665024630541872,203,0.24773949530169612,0.44417095196151224,3304.039408866995,9.010589589477746,LL,0.008,HL,0.008,True
1111057000,종로구,무악동,7696,4134,557,545,1670,1125,1.0,15.85,0.75,8.5,0.7642857142857143,0.8,2.564285714285714,0.5071428571428571,0.06342943077892901,1.320572287921786,0.25,0.0,20,0.216995841995842,1.243713426363928,417.5,0.4672272699720023,ns,0.288,ns,0.288,False
1111058000,종로구,교남동,9476,5710,576,611,1851,1240,0.7741935483870968,22.838709677419356,0.3225806451612903,14.064516129032258,0.8387096774193549,0.7419354838709677,2.3548387096774195,0.6497695852534562,0.0520828170618772,1.0244330474766237,0.3548387096774194,0.06451612903225806,31,0.19533558463486703,1.3304056622007958,656.8064516129033,0.34573273987935604,HH,0.039,LH,0.039,False
1111060000,종로구,가회동,3500,1947,269,265,897,632,0.42,5.24,0.22,3.26,0.4828571428571429,0.88,1.7828571428571427,0.35142857142857137,0.06919574266792257,0.6406243140964939,0.74,0.12,50,0.2562857142857143,1.142232828760649,663.78,0.6049297315794192,ns,0.239,ns,0.239,False
1111061500,종로구,종로1·2·3·4가동,6561,3735,585,633,1886,1253,0.8881987577639752,25.124223602484474,0.7639751552795031,15.888198757763975,0.9165927240461402,0.9751552795031055,2.7799467613132207,0.7506654835847383,0.09956737299007491,1.6142080118543163,0.09316770186335403,0.024844720496894408,161,0.2874561804602957,1.1657387494589044,175.7142857142857,2.392370238806137,ns,0.063,ns,0.063,False
1111063000,종로구,종로5·6가동,5400,3519,386,396,1162,766,0.9076923076923077,24.953846153846154,0.6153846153846154,14.138461538461538,1.0,1.0,2.9076923076923076,0.8703296703296703,0.10822923853187888,1.5939435242461646,0.06153846153846154,0.0,65,0.21518518518518517,1.313748783446143,71.50769230769231,0.6329863658382087,HH,0.001,LH,0.001,False
1111064000,종로구,이화동,7044,4557,508,450,1506,1056,0.6923076923076923,18.246153846153845,0.36923076923076925,10.923076923076923,0.7956043956043957,0.8615384615384616,2.3494505494505495,0.5978021978021978,0.06919574266792257,1.0362287097008895,0.24615384615384617,0.015384615384615385,65,0.21379897785349233,1.31322183974966,370.70769230769235,0.7553330273385118,ns,0.124,ns,0.124,False
1111067000,종로구,창신1동,4328,2260,468,528,1375,847,1.0,22.875,0.96875,13.40625,0.8973214285714286,1.0,2.897321428571429,0.6071428571428571,0.08649467833490321,1.6623875354777604,0.03125,0.0,32,0.31769870609981515,1.2349338930936684,42.96875,0.31359491036272136,HH,0.001,HH,0.001,False
1111068000,종로구,창신2동,7048,3713,845,734,2093,1359,0.9545454545454546,8.863636363636363,0.4090909090909091,3.090909090909091,0.38311688311688313,0.45454545454545453,1.7922077922077924,0.1818181818181818,0.020968406869067445,0.6118774977781584,0.5909090909090909,0.045454545454545456,22,0.2969636776390465,1.180330294429634,1236.7727272727273,0.24970546410318614,LH,0.011,HH,0.011,False
1111069000,종로구,창신3동,6031,3371,557,548,1513,965,1.0,2.111111111111111,0.7222222222222222,1.3888888888888888,0.30158730158730157,0.8888888888888888,2.1904761904761907,0.1984126984126984,0.07688415851991397,0.9975190791548345,0.2777777777777778,0.0,18,0.25087050240424474,1.1929571113213562,420.27777777777777,0.22022852015588884,HH,0.026,HH,0.026,False
1111070000,종로구,숭인1동,5654,3202,551,478,1442,964,1.0,11.904761904761905,0.9047619047619048,6.380952380952381,0.5986394557823129,0.9523809523809523,2.5510204081632657,0.4013605442176871,0.07688415851991397,1.3830066074995058,0.09523809523809523,0.0,21,0.2550406791651928,1.16801380066376,137.33333333333331,0.23694847522064974,HH,0.002,HH,0.002,False
1111071000,종로구,숭인2동,10244,7059,743,668,1936,1268,1.0,23.233333333333334,0.9,12.833333333333334,0.9285714285714286,0.9666666666666667,2.895238095238095,0.6761904761904761,0.09994940607588815,1.6761398822663645,0.1,0.0,30,0.18898867629832097,1.2190982129717307,193.60000000000002,0.3212220207636619,HH,0.002,LH,0.002,False
1111051500,종로구,청운효자동,10592,6140,736,667,2303,1636,0.208955223880597,5.507462686567164,0.06716417910447761,2.9776119402985075,0.6172707889125799,0.582089552238806,1.408315565031983,0.373134328358209,0.036147029751899845,0.47644553721458643,0.7313432835820896,0.30597014925373134,134,0.21742824773413896,0.9318700278173966,1684.2835820895523,2.436487240540309,ns,0.102,ns,0.102,False
1111065000,종로구,혜화동,15721,10315,921,823,2890,2067,0.47572815533980584,11.233009708737864,0.22330097087378642,6.592233009708738,0.6490984743411928,0.7378640776699029,1.8626907073509016,0.4188626907073509,0.058222954995663004,0.7003866165768003,0.6796116504854369,0.23300970873786409,103,0.18383054513071687,1.1623040907741014,1964.0776699029127,1.1638162876068414,ns,0.499,ns,0.499,False
1114052000,중구,소공동,2205,1529,97,102,287,185,1.0,36.141176470588235,0.7764705882352941,19.470588235294116,0.946218487394958,1.0,2.9462184873949577,0.7378151260504202,0.0963313280278922,1.6106170423136064,0.09411764705882353,0.0,85,0.13015873015873017,1.3356014450813514,27.011764705882353,0.9349575505269423,HH,0.001,LH,0.001,False
1114054000,중구,회현동,4032,2017,363,426,1335,909,1.0,37.620253164556964,0.8860759493670886,21.126582278481013,0.9674502712477396,0.9240506329113924,2.8915009041591317,0.8426763110307414,0.07737076711814127,1.8061230275159714,0.10126582278481013,0.0,79,0.33110119047619047,1.0853778766431603,135.18987341772151,0.8923067378413776,HH,0.006,HH,0.006,False
1114055000,중구,명동,2479,1366,214,228,752,524,1.0,26.77319587628866,0.8762886597938144,13.969072164948454,0.9617083946980854,0.9278350515463918,2.889543446244477,0.8188512518409425,0.08798084119289123,1.783120752827648,0.041237113402061855,0.0,97,0.30334812424364666,1.106422693416829,31.010309278350515,1.0060965133688775,HH,0.001,HH,0.001,False
1114057000,중구,필동,4331,2775,255,309,978,669,0.8088235294117647,6.0,0.4411764705882353,3.838235294117647,0.5336134453781513,0.6470588235294118,1.9894957983193275,0.37184873949579833,0.05257519663494117,0.8656004067189748,0.5,0.19117647058823528,68,0.2258138997921958,1.1238953916003527,489.0,1.4774120605323273,LH,0.001,HH,0.001,False
1114058000,중구,장충동,4553,2949,257,270,968,698,0.7678571428571429,5.678571428571429,0.6071428571428571,3.142857142857143,0.6989795918367346,0.6785714285714286,2.145408163265306,0.4413265306122449,0.05766311888993547,1.1061325066450374,0.375,0.23214285714285715,56,0.21260707226004832,1.0392756566202686,363.0,1.0023286325580558,ns,0.064,ns,0.064,False
1114059000,중구,광희동,5709,3756,386,435,1284,849,1.0,15.484848484848484,0.9242424242424242,9.757575757575758,1.0,1.0,3.0,0.8549783549783551,0.09086309643262559,1.8700838756534048,0.015151515151515152,0.0,66,0.22490803993694167,1.1299161243465952,19.454545454545457,0.75217266429299,HH,0.001,HH,0.001,False
1114060500,중구,을지로동,3039,2126,164,189,523,334,1.0,12.854545454545455,0.9636363636363636,6.763636363636364,0.987012987012987,1.0,2.987012987012987,0.7636363636363637,0.0943578309108035,1.8216305581835306,0.01818181818181818,0.0,55,0.17209608423823627,1.1653824288294563,9.509090909090908,0.5990795640581272,HH,0.001,LH,0.001,False
1114065000,중구,신당5동,9957,6072,803,724,2191,1467,0.9333333333333333,9.966666666666667,0.6333333333333333,7.4,0.780952380952381,0.7666666666666667,2.480952380952381,0.6619047619047619,0.034597871333961285,1.3298359665720565,0.3,0.0,30,0.22004619865421313,1.1511164143803245,657.3,0.31541338349049863,ns,0.052,ns,0.052,False
1114067000,중구,황학동,13134,8906,805,825,2409,1584,0.967741935483871,7.354838709677419,0.4838709677419355,4.387096774193548,0.6820276497695852,0.8387096774193549,2.488479262672811,0.41013824884792627,0.05580301828058271,0.9498122348704444,0.5161290322580645,0.0,31,0.18341708542713567,1.5386670278023664,1243.3548387096773,0.31463978353461863,HH,0.001,LH,0.001,False
1114068000,중구,중림동,11956,7198,813,771,2375,1604,0.9318181818181818,13.659090909090908,0.5909090909090909,6.7727272727272725,0.8896103896103896,0.8863636363636364,2.707792207792208,0.6136363636363636,0.07601047490036948,1.280555929445824,0.29545454545454547,0.0,44,0.19864503178320508,1.427236278346384,701.7045454545455,0.49194205490958354,HH,0.003,LH,0.003,False
1114061500,중구,신당동,7236,4500,567,594,1747,1153,1.0,9.314814814814815,0.9814814814814815,5.018518518518518,0.8809523809523809,0.9259259259259259,2.806878306878307,0.6058201058201058,0.06193446102993069,1.649236048331518,0.018518518518518517,0.0,54,0.2414317302377004,1.157642258546789,32.35185185185185,0.5409454115659112,HH,0.001,HH,0.001,False
1114062500,중구,다산동,12813,7520,1023,1081,3272,2191,1.0,5.833333333333333,0.8333333333333334,3.462962962962963,0.7566137566137565,0.7222222222222222,2.478835978835979,0.4761904761904762,0.04912043460994503,1.3586442441337547,0.16666666666666666,0.0,54,0.25536564426754077,1.1201917347022243,545.3333333333333,0.5462744947372122,HH,0.014,HH,0.014,False
1114063500,중구,약수동,15562,8306,1271,1337,4486,3149,1.0,6.476190476190476,0.7857142857142857,3.642857142857143,0.7789115646258503,0.6904761904761905,2.4693877551020407,0.47959183673469385,0.049425530477087545,1.314731652926067,0.21428571428571427,0.0,42,0.28826628967998974,1.1546561021759736,961.2857142857142,0.5115524741859799,ns,0.083,ns,0.083,False
1114064500,중구,청구동,10605,5971,788,905,2774,1869,1.0,4.633333333333334,0.6666666666666666,2.533333333333333,0.6333333333333333,0.4666666666666667,2.1,0.3619047619047619,0.023065247555974187,1.0516366761274027,0.3333333333333333,0.0,30,0.26157472890146155,1.0483633238725973,924.6666666666666,0.32981672624273667,HH,0.008,HH,0.008,False
1114066500,중구,동화동,9694,5201,861,839,2422,1583,0.9354838709677419,4.612903225806452,0.4838709677419355,2.193548387096774,0.5898617511520737,0.9032258064516129,2.428571428571429,0.31336405529953915,0.05952321949928823,0.8567582425407629,0.5161290322580645,0.03225806451612903,31,0.24984526511244068,1.5718131860306659,1250.0645161290322,0.34467335821569484,LH,0.021,HH,0.021,False
1117051000,용산구,후암동,15584,9468,1147,1120,3385,2265,0.36923076923076925,4.815384615384615,0.015384615384615385,2.4307692307692306,0.6021978021978022,0.7538461538461538,1.7252747252747251,0.34725274725274724,0.04790474492394639,0.41054210756130904,0.9846153846153847,0.2,65,0.21720995893223818,1.3147326177134162,3332.923076923077,0.8600475741937448,LH,0.03,HH,0.03,False
1117052000,용산구,용산2가동,8352,5079,560,667,2151,1484,0.06976744186046512,4.767441860465116,0.06976744186046512,2.9302325581395348,0.6411960132890365,0.3488372093023256,1.0598006644518272,0.4152823920265781,0.018774038708351082,0.5038238725953943,0.8837209302325582,0.4418604651162791,43,0.25754310344827586,0.5559767918564329,1900.8837209302326,1.9850010893006074,ns,0.313,ns,0.313,False
1117053000,용산구,남영동,7004,4172,763,670,1716,1046,0.9705882352941176,22.044117647058822,0.8382352941176471,12.985294117647058,0.9096638655462185,0.9558823529411765,2.8361344537815127,0.6932773109243697,0.0847987042499051,1.616311309291922,0.08823529411764706,0.0,68,0.24500285551113649,1.2198231444895908,151.41176470588238,1.163940979976406,ns,0.274,ns,0.274,False
1117057000,용산구,원효로2동,13318,8132,994,906,2642,1736,0.18461538461538463,6.138461538461539,0.0,4.0,0.7978021978021977,0.7692307692307693,1.7516483516483516,0.5626373626373626,0.06742149285592455,0.6300588554932871,0.8307692307692308,0.16923076923076924,65,0.19837813485508335,1.1215894961550645,2194.892307692308,0.7946101102567453,ns,0.11,ns,0.11,False
1117058000,용산구,효창동,10383,6636,699,622,1820,1198,0.8275862068965517,8.0,0.6206896551724138,5.310344827586207,0.9261083743842364,0.896551724137931,2.6502463054187193,0.7241379310344828,0.07555856957991544,1.420386155786812,0.3103448275862069,0.06896551724137931,29,0.17528652605220071,1.2298601496319073,564.8275862068965,0.4175164584381234,HH,0.047,LH,0.047,False
1117059000,용산구,용문동,11023,6649,767,777,2504,1727,1.0,8.535714285714286,0.6071428571428571,5.285714285714286,0.8520408163265306,0.6785714285714286,2.5306122448979593,0.6530612244897959,0.05354432468351151,1.3137484063161646,0.35714285714285715,0.0,28,0.22716138982128278,1.2168638385817947,894.2857142857143,0.267886600544677,HH,0.044,HH,0.044,False
1117063000,용산구,이촌1동,24925,13766,1672,1563,4895,3332,0.5869565217391305,6.217391304347826,0.29347826086956524,3.6956521739130435,0.7934782608695652,0.9239130434782609,2.3043478260869565,0.5031055900621118,0.07521276376948105,0.8717966147011581,0.6739130434782609,0.05434782608695652,92,0.1963891675025075,1.4325512113857983,3298.804347826087,2.8910464373949414,ns,0.245,ns,0.245,False
1117064000,용산구,이촌2동,7682,4312,594,641,1931,1290,0.0,4.829787234042553,0.0,3.595744680851064,0.5349544072948328,0.6595744680851063,1.1945288753799392,0.39209726443768994,0.044167495319950574,0.43626475975764056,0.8723404255319149,0.3404255319148936,47,0.25136683155428274,0.7582641156222987,1684.4893617021278,1.1759484172776884,ns,0.349,ns,0.349,False
1117065000,용산구,이태원1동,5361,3162,431,461,1373,912,0.9615384615384616,6.884615384615385,0.75,4.326923076923077,0.8681318681318682,0.7692307692307693,2.598901098901099,0.6071428571428571,0.04657405756494788,1.403716914707805,0.11538461538461539,0.0,52,0.2561089349002052,1.195184184193294,158.42307692307693,0.533146849881252,HL,0.008,HL,0.008,False
1117066000,용산구,이태원2동,8333,5192,568,574,1876,1302,0.46153846153846156,4.4423076923076925,0.15384615384615385,2.3461538461538463,0.5824175824175823,0.38461538461538464,1.4285714285714286,0.33516483516483514,0.022178122649975183,0.5111891116609641,0.8076923076923077,0.3076923076923077,52,0.2251290051602064,0.9173823169104645,1515.2307692307693,0.8910425277386025,ns,0.359,ns,0.359,False
1117069000,용산구,서빙고동,12130,6887,866,877,2468,1591,0.5555555555555556,4.546296296296297,0.3055555555555556,2.8796296296296298,0.6441798941798942,0.7962962962962963,1.996031746031746,0.4113756613756614,0.050188270144943835,0.7671194870761608,0.6388888888888888,0.1111111111111111,108,0.20346248969497113,1.2289122589555852,1576.7777777777776,2.8411379823266993,ns,0.428,ns,0.428,False
1117070000,용산구,보광동,4990,2836,506,442,1263,821,0.14285714285714285,4.071428571428571,0.0,2.5357142857142856,0.5816326530612245,0.2857142857142857,1.010204081632653,0.36224489795918363,0.01647517682569585,0.3787200747848795,1.0,0.5357142857142857,56,0.2531062124248497,0.6314840068477734,1263.0,0.8722553313315305,ns,0.214,ns,0.214,False
1117055500,용산구,청파동,18790,12467,1313,1231,3685,2454,0.7727272727272727,7.7727272727272725,0.3522727272727273,3.659090909090909,0.6444805194805195,0.5568181818181818,1.974025974025974,0.39285714285714285,0.03538418659155131,0.7805140567214214,0.6022727272727273,0.19318181818181818,88,0.1961149547631719,1.1935119173045527,2219.375,0.922136994668397,LH,0.001,LH,0.001,False
1117056000,용산구,원효로1동,17082,11880,989,825,2303,1478,1.0,10.627450980392156,0.5294117647058824,7.490196078431373,0.9131652661064426,0.9215686274509803,2.834733893557423,0.7787114845938375,0.0814067560799089,1.3895300053796287,0.21568627450980393,0.0,51,0.1348202786558951,1.4452038881777944,496.72549019607845,0.5635029004120549,HH,0.035,LH,0.035,False
1117062500,용산구,한강로동,20844,13654,1467,1320,3603,2283,0.764102564102564,11.605128205128205,0.5333333333333333,6.220512820512821,0.7611721611721611,0.8358974358974359,2.361172161172161,0.4717948717948718,0.07037857587592124,1.0755067810041263,0.37435897435897436,0.041025641025641026,195,0.17285549798503166,1.2856653801680349,1348.8153846153846,2.822665507879862,ns,0.404,ns,0.404,False
1117068500,용산구,한남동,13658,8276,890,894,2771,1877,0.74,9.23,0.375,4.9,0.7678571428571429,0.605,2.112857142857143,0.47214285714285714,0.04094081441185418,0.8880836715547114,0.49,0.17,200,0.2028847561868502,1.2247734713024316,1357.79,3.192493570187362,ns,0.176,ns,0.176,False
1120052000,성동구,왕십리2동,15603,9515,1155,1044,3049,2005,0.9354838709677419,6.774193548387097,0.45161290322580644,4.096774193548387,0.6313364055299538,0.9032258064516129,2.4700460829493087,0.4377880184331797,0.06324342071799374,0.9526443423769799,0.5161290322580645,0.0,31,0.19541113888354802,1.5174017405723288,1573.6774193548388,0.33411812617312486,HH,0.011,LH,0.011,False
1120054000,성동구,마장동,21406,13107,1540,1556,4628,3072,0.897196261682243,7.214953271028038,0.616822429906542,4.037383177570093,0.7182910547396529,0.9158878504672897,2.5313751668891857,0.472630173564753,0.06898017960665177,1.1584327830779468,0.205607476635514,0.009345794392523364,107,0.21620106512192844,1.372942383811239,951.5514018691589,1.1264012389282738,HH,0.007,LH,0.007,False
1120055000,성동구,사근동,12097,8895,513,504,1674,1170,0.9897959183673469,4.887755102040816,0.5918367346938775,2.7448979591836733,0.532069970845481,0.7040816326530612,2.2259475218658893,0.3483965014577259,0.05413272385585779,0.9943659600074612,0.3979591836734694,0.01020408163265306,98,0.13838141688021824,1.231581561858428,666.1836734693877,1.153272277464664,ns,0.144,ns,0.144,False
1120056000,성동구,행당1동,15720,9885,1010,950,2772,1822,0.9473684210526315,15.491228070175438,0.543859649122807,9.666666666666666,0.9398496240601504,0.9649122807017544,2.8521303258145365,0.7944862155388471,0.07890742584938538,1.4172532905110395,0.17543859649122806,0.0,57,0.1763358778625954,1.434877035303497,486.31578947368416,0.5661893909852452,HH,0.029,LH,0.029,False
1120057000,성동구,행당2동,22193,12876,1509,1524,4578,3054,1.0,7.4186046511627906,0.7906976744186046,5.0,0.7242524916943521,0.9069767441860465,2.6312292358803986,0.5348837209302325,0.05095810506552437,1.3765395004143615,0.06976744186046512,0.0,43,0.20628125985671159,1.2546897354660371,319.3953488372093,0.4791692100700522,ns,0.105,ns,0.105,False
1120058000,성동구,응봉동,14349,8426,952,865,2736,1871,1.0,6.930232558139535,0.627906976744186,4.116279069767442,0.7275747508305648,0.8372093023255814,2.564784053156146,0.49169435215946844,0.05632211612505325,1.1759234450287077,0.2558139534883721,0.0,43,0.19067530838385952,1.3888606081274384,699.9069767441861,0.5626168404267784,ns,0.104,ns,0.104,False
1120059000,성동구,금호1가동,14233,8140,1009,1081,3144,2063,0.7058823529411765,6.529411764705882,0.2647058823529412,4.264705882352941,0.8109243697478992,0.9411764705882353,2.457983193277311,0.5714285714285714,0.06444701522992788,0.9005814690114405,0.6176470588235294,0.0,34,0.22089510292981102,1.5574017242658704,1941.8823529411766,0.4073449072007683,ns,0.109,ns,0.109,False
1120062000,성동구,금호4가동,13682,7909,893,993,2937,1944,0.45454545454545453,8.236363636363636,0.23636363636363636,5.3090909090909095,0.7116883116883117,0.8363636363636363,2.0025974025974027,0.5714285714285714,0.060808379920295585,0.8686005877125035,0.509090909090909,0.09090909090909091,55,0.21466159918140623,1.1339968148848993,1495.1999999999998,0.7785405875286016,ns,0.182,ns,0.182,False
1120065000,성동구,성수1가1동,14723,9053,1299,1193,2871,1678,0.5581395348837209,4.6395348837209305,0.37209302325581395,3.1511627906976742,0.6561461794019934,0.5813953488372093,1.7956810631229234,0.45016611295681064,0.05095810506552437,0.873217241278149,0.627906976744186,0.36046511627906974,86,0.1950010188141004,0.9224638218447744,1802.7209302325582,1.8637715447554148,ns,0.455,ns,0.455,False
1120066000,성동구,성수1가2동,14274,9189,919,987,2604,1617,0.9529411764705882,4.976470588235294,0.49411764705882355,3.1058823529411765,0.6638655462184874,0.788235294117647,2.405042016806723,0.43529411764705883,0.06919574266792257,0.998607507373805,0.47058823529411764,0.011764705882352941,85,0.18242959226565783,1.406434509432918,1225.4117647058824,0.9763236307860386,ns,0.24,ns,0.24,False
1120067000,성동구,성수2가1동,13222,7511,1327,1344,3316,1972,0.24096385542168675,5.807228915662651,0.04819277108433735,3.5421686746987953,0.6884681583476764,0.5060240963855421,1.4354561101549053,0.4561101549053356,0.020842091165036918,0.5251450171547098,0.8433734939759037,0.26506024096385544,83,0.2507941309937982,0.9103110930001954,2796.6265060240967,1.1496102213840906,ns,0.412,ns,0.412,False
1120069000,성동구,성수2가3동,9303,5770,688,694,2060,1366,0.7475728155339806,5.135922330097087,0.3786407766990291,2.941747572815534,0.6657420249653259,0.970873786407767,2.384188626907074,0.39389736477115117,0.08285574364767427,0.8553938851178545,0.5145631067961165,0.0,103,0.22143394603891217,1.5287947417892194,1060.0,1.045369780363546,ns,0.382,ns,0.382,False
1120072000,성동구,송정동,8993,5453,774,790,2058,1268,0.03773584905660377,5.188679245283019,0.0,3.0377358490566038,0.6630727762803234,0.9433962264150944,1.6442048517520216,0.42048517520215634,0.0783348030202897,0.498819978222446,0.9245283018867925,0.05660377358490566,53,0.22884465695540976,1.1453848735295755,1902.6792452830189,0.5871846353672013,ns,0.395,ns,0.395,False
1120079000,성동구,용답동,13198,9008,837,829,2517,1688,0.5467980295566502,3.394088669950739,0.3497536945812808,1.6059113300492611,0.33849401829697395,0.6108374384236454,1.4961294862772696,0.17452498240675582,0.0386314491085282,0.5629101260965648,0.6305418719211823,0.22660098522167488,203,0.19071071374450674,0.9332193601807048,1587.0738916256157,2.370920767926215,ns,0.197,ns,0.197,False
1120053500,성동구,왕십리도선동,25536,15744,1760,1607,4651,3044,0.8695652173913043,11.565217391304348,0.4492753623188406,7.594202898550725,0.9523809523809523,0.9565217391304348,2.778467908902692,0.7515527950310559,0.07688415851991397,1.2777123158698103,0.4057971014492754,0.0,69,0.18213502506265664,1.5007555930328815,1887.3623188405797,0.721297512873441,HH,0.003,LH,0.003,False
1120061500,성동구,금호2·3가동,20552,12223,1470,1432,4331,2899,0.8,6.45,0.5666666666666667,3.9166666666666665,0.7452380952380953,0.8333333333333334,2.3785714285714286,0.4928571428571429,0.05766311888993547,1.117186928413745,0.3,0.0,60,0.21073374854028806,1.2613845001576836,1299.3,0.6652291552691337,ns,0.161,ns,0.161,False
1120064500,성동구,옥수동,25115,14669,1656,1727,4949,3222,0.8148148148148148,6.864197530864198,0.6172839506172839,4.111111111111111,0.7142857142857143,0.6419753086419753,2.1710758377425043,0.4973544973544973,0.041289640686620464,1.1559280886584018,0.24691358024691357,0.07407407407407407,81,0.1970535536531953,1.0151477490841025,1221.9753086419753,1.92726602751927,ns,0.319,ns,0.319,False
1121571000,광진구,화양동,22936,18622,787,747,2544,1797,0.7264150943396226,8.481132075471699,0.4339622641509434,5.028301886792453,0.765498652291105,0.8773584905660378,2.3692722371967654,0.5134770889487871,0.06963093601803529,1.0170702891177659,0.4811320754716981,0.0,106,0.11091733519358214,1.3522019480789995,1224.0,1.1770994610045444,ns,0.485,ns,0.485,False
1121573000,광진구,군자동,18500,12201,1223,1240,3638,2398,0.7945205479452054,10.698630136986301,0.3835616438356164,6.657534246575342,0.9843444227005871,0.9863013698630136,2.7651663405088063,0.7729941291585127,0.09320887710975871,1.249764650103888,0.3013698630136986,0.0,73,0.19664864864864864,1.5154016904049183,1096.3835616438355,0.7339232778678463,ns,0.348,ns,0.348,False
1121574000,광진구,중곡1동,14801,9592,1056,1131,3120,1989,0.625,10.5,0.23214285714285715,6.125,0.9668367346938777,0.6964285714285714,2.2882653061224487,0.75,0.043247339167451604,1.0253901963103087,0.5535714285714286,0.07142857142857142,56,0.210796567799473,1.26287510981214,1727.1428571428573,0.5903594627425996,ns,0.411,ns,0.411,False
1121575000,광진구,중곡2동,19652,12145,1596,1555,4187,2632,0.7678571428571429,8.946428571428571,0.30357142857142855,5.339285714285714,0.9591836734693878,0.42857142857142855,2.155612244897959,0.6836734693877551,0.02265336813533179,1.0098982660945155,0.4107142857142857,0.05357142857142857,56,0.21305719519641766,1.1457139788034434,1719.6607142857142,0.5440883835570042,ns,0.184,ns,0.184,False
1121576000,광진구,중곡3동,15180,9029,1265,1324,3633,2309,0.8103448275862069,8.39655172413793,0.4827586206896552,5.603448275862069,0.9679802955665026,0.8275862068965517,2.605911330049261,0.7758620689655172,0.0556747354799377,1.31429542513511,0.41379310344827586,0.0,58,0.23932806324110673,1.2916159049141511,1503.3103448275863,0.6022719878138388,ns,0.395,ns,0.395,False
1121577000,광진구,중곡4동,26753,15340,2466,2446,6687,4241,0.5,4.846153846153846,0.20512820512820512,3.0,0.6245421245421245,0.3333333333333333,1.4578754578754578,0.4084249084249084,0.020699581139976837,0.6342526946930904,0.7564102564102564,0.3974358974358974,78,0.2499532762680821,0.8236227631823674,5058.115384615385,2.2828851059917157,ns,0.091,ns,0.091,False
1121578000,광진구,능동,10593,7264,584,638,1925,1287,0.9736842105263158,9.973684210526315,0.5789473684210527,5.921052631578948,0.9172932330827067,0.5526315789473685,2.443609022556391,0.6541353383458647,0.03338391093627843,1.2664666177031958,0.21052631578947367,0.0,38,0.181723779854621,1.177142404853195,405.2631578947368,1.0825451685645922,ns,0.416,ns,0.416,False
1121585000,광진구,구의1동,23264,15937,1465,1460,3982,2522,0.5178571428571429,7.517857142857143,0.30357142857142855,4.75,0.8163265306122449,0.8928571428571429,2.2270408163265305,0.5637755102040816,0.06384131019957141,0.9311882489750817,0.375,0.03571428571428571,56,0.17116574965612105,1.295852567351449,1493.25,0.5518942221515633,ns,0.331,ns,0.331,False
1121586000,광진구,구의2동,24773,14409,1941,1906,5463,3557,0.5376344086021505,4.989247311827957,0.26881720430107525,3.075268817204301,0.5714285714285714,0.6129032258064516,1.7219662058371736,0.3855606758832565,0.03720201218705514,0.6915798923713868,0.6129032258064516,0.16129032258064516,93,0.22052234287328948,1.0303863134657867,3348.2903225806454,1.3796682996011072,ns,0.29,ns,0.29,False
1121587000,광진구,구의3동,27367,16491,1896,1884,5225,3341,0.7435897435897436,5.717948717948718,0.4230769230769231,3.1538461538461537,0.6684981684981685,0.8333333333333334,2.2454212454212454,0.412087912087912,0.06653436794992554,0.9016992031147607,0.5641025641025641,0.038461538461538464,78,0.1909233748675412,1.3437220423064846,2947.4358974358975,1.449379885231852,ns,0.176,ns,0.176,False
1121581000,광진구,광장동,32833,18903,1989,1674,4714,3040,0.4909090909090909,2.4060606060606062,0.2545454545454545,1.4363636363636363,0.3437229437229437,0.7393939393939394,1.574025974025974,0.20519480519480518,0.04752838890321954,0.5072686486434792,0.7454545454545455,0.1696969696969697,165,0.14357506167575304,1.066757325382495,3514.072727272727,2.753708879958014,LL,0.013,LL,0.013,False
1121582000,광진구,자양1동,21417,13778,1534,1533,4329,2796,0.48148148148148145,7.37037037037037,0.12962962962962962,4.703703703703703,0.7804232804232805,0.9629629629629629,2.2248677248677247,0.5582010582010581,0.07474848744991636,0.7625791752806043,0.7222222222222222,0.037037037037037035,54,0.20212914974086008,1.4622885495871203,3126.5,0.5645864061556856,ns,0.244,ns,0.244,False
1121583000,광진구,자양2동,26254,16036,1779,1870,5082,3212,0.2727272727272727,4.418181818181818,0.17272727272727273,2.4272727272727272,0.4935064935064935,0.8636363636363636,1.6298701298701297,0.3116883116883117,0.07129258335482931,0.5557081677704138,0.7636363636363637,0.10909090909090909,110,0.19357050354231736,1.074161962099716,3880.8,1.6298661931777447,ns,0.422,ns,0.422,False
1121584000,광진구,자양3동,26547,15304,1919,1904,5360,3456,0.6285714285714286,4.9,0.2571428571428571,3.0285714285714285,0.6224489795918368,0.8571428571428571,2.1081632653061226,0.4020408163265306,0.07249077803306174,0.7316744515024495,0.7142857142857143,0.02857142857142857,70,0.20190605341469847,1.376488813803673,3828.5714285714284,1.1338530881835922,ns,0.255,ns,0.255,False
1121584700,광진구,자양4동,19921,12333,1547,1583,4548,2965,0.7777777777777778,7.708333333333333,0.4166666666666667,4.541666666666667,0.7559523809523809,0.75,2.2837301587301586,0.5456349206349206,0.05125610567994264,1.01355769298153,0.3472222222222222,0.041666666666666664,72,0.2283017920787109,1.2701724657486286,1579.1666666666665,1.1542831448089497,ns,0.266,ns,0.266,False
1123071000,동대문구,회기동,10269,7204,471,449,1634,1185,0.2923076923076923,6.1692307692307695,0.12307692307692308,3.076923076923077,0.5912087912087912,0.5846153846153846,1.4681318681318682,0.38241758241758245,0.028387996991968232,0.5338825024864737,0.8307692307692308,0.3076923076923077,65,0.15911968059207324,0.9342493656453945,1357.4769230769232,0.8032747572199526,ns,0.28,ns,0.28,False
1123072000,동대문구,휘경1동,16805,11306,899,813,2665,1852,0.8979591836734694,14.346938775510203,0.4897959183673469,8.673469387755102,0.8600583090379009,0.8979591836734694,2.6559766763848396,0.6151603498542274,0.07531509406032388,1.1802713622818983,0.32653061224489793,0.0,49,0.15858375483487058,1.4757053141029413,870.204081632653,0.5100471515161629,ns,0.344,ns,0.344,False
1123073000,동대문구,휘경2동,23529,14732,1425,1525,4739,3214,0.30303030303030304,9.323232323232324,0.1717171717171717,5.646464646464646,0.7936507936507936,0.8181818181818182,1.914862914862915,0.5281385281385281,0.05941048612902443,0.7592661859847243,0.5959595959595959,0.050505050505050504,99,0.20141102469293212,1.1555967288781908,2824.252525252525,1.1945956794148471,ns,0.395,ns,0.395,False
1123070500,동대문구,청량리동,18374,9175,1600,1949,6128,4179,0.4583333333333333,11.1875,0.15625,7.583333333333333,0.7202380952380952,0.9375,2.1160714285714284,0.5297619047619048,0.07688415851991397,0.7628960632818188,0.7395833333333334,0.052083333333333336,96,0.33351474910199197,1.3531753652896095,4532.166666666667,1.1756101155943757,ns,0.399,ns,0.399,False
1123051500,동대문구,신설동,16412,11133,960,954,2697,1743,0.8395061728395061,17.45679012345679,0.48148148148148145,10.716049382716049,0.9647266313932981,1.0,2.804232804232804,0.7319223985890653,0.08257928137324093,1.2959831614437876,0.24691358024691357,0.0,81,0.1643309773336583,1.5082496427890166,665.9259259259259,0.8398009916847129,HH,0.001,LH,0.001,False
1123054500,동대문구,제기동,22065,12816,1578,1811,5921,4110,0.8053097345132744,16.053097345132745,0.3893805309734513,9.132743362831858,0.9317319848293301,0.7964601769911505,2.5335018963337546,0.7079646017699115,0.06021458432754324,1.1575597170709062,0.2743362831858407,0.0,113,0.2683435304781328,1.3759421792628483,1624.3451327433627,1.1803367183221403,ns,0.116,ns,0.116,False
1123056000,동대문구,전농1동,32482,19355,2377,2308,6864,4556,0.6371681415929203,13.690265486725664,0.3185840707964602,8.504424778761061,0.8445006321112516,0.9911504424778761,2.472819216182048,0.6295828065739569,0.08674982487866399,1.034916702249081,0.3274336283185841,0.0,113,0.21131703712825564,1.437902513932967,2247.504424778761,1.1738154399484801,ns,0.484,ns,0.484,False
1123057000,동대문구,전농2동,17115,9154,1396,1466,4337,2871,0.028985507246376812,6.840579710144928,0.0,3.9855072463768115,0.6853002070393375,1.0,1.7142857142857144,0.4616977225672878,0.08691252702251144,0.5486102495897992,0.7101449275362319,0.0,69,0.25340344726847797,1.1656754646959153,3079.898550724638,0.9943650595462572,ns,0.386,ns,0.386,False
1123061000,동대문구,답십리2동,27116,15119,2194,2243,6744,4501,0.1643835616438356,7.465753424657534,0.0,4.465753424657534,0.8923679060665362,0.6712328767123288,1.7279843444227005,0.6144814090019569,0.04739434429309765,0.6618757532950547,0.8082191780821918,0.136986301369863,73,0.2487092491517923,1.0661085911276458,5450.630136986301,0.8243582269291546,ns,0.168,ns,0.168,False
1123065000,동대문구,장안1동,36998,21929,2708,2901,8217,5316,0.3333333333333333,6.787878787878788,0.16666666666666666,3.8106060606060606,0.775974025974026,0.75,1.8593073593073592,0.48917748917748916,0.046305231835857275,0.7021493876800131,0.75,0.13636363636363635,132,0.22209308611276285,1.1571579716273461,6162.75,1.3643309115539537,ns,0.496,ns,0.496,False
1123066000,동대문구,장안2동,33005,19171,2124,2304,6568,4264,0.0,8.551401869158878,0.0,5.654205607476635,0.910547396528705,0.8411214953271028,1.7516688918558077,0.6849132176234979,0.049579504092280964,0.734492721715779,0.5607476635514018,0.04672897196261682,107,0.19900015149219816,1.0171761701400288,3682.9906542056074,1.1321043217820863,ns,0.276,ns,0.276,False
1123074000,동대문구,이문1동,31110,20824,1510,1531,4403,2872,0.6881720430107527,4.709677419354839,0.40860215053763443,3.150537634408602,0.6728110599078341,0.6344086021505376,1.9953917050691246,0.45007680491551455,0.042162280478662495,0.9008412359318115,0.4838709677419355,0.21505376344086022,93,0.14153005464480875,1.094550469137313,2130.483870967742,1.0043200278893343,ns,0.475,ns,0.475,False
1123075000,동대문구,이문2동,17851,9952,1323,1354,4408,3054,0.9428571428571428,4.614285714285714,0.5714285714285714,2.7714285714285714,0.6408163265306122,0.7428571428571429,2.326530612244898,0.39591836734693875,0.05931063657250506,1.0266575753480152,0.42857142857142855,0.04285714285714286,70,0.24693294493305698,1.2998730368968827,1889.142857142857,0.8045766374104045,ns,0.361,ns,0.361,False
1123060000,동대문구,답십리1동,27611,17006,1735,1784,4945,3161,0.7792207792207793,9.545454545454545,0.45454545454545453,5.675324675324675,0.940630797773655,0.922077922077922,2.641929499072356,0.6697588126159555,0.07638491073731712,1.2006891778987272,0.3116883116883117,0.0,77,0.17909528810981132,1.4412403211736289,1541.2987012987012,0.7979354762117599,ns,0.494,ns,0.494,False
1126052000,중랑구,면목2동,22841,12660,2312,2093,5828,3735,0.44285714285714284,8.842857142857143,0.11428571428571428,5.042857142857143,0.8877551020408164,0.6428571428571429,1.973469387755102,0.6204081632653061,0.0329503536513917,0.7676442312024121,0.6,0.17142857142857143,70,0.2551552033623747,1.2058251565526898,3496.7999999999997,0.7443617721184403,ns,0.186,ns,0.186,False
1126054000,중랑구,면목4동,17441,9755,1444,1543,4587,3044,0.7846153846153846,7.769230769230769,0.49230769230769234,5.184615384615385,0.8351648351648352,0.8,2.4197802197802196,0.6505494505494506,0.05855024379593448,1.2014073866530774,0.4,0.03076923076923077,65,0.2630009747147526,1.2183728331271422,1834.8000000000002,0.8485969515008203,ns,0.324,ns,0.324,False
1126055000,중랑구,면목5동,13744,7885,1090,1085,2907,1822,0.07272727272727272,11.327272727272728,0.0,6.636363636363637,0.9402597402597402,0.9636363636363636,1.9766233766233765,0.6623376623376623,0.0943578309108035,0.7566954932484659,0.509090909090909,0.0,55,0.2115104772991851,1.2199278833749108,1479.9272727272726,0.590349400962266,ns,0.392,ns,0.392,False
1126057000,중랑구,면목7동,20408,11470,1787,1922,5381,3459,0.7678571428571429,8.642857142857142,0.3392857142857143,5.410714285714286,0.8341836734693878,0.8571428571428571,2.4591836734693877,0.6275510204081632,0.05766311888993547,1.024499853583813,0.5892857142857143,0.017857142857142856,56,0.26367110936887495,1.4346838198855747,3170.9464285714284,1.1798335129116326,ns,0.406,ns,0.406,False
1126058000,중랑구,상봉1동,22733,12817,1947,2013,5095,3082,0.8939393939393939,9.909090909090908,0.6666666666666666,5.7272727272727275,0.880952380952381,0.7424242424242424,2.517316017316017,0.5974025974025974,0.06115785336811338,1.3252271174373773,0.09090909090909091,0.0,66,0.22412352087274007,1.1920888998786399,463.1818181818182,0.8612842396541932,ns,0.061,ns,0.061,False
1126059000,중랑구,상봉2동,21964,15347,1460,1285,3779,2494,0.9841269841269841,12.158730158730158,0.6666666666666666,7.222222222222222,0.963718820861678,1.0,2.9478458049886624,0.7233560090702947,0.09885106095417509,1.4888737366911364,0.23809523809523808,0.0,63,0.17205427062465853,1.458972068297526,899.7619047619047,0.6550862266443499,ns,0.356,ns,0.356,False
1126060000,중랑구,중화1동,17835,10013,1511,1625,4549,2924,0.9636363636363636,8.781818181818181,0.6,4.636363636363637,0.8493506493506494,0.5454545454545454,2.358441558441559,0.5428571428571428,0.04193681373813489,1.1847939565952776,0.2545454545454545,0.0,55,0.25506027474067844,1.1736476018462811,1157.9272727272726,0.6688252766969843,HH,0.031,HH,0.031,False
1126061000,중랑구,중화2동,25574,14651,2364,2315,6529,4214,1.0,7.696629213483146,0.550561797752809,4.359550561797753,0.7303370786516854,0.7415730337078652,2.4719101123595504,0.46869983948635635,0.05442361782870314,1.0736852550678684,0.4044943820224719,0.0,89,0.2552983498866036,1.398224857291682,2640.943820224719,0.9571451257029682,HH,0.017,HH,0.017,False
1126062000,중랑구,묵1동,33173,19303,2364,2555,7364,4809,0.9519230769230769,6.798076923076923,0.5576923076923077,4.298076923076923,0.7980769230769231,0.8365384615384616,2.5865384615384617,0.5741758241758241,0.06431655568492803,1.19618468755306,0.375,0.019230769230769232,104,0.2219877611310403,1.3903537739854017,2761.5,1.2067808787905747,ns,0.207,ns,0.207,False
1126063000,중랑구,묵2동,17471,9989,1505,1478,4450,2972,0.9444444444444444,6.351851851851852,0.5370370370370371,4.018518518518518,0.7354497354497355,0.6481481481481481,2.328042328042328,0.5,0.040577750329954594,1.0776147873669917,0.37037037037037035,0.05555555555555555,54,0.25470780149962796,1.2504275406753362,1648.148148148148,0.6676709206530267,ns,0.062,ns,0.062,False
1126066000,중랑구,망우3동,15157,8072,1594,1523,4303,2780,0.0,4.326923076923077,0.0,2.826923076923077,0.5714285714285714,0.34615384615384615,0.9175824175824177,0.3983516483516484,0.017742498119980146,0.4160941464716285,0.8846153846153846,0.5192307692307693,52,0.2838952299267665,0.5014882711107891,3806.5,0.9904479873087403,ns,0.088,ns,0.088,False
1126068000,중랑구,신내1동,36551,19087,3036,3250,8973,5723,0.4411764705882353,8.794117647058824,0.18627450980392157,5.651960784313726,0.7983193277310925,0.8970588235294118,2.1365546218487395,0.5945378151260504,0.06670831400992534,0.8475206389398973,0.6372549019607843,0.049019607843137254,204,0.24549259938168586,1.2890339829088422,5718.088235294117,2.4884800961564157,ns,0.289,ns,0.289,False
1126069000,중랑구,신내2동,18847,10135,1515,1740,5088,3348,0.5625,10.8125,0.3125,7.979166666666667,0.9672619047619048,0.75,2.2797619047619047,0.7976190476190476,0.05285785898244085,1.1629769066014883,0.16666666666666666,0.0,48,0.2699633893988433,1.1167849981604163,848.0,0.9343759293671423,ns,0.085,ns,0.085,False
1126056500,중랑구,면목본동,31469,18700,2802,2699,7624,4925,0.8780487804878049,9.207317073170731,0.47560975609756095,5.975609756097561,0.9320557491289199,0.6951219512195121,2.505226480836237,0.7142857142857143,0.03937969094922422,1.2292751613324995,0.3780487804878049,0.0,82,0.24227017064412595,1.2759513195037375,2882.2439024390246,0.827311280079027,ns,0.364,ns,0.364,False
1126057500,중랑구,면목3·8동,23347,13073,2112,2286,6312,4026,0.43902439024390244,7.2317073170731705,0.2804878048780488,4.804878048780488,0.7804878048780488,0.6463414634146342,1.8658536585365855,0.5853658536585366,0.04500536108482769,0.910859019621413,0.5609756097560976,0.21951219512195122,82,0.27035593438129096,0.9549946389151724,3540.8780487804884,1.3999049794900031,ns,0.359,ns,0.359,False
1126065500,중랑구,망우본동,37949,21401,2980,3193,8679,5486,0.5683060109289617,7.688524590163935,0.31693989071038253,5.043715846994536,0.7174082747853239,0.7704918032786885,2.0562060889929743,0.5441061670569867,0.05545742581764286,0.9165034835850121,0.5846994535519126,0.17486338797814208,183,0.22870167856860524,1.1397026054079622,5074.606557377049,2.945727982538057,ns,0.156,ns,0.156,False
1129058000,성북구,돈암1동,13638,7491,1164,1135,3440,2305,0.6,21.914285714285715,0.4,11.914285714285715,0.8979591836734694,0.9428571428571428,2.440816326530612,0.6612244897959183,0.08567091949361842,1.1468954092895367,0.2857142857142857,0.02857142857142857,35,0.2522363982988708,1.2939209172410755,982.8571428571428,0.46066572987391563,ns,0.464,ns,0.464,False
1129059000,성북구,돈암2동,22770,12993,1628,1500,4280,2780,0.5,5.083333333333333,0.08333333333333333,2.6875,0.5803571428571429,0.3125,1.392857142857143,0.36904761904761907,0.019221039629978492,0.4716019920109309,0.8125,0.4375,48,0.18796662274923145,0.9212551508462121,3477.5,0.5233296569342871,ns,0.461,ns,0.461,False
1129060000,성북구,안암동,15564,11209,814,714,2385,1671,0.8952380952380953,7.561904761904762,0.5238095238095238,4.0,0.7183673469387756,0.638095238095238,2.251700680272109,0.45034013605442175,0.04283545974680921,1.0169851196107549,0.4,0.0761904761904762,105,0.15323824209714726,1.234715560661354,954.0,1.2735968696745241,ns,0.064,ns,0.064,False
1129061000,성북구,보문동,15611,9835,1048,1071,3006,1935,1.0,7.107142857142857,0.7321428571428571,4.464285714285714,0.7346938775510204,0.7857142857142857,2.520408163265306,0.5153061224489796,0.05148492758029953,1.2989339071721362,0.25,0.0,56,0.19255653065146372,1.2214742560931697,751.5,0.5895250875917005,HH,0.004,LH,0.004,False
1129062000,성북구,정릉1동,17433,10002,1123,1165,3698,2533,0.8461538461538461,13.025641025641026,0.46153846153846156,7.358974358974359,0.8644688644688645,0.717948717948718,2.4285714285714284,0.6483516483516484,0.03548499623996029,1.1453751061300703,0.38461538461538464,0.05128205128205128,39,0.21212642689152755,1.283196322441358,1422.3076923076924,0.38941642774661583,ns,0.169,ns,0.169,False
1129063000,성북구,정릉2동,21380,11973,1646,1769,5348,3579,0.6419753086419753,8.333333333333334,0.2345679012345679,5.296296296296297,0.6261022927689595,0.41975308641975306,1.687830687830688,0.47619047619047616,0.0284756142666348,0.7392339916916789,0.5802469135802469,0.2839506172839506,81,0.2501403180542563,0.948596696139009,3103.1604938271607,1.125185810612967,LL,0.048,HL,0.048,True
1129064000,성북구,정릉3동,13822,8310,913,1056,3397,2341,0.3203125,7.4921875,0.140625,4.1875,0.7544642857142857,0.25,1.3247767857142858,0.46316964285714285,0.011712821024518143,0.615507463881661,0.5703125,0.21875,128,0.2457676168427145,0.7092693218326248,1937.3515625,3.355426684423334,LL,0.013,HL,0.013,True
1129065000,성북구,정릉4동,23347,12981,1824,1878,5842,3964,0.5666666666666667,6.666666666666667,0.26666666666666666,4.133333333333334,0.7888888888888889,0.36666666666666664,1.7222222222222223,0.5539682539682539,0.020502442271977058,0.8411373629068978,0.6222222222222222,0.2222222222222222,90,0.2502248682914293,0.8810848593153245,3635.0222222222224,3.709812439426079,ns,0.265,ns,0.265,False
1129066000,성북구,길음1동,35319,20456,1739,1678,5445,3767,0.4166666666666667,10.5,0.15476190476190477,6.690476190476191,0.7431972789115646,0.8333333333333334,1.9931972789115644,0.5153061224489796,0.07139243291134868,0.741460460122233,0.7023809523809523,0.10714285714285714,84,0.1541663127495116,1.2517368187893314,3824.4642857142853,0.8178213391528142,ns,0.111,ns,0.111,False
1129068500,성북구,길음2동,21369,12572,1286,1260,3608,2348,0.7377049180327869,22.262295081967213,0.32786885245901637,12.163934426229508,0.9133489461358314,0.9344262295081968,2.585480093676815,0.7259953161592506,0.060499009982883115,1.1143631786011503,0.36065573770491804,0.03278688524590164,61,0.168842716084047,1.4711169150756649,1301.2459016393443,0.6156655378488415,ns,0.381,ns,0.381,False
1129071500,성북구,월곡1동,24355,13426,1696,1898,5715,3817,0.19402985074626866,10.686567164179104,0.0,5.597014925373134,0.8230277185501067,0.8208955223880597,1.8379530916844349,0.6183368869936035,0.06713019811067114,0.6854670851042746,0.6716417910447762,0.07462686567164178,67,0.23465407513857525,1.1524860065801603,3838.432835820896,0.7642245145135623,ns,0.42,ns,0.42,False
1129072500,성북구,월곡2동,18370,10943,1247,1371,4303,2932,0.9887640449438202,4.955056179775281,0.6741573033707865,3.606741573033708,0.6805778491171749,0.8314606741573034,2.500802568218299,0.5120385232744783,0.06867742249812539,1.2548732491433903,0.3258426966292135,0.0,89,0.2342406096897115,1.2459293190749086,1402.1011235955057,1.333166625784421,ns,0.066,ns,0.066,False
1129076000,성북구,장위1동,22459,12759,1852,1835,5014,3179,0.0,8.03225806451613,0.0,5.435483870967742,0.9170506912442395,0.3064516129032258,1.2235023041474655,0.7073732718894009,0.02418130792158584,0.7315545798109867,0.7580645161290323,0.4032258064516129,62,0.22325125784763347,0.4919477243364788,3800.935483870968,0.7237572537379424,ns,0.485,ns,0.485,False
1129077000,성북구,장위2동,15636,8981,1198,1234,3870,2636,0.6811594202898551,7.173913043478261,0.37681159420289856,4.695652173913044,0.8115942028985508,0.2028985507246377,1.6956521739130435,0.6024844720496894,0.006685579001731649,0.9859816452543196,0.391304347826087,0.07246376811594203,69,0.24750575594781274,0.7096705286587238,1514.3478260869565,0.6653219218583546,ns,0.433,ns,0.433,False
1129078000,성북구,장위3동,18740,11113,1217,1235,3208,1973,0.21739130434782608,11.289855072463768,0.057971014492753624,7.391304347826087,0.9896480331262941,0.8695652173913043,2.0766045548654244,0.8385093167701863,0.0685271847677494,0.9650075160306892,0.30434782608695654,0.014492753623188406,69,0.1711846318036286,1.1115970388347352,976.3478260869566,0.6823881012972013,ns,0.267,ns,0.267,False
1129052500,성북구,성북동,15514,9514,1123,1050,3417,2367,0.20786516853932585,4.573033707865169,0.09550561797752809,2.9887640449438204,0.4341894060995184,0.4943820224719101,1.1364365971107544,0.30176565008025685,0.03952191294703442,0.43679318100481934,0.8876404494382022,0.48314606741573035,178,0.2202526750032229,0.6996434161059351,3033.067415730337,2.4143609180834575,LL,0.004,HL,0.004,True
1129055500,성북구,삼선동,21504,13407,1480,1442,4533,3091,0.8426966292134831,10.955056179775282,0.34831460674157305,6.98876404494382,0.6356340288924558,0.6179775280898876,2.096308186195827,0.4911717495987159,0.04535301485725262,0.8848393711975415,0.5393258426966292,0.15730337078651685,89,0.21079799107142858,1.2114688149982853,2444.76404494382,0.911386254308302,ns,0.426,ns,0.426,False
1129057500,성북구,동선동,14922,10618,725,724,2376,1652,0.8484848484848485,14.969696969696969,0.48484848484848486,7.46969696969697,0.7878787878787878,0.8333333333333334,2.4696969696969697,0.5238095238095237,0.05941048612902443,1.0680684947870331,0.3939393939393939,0.015151515151515152,66,0.15922798552472858,1.4016284749099366,936.0,0.7312549346738085,ns,0.15,ns,0.15,False
1129070500,성북구,종암동,36618,21029,2634,2635,8164,5529,0.4957983193277311,12.420168067226891,0.19327731092436976,7.680672268907563,0.7490996398559423,0.6050420168067226,1.849939975990396,0.5354141656662665,0.039734249991384106,0.7684257265820204,0.48739495798319327,0.15126050420168066,119,0.222950461521656,1.0815142494083756,3979.09243697479,1.5188679994579604,ns,0.152,ns,0.152,False
1129081000,성북구,석관동,32735,18322,2588,2867,8612,5745,0.65,6.6,0.3142857142857143,3.9714285714285715,0.6744897959183673,0.7214285714285714,2.045918367346939,0.4642857142857143,0.046130495111948375,0.8247019236833769,0.6428571428571429,0.12857142857142856,140,0.2630823277837177,1.221216443663562,5536.285714285715,1.729764045954327,ns,0.138,ns,0.138,False
1130559500,강북구,번1동,15876,9646,1257,1236,3910,2674,0.5862068965517241,17.82758620689655,0.3448275862068966,10.46551724137931,0.9679802955665026,0.896551724137931,2.4507389162561575,0.8152709359605911,0.07555856957991544,1.2356570917474032,0.3275862068965517,0.034482758620689655,58,0.24628369866465105,1.2150818245087542,1280.8620689655172,0.5952072845807497,ns,0.251,ns,0.251,False
1130560300,강북구,번2동,14115,7062,1251,1398,4714,3316,0.05357142857142857,6.821428571428571,0.0,4.589285714285714,0.7831632653061223,0.7678571428571429,1.6045918367346939,0.5994897959183673,0.055603721786723494,0.6550935177050908,0.6785714285714286,0.17857142857142858,56,0.33397095288699963,0.949498319029603,3198.785714285714,1.011560524736309,ns,0.308,ns,0.308,False
1130560800,강북구,번3동,15273,7240,1283,1380,5269,3889,0.0,7.461538461538462,0.0,5.0576923076923075,0.8324175824175823,0.8846153846153846,1.7170329670329672,0.6401098901098901,0.0731878047449181,0.7132976948548083,0.7115384615384616,0.038461538461538464,52,0.3449878871210633,1.003735272178159,3749.096153846154,1.0902450525915117,ns,0.25,ns,0.25,False
1130561500,강북구,수유1동,19226,10521,1644,1834,5398,3564,0.8382352941176471,8.073529411764707,0.38235294117647056,4.1911764705882355,0.8172268907563025,0.3088235294117647,1.9642857142857144,0.51890756302521,0.013567792679984817,0.9148282968816654,0.5588235294117647,0.16176470588235295,68,0.2807656298762093,1.049457417404049,3016.529411764706,1.7269274958525842,ns,0.179,ns,0.179,False
1130562500,강북구,수유2동,19744,10294,1699,1906,5989,4083,0.6440677966101694,8.491525423728813,0.3559322033898305,5.508474576271187,0.9249394673123487,0.8305084745762712,2.3995157384987897,0.7046004842615011,0.05277641389926297,1.1133091015505947,0.4915254237288136,0.05084745762711865,59,0.30333265802269044,1.286206636948195,2943.7457627118647,0.6055792794009466,ns,0.307,ns,0.307,False
1130563500,강북구,수유3동,22223,13416,1813,1900,5661,3761,0.8108108108108109,15.878378378378379,0.4594594594594595,9.432432432432432,0.8841698841698842,0.8783783783783784,2.573359073359073,0.6293436293436293,0.0716892829442441,1.160492371747333,0.36486486486486486,0.0,74,0.2547360842370517,1.41286670161174,2065.5,0.7301078695111392,ns,0.416,ns,0.416,False
1130553400,강북구,삼양동,24161,13285,2035,2082,6209,4127,0.9878048780487805,6.109756097560975,0.7804878048780488,3.817073170731707,0.7961672473867595,0.5,2.28397212543554,0.5174216027874565,0.03516043834752163,1.333069846013027,0.21951219512195122,0.012195121951219513,82,0.25698439634121106,0.950902279422513,1362.9512195121952,0.9509895257061189,ns,0.277,ns,0.277,False
1130553500,강북구,미아동,20093,11439,1728,1837,5508,3671,0.88,14.533333333333333,0.5733333333333334,7.586666666666667,0.7561904761904762,0.7066666666666667,2.342857142857143,0.47428571428571425,0.046130495111948375,1.093749542730996,0.24,0.013333333333333334,75,0.27412531727467276,1.249107600126147,1321.9199999999998,0.8532286806627036,ns,0.307,ns,0.307,False
1130554500,강북구,송중동,27132,15110,2243,2410,7084,4674,0.5052631578947369,15.76842105263158,0.21052631578947367,8.578947368421053,0.8300751879699249,0.6105263157894737,1.9458646616541353,0.6165413533834586,0.03641881193048556,0.863486481103418,0.5052631578947369,0.15789473684210525,95,0.26109391124871,1.0823781805507173,3579.2842105263157,1.0611175956161565,ns,0.331,ns,0.331,False
1130555500,강북구,송천동,22652,11946,2084,2267,6741,4474,0.7934782608695652,14.391304347826088,0.40217391304347827,7.967391304347826,0.8509316770186336,0.9130434782608695,2.5574534161490683,0.6009316770186335,0.07270567164383168,1.0758112617059434,0.2826086956521739,0.0,92,0.29758961681087764,1.4816421544431249,1905.0652173913043,0.938758305460256,ns,0.182,ns,0.182,False
1130557500,강북구,삼각산동,29798,16932,1916,1822,5553,3731,0.7241379310344828,7.0,0.3793103448275862,4.793103448275862,0.876847290640394,0.5517241379310345,2.1527093596059115,0.6527093596059113,0.04573281842994882,1.0777525228634464,0.41379310344827586,0.0,58,0.18635478891200752,1.0749568367424651,2297.793103448276,0.5862575757214229,ns,0.308,ns,0.308,False
1130564500,강북구,우이동,19344,10055,1619,1759,5832,4073,0.7927927927927928,6.927927927927928,0.5585585585585585,4.5225225225225225,0.7232947232947233,0.6756756756756757,2.191763191763192,0.5160875160875161,0.047792855296162735,1.1224389299422373,0.44144144144144143,0.15315315315315314,111,0.3014888337468983,1.0693242618209546,2574.4864864864862,10.689144330640724,ns,0.298,ns,0.298,False
1130566000,강북구,인수동,27872,14394,2452,2728,8408,5680,0.5537190082644629,5.363636363636363,0.30578512396694213,3.28099173553719,0.5785123966942148,0.3884297520661157,1.5206611570247934,0.41204250295159384,0.02668706328790402,0.74451469020644,0.6694214876033058,0.4049586776859504,121,0.30166475315729047,0.7761464668183534,5628.495867768595,2.8579418046798963,ns,0.092,ns,0.092,False
1132066000,도봉구,쌍문1동,20459,10883,1718,1855,5738,3883,0.5876288659793815,6.123711340206185,0.36082474226804123,3.88659793814433,0.695139911634757,0.5567010309278351,1.8394698085419734,0.491899852724595,0.03566790859171266,0.8883925035843488,0.6185567010309279,0.13402061855670103,97,0.280463365755902,0.9510773049576245,3549.278350515464,1.1601163831381145,ns,0.386,ns,0.386,False
1132067000,도봉구,쌍문2동,17208,9228,1497,1663,4849,3186,0.125,12.541666666666666,0.0,6.375,0.9434523809523809,0.8541666666666666,1.9226190476190477,0.6220238095238095,0.0648710087511774,0.686894818274987,0.6458333333333334,0.020833333333333332,48,0.28178754067875406,1.2357242293440607,3131.6458333333335,0.5315742942659838,ns,0.309,ns,0.309,False
1132068000,도봉구,쌍문3동,15843,8969,1283,1399,4225,2826,0.6808510638297872,12.23404255319149,0.40425531914893614,7.0,0.851063829787234,0.8085106382978723,2.3404255319148937,0.5623100303951367,0.058889993759934096,1.025455343304007,0.48936170212765956,0.0,47,0.2666792905384081,1.3149701886108867,2067.553191489362,0.4991026615335308,ns,0.432,ns,0.432,False
1132068100,도봉구,쌍문4동,17522,9310,1469,1647,4273,2626,0.1702127659574468,6.595744680851064,0.0,4.787234042553192,0.7963525835866262,0.7659574468085106,1.7325227963525835,0.6109422492401215,0.05398249427993959,0.6649247435200611,0.7446808510638298,0.14893617021276595,47,0.24386485561009016,1.0675980528325224,3182.0212765957444,0.5765658682595335,ns,0.253,ns,0.253,False
1132069000,도봉구,방학1동,27721,14782,2496,2576,7481,4905,0.6237623762376238,8.891089108910892,0.36633663366336633,5.445544554455446,0.900990099009901,0.8712871287128713,2.396039603960396,0.6577086280056578,0.07079432418170295,1.0948395858507272,0.43564356435643564,0.009900990099009901,101,0.2698676093936005,1.3012000181096688,3259.0495049504952,1.059840944963458,ns,0.087,ns,0.087,False
1132070000,도봉구,방학2동,17385,8761,1687,1837,5436,3599,0.05172413793103448,4.275862068965517,0.0,2.9482758620689653,0.5738916256157636,0.6379310344827587,1.2635467980295565,0.41625615763546797,0.047721201839946596,0.4639773594754146,0.9137931034482759,0.29310344827586204,58,0.31268334771354617,0.7995694385541419,4967.379310344828,1.1078125777210481,ns,0.383,ns,0.383,False
1132071000,도봉구,방학3동,25209,12687,2161,2522,6770,4248,0.014492753623188406,7.202898550724638,0.0,4.550724637681159,0.8198757763975155,0.5797101449275363,1.4140786749482401,0.6066252587991718,0.04345626351125572,0.6500815223104276,0.7101449275362319,0.37681159420289856,69,0.2685548811932246,0.7639971526378125,4807.68115942029,1.8591056355755486,ns,0.19,ns,0.19,False
1132051100,도봉구,창1동,22562,12643,1740,1863,5571,3708,0.8108108108108109,5.95945945945946,0.5135135135135135,3.891891891891892,0.5463320463320464,0.8648648648648649,2.2220077220077217,0.36486486486486486,0.06701389492614122,0.9453922733045196,0.4864864864864865,0.0,74,0.24691959932630086,1.2766154487032022,2710.2162162162163,1.0922296976518624,ns,0.075,ns,0.075,False
1132051200,도봉구,창2동,27407,15382,2331,2393,6836,4443,0.25806451612903225,7.516129032258065,0.06451612903225806,4.967741935483871,0.728110599078341,0.5806451612903226,1.5668202764976957,0.5529953917050691,0.04092221340576066,0.6584337341430878,0.8548387096774194,0.3709677419354839,62,0.24942532929543548,0.9083865423546079,5843.677419354839,0.6821945409195519,ns,0.336,ns,0.336,False
1132051300,도봉구,창3동,12506,6597,1144,1199,3568,2369,0.0,5.232558139534884,0.0,3.2790697674418605,0.6910299003322259,0.7906976744186046,1.4817275747508305,0.46179401993355484,0.06436813271434658,0.5261621526479014,0.8837209302325582,0.16279069767441862,43,0.28530305453382376,0.955565422102929,3153.1162790697676,0.6372882556171323,ns,0.281,ns,0.281,False
1132051400,도봉구,창4동,25798,14837,2018,2064,5566,3502,0.74,6.72,0.36,4.28,0.7342857142857143,0.88,2.354285714285714,0.5157142857142857,0.07265552980131869,0.9483698155156044,0.54,0.05,100,0.21575315915962479,1.4059158987701097,3005.6400000000003,1.1138094196092023,ns,0.389,ns,0.389,False
1132051500,도봉구,창5동,23236,13052,1953,2024,5672,3648,0.515625,8.65625,0.265625,4.5625,0.6852678571428571,0.875,2.075892857142857,0.4151785714285714,0.07748481600835079,0.7582883874369222,0.53125,0.046875,64,0.24410397658805302,1.317604469705935,3013.25,0.6897392894402297,ns,0.433,ns,0.433,False
1132052100,도봉구,도봉1동,19293,9167,1851,2043,6904,4861,0.6551724137931034,7.155172413793103,0.3275862068965517,4.310344827586207,0.6662561576354681,0.6637931034482759,1.9852216748768472,0.46182266009852213,0.04672701013494771,0.8361358771300216,0.5431034482758621,0.20689655172413793,116,0.35784999740838647,1.1490857977468256,3749.586206896552,8.502019849809832,ns,0.354,ns,0.354,False
1132052200,도봉구,도봉2동,25671,12956,2160,2595,7988,5393,0.8163265306122449,8.46938775510204,0.3877551020408163,5.061224489795919,0.749271137026239,0.9285714285714286,2.4941690962099123,0.5583090379008746,0.07649189240501644,1.0225560323467076,0.4897959183673469,0.04081632653061224,98,0.31116824432238716,1.4716130638632048,3912.4897959183672,1.1942206294723403,ns,0.422,ns,0.422,False
1135056000,노원구,월계1동,20133,11818,1453,1509,4766,3257,0.6888888888888889,9.411111111111111,0.37777777777777777,6.022222222222222,0.8825396825396825,0.8444444444444444,2.4158730158730157,0.6333333333333333,0.0640701320999283,1.0751812432110393,0.43333333333333335,0.03333333333333333,90,0.23672577360552327,1.3406917726619765,2065.266666666667,1.1779167153901635,ns,0.316,ns,0.316,False
1135057000,노원구,월계2동,24502,12600,2014,2283,7015,4732,0.2978723404255319,6.75531914893617,0.1702127659574468,4.159574468085107,0.655015197568389,0.8297872340425532,1.7826747720364744,0.4650455927051672,0.072385617329919,0.7076439759925329,0.6382978723404256,0.07446808510638298,94,0.286303158925802,1.0750307960439414,4477.659574468085,1.9903615851062662,ns,0.377,ns,0.377,False
1135058000,노원구,월계3동,27617,15146,2056,2300,7237,4937,0.9074074074074074,7.592592592592593,0.4351851851851852,4.666666666666667,0.8425925925925926,0.8518518518518519,2.6018518518518516,0.5674603174603174,0.054459612284939056,1.0571051149304418,0.5,0.0,108,0.26204873809610024,1.5447467369214098,3618.5,1.166869187976507,ns,0.201,ns,0.201,False
1135060000,노원구,공릉2동,40678,24574,2485,2584,7148,4564,0.2037037037037037,2.728395061728395,0.07716049382716049,1.7407407407407407,0.3844797178130511,0.6296296296296297,1.2178130511463845,0.2482363315696649,0.04306936657828514,0.36846619197511055,0.9197530864197531,0.32407407407407407,324,0.17572152023206647,0.849346859171274,6574.3950617283945,7.259240324065046,ns,0.498,ns,0.498,False
1135061100,노원구,하계1동,25059,14231,1931,1973,5588,3615,0.37272727272727274,7.545454545454546,0.18181818181818182,4.836363636363636,0.6818181818181818,0.8909090909090909,1.9454545454545455,0.4987012987012987,0.06500206129410908,0.7455215418135895,0.8,0.1,110,0.22299373478590526,1.1999330036409561,4470.400000000001,1.4399034730582214,ns,0.337,ns,0.337,False
1135061200,노원구,하계2동,19421,11102,1482,1383,3632,2249,0.9534883720930233,12.906976744186046,0.4883720930232558,8.325581395348838,0.8073089700996678,0.8604651162790697,2.6212624584717608,0.627906976744186,0.061686127184582135,1.177965196952024,0.32558139534883723,0.0,43,0.18701405694866383,1.4432972615197368,1182.5116279069769,0.5053501430722138,ns,0.344,ns,0.344,False
1135061900,노원구,중계본동,21973,12571,1436,1175,3002,1827,0.0,4.175824175824176,0.0,2.879120879120879,0.5635792778649922,0.6703296703296703,1.2339089481946626,0.4003139717425432,0.05322749435994044,0.45354146610248364,0.8021978021978022,0.32967032967032966,91,0.1366222181768534,0.7803674820921789,2408.1978021978025,2.060052971582026,LL,0.038,LL,0.038,False
1135062100,노원구,중계1동,25709,14588,1334,1267,3207,1940,0.0,6.660714285714286,0.0,4.642857142857143,0.826530612244898,1.0,1.826530612244898,0.6403061224489796,0.09679166385096312,0.7370977862999427,0.6428571428571429,0.0,56,0.12474230814111789,1.0894328259449555,2061.6428571428573,0.6080372416783365,ns,0.241,ns,0.241,False
1135062400,노원구,중계4동,18464,9857,1448,1358,4619,3261,0.603448275862069,4.637931034482759,0.3103448275862069,2.689655172413793,0.5443349753694581,0.9137931034482759,2.061576354679803,0.34975369458128075,0.08947725344989987,0.7495757756173875,0.6896551724137931,0.05172413793103448,58,0.25016247833622185,1.3120005790624154,3185.5172413793107,1.4567659383078424,ns,0.162,ns,0.162,False
1135063000,노원구,상계1동,35794,19129,3135,3368,9362,5994,0.536,7.352,0.296,4.208,0.7565714285714286,0.888,2.1805714285714286,0.4685714285714285,0.07565401198359534,0.8402254405550239,0.592,0.08,125,0.2615522154551042,1.3403459880164048,5542.304,5.000783031488353,ns,0.306,ns,0.306,False
1135064000,노원구,상계2동,18502,10452,1670,1597,4431,2834,0.7894736842105263,11.210526315789474,0.3684210526315789,6.754385964912281,0.9298245614035088,0.9649122807017544,2.6842105263157894,0.6766917293233082,0.07890742584938538,1.1240202078042725,0.5087719298245614,0.0,57,0.23948762295968004,1.560190318511517,2254.3684210526317,0.5905479062633645,ns,0.409,ns,0.409,False
1135067000,노원구,상계5동,21971,11662,1967,2021,6193,4172,0.5625,6.729166666666667,0.3333333333333333,4.541666666666667,0.7857142857142857,0.5625,1.9107142857142858,0.5744047619047619,0.033636819352462356,0.9413749145905577,0.6666666666666666,0.1875,48,0.2818715579627691,0.9693393711237281,4128.666666666666,0.49179373194811266,ns,0.358,ns,0.358,False
1135070000,노원구,상계8동,21207,13187,1116,1163,3536,2373,0.7,6.32,0.26,3.88,0.6114285714285714,0.94,2.2514285714285713,0.41142857142857137,0.08303489120150707,0.7544634626300786,0.66,0.02,50,0.1667373980289527,1.4969651087984928,2333.76,0.6613834481306524,ns,0.382,ns,0.382,False
1135071000,노원구,상계9동,18835,10769,1350,1488,4323,2835,0.49019607843137253,7.8431372549019605,0.19607843137254902,5.215686274509804,0.7983193277310925,0.9803921568627451,2.2689075630252105,0.6078431372549019,0.0814067560799089,0.88532832470736,0.7058823529411765,0.0196078431372549,51,0.22951951154765066,1.3835792383178505,3051.529411764706,0.8370337912074283,ns,0.387,ns,0.387,False
1135072000,노원구,상계10동,17830,10746,1249,1290,3431,2141,0.8026315789473685,11.052631578947368,0.3026315789473684,6.7631578947368425,0.849624060150376,0.7236842105263158,2.3759398496240602,0.6221804511278195,0.04855841590731408,0.9733704459825021,0.42105263157894735,0.14473684210526316,76,0.19242849130678633,1.4025694036415581,1444.6315789473683,0.8275262709164942,ns,0.445,ns,0.445,False
1135066500,노원구,상계3·4동,26200,13549,2274,2390,7301,4911,0.6890756302521008,2.7394957983193278,0.37815126050420167,1.7226890756302522,0.3877551020408163,0.6722689075630253,1.7490996398559424,0.24489795918367346,0.050394658525657894,0.673443878213533,0.6218487394957983,0.23529411764705882,119,0.2786641221374046,1.0756557616424094,4540.117647058823,5.778641497852817,ns,0.346,ns,0.346,False
1135069500,노원구,상계6·7동,30044,17936,2205,2093,6111,4018,0.6535433070866141,8.913385826771654,0.25984251968503935,5.196850393700787,0.6996625421822272,0.937007874015748,2.290213723284589,0.4791901012373453,0.08263533573203351,0.8216679566544183,0.5748031496062992,0.03937007874015748,127,0.20340167753960858,1.468545766630171,3512.6220472440946,1.4245459615007041,ns,0.332,ns,0.332,False
1135062500,노원구,중계2·3동,30976,16482,2294,2563,8655,6092,0.8375,10.125,0.4125,5.75,0.8446428571428571,1.0,2.6821428571428574,0.5928571428571429,0.08649467833490321,1.091851821192046,0.45,0.0,80,0.27940986570247933,1.5902910359508113,3894.75,0.9458141150931779,ns,0.499,ns,0.499,False
1135059500,노원구,공릉1동,35130,20961,2551,2830,8149,5319,0.8938053097345132,9.398230088495575,0.6371681415929203,5.380530973451328,0.9077117572692793,0.8584070796460177,2.6599241466498103,0.6637168141592921,0.0714410322530174,1.3723259880052299,0.26548672566371684,0.0,113,0.23196697978935382,1.2875981586445804,2163.4513274336286,1.207643668748558,ns,0.471,ns,0.471,False
1138051000,은평구,녹번동,35037,20122,2667,2821,8602,5781,0.7857142857142857,13.258928571428571,0.44642857142857145,8.089285714285714,0.8826530612244898,0.8214285714285714,2.4897959183673466,0.6556122448979592,0.06384131019957141,1.165882126526102,0.33035714285714285,0.017857142857142856,112,0.2455118874332848,1.3239137918412447,2841.7321428571427,1.913759003209965,ns,0.244,ns,0.244,False
1138052000,은평구,불광1동,33540,18955,2702,2792,8412,5620,0.8839285714285714,7.830357142857143,0.5,4.830357142857143,0.6403061224489796,0.9107142857142857,2.434948979591837,0.45153061224489793,0.06898980295760136,1.0205204152024991,0.39285714285714285,0.03571428571428571,112,0.25080500894454383,1.4144285643893377,3304.714285714286,3.344269791137684,ns,0.15,ns,0.15,False
1138055100,은평구,갈현1동,13933,8013,1132,1209,3591,2382,0.2361111111111111,7.597222222222222,0.1111111111111111,4.138888888888889,0.6428571428571428,0.5833333333333334,1.4623015873015874,0.44246031746031744,0.03684032595745877,0.5904117545288874,0.7638888888888888,0.375,72,0.25773343859900955,0.8718898327727,2743.125,0.9527486137538212,ns,0.347,ns,0.347,False
1138055200,은평구,갈현2동,26554,15399,2118,2136,6327,4191,0.43037974683544306,8.012658227848101,0.20253164556962025,5.113924050632911,0.7377938517179023,0.3924050632911392,1.5605786618444848,0.5641952983725136,0.02335721271491057,0.7900841566570443,0.6582278481012658,0.35443037974683544,79,0.23826918731641183,0.7704945051874404,4164.607594936709,1.0526175594163527,ns,0.46,ns,0.46,False
1138056000,은평구,구산동,30488,16974,2612,2571,7660,5089,0.28735632183908044,8.206896551724139,0.14942528735632185,5.0,0.7668308702791461,0.3793103448275862,1.4334975369458127,0.5435139573070608,0.021209423039976267,0.7141486677033588,0.5057471264367817,0.19540229885057472,87,0.25124639202309107,0.7193488692424539,3874.0229885057474,1.3516536863795388,ns,0.271,ns,0.271,False
1138057000,은평구,대조동,26779,16907,1792,1942,6090,4148,0.9764705882352941,11.988235294117647,0.611764705882353,7.435294117647059,0.8974789915966387,0.6470588235294118,2.5210084033613445,0.6857142857142857,0.03934659877195597,1.3368255903685946,0.27058823529411763,0.011764705882352941,85,0.22741700586280295,1.1841828129927499,1647.8823529411764,0.8704423908526594,ns,0.223,ns,0.223,False
1138058000,은평구,응암1동,31894,19193,2123,2090,6415,4325,0.5287356321839081,11.873563218390805,0.27586206896551724,7.149425287356322,0.8505747126436781,0.9425287356321839,2.32183908045977,0.6732348111658456,0.08086092533990952,1.0299578054712726,0.42528735632183906,0.022988505747126436,87,0.2011350097196965,1.2918812749884976,2728.2183908045977,1.1594058077323781,ns,0.481,ns,0.481,False
1138059000,은평구,응암2동,26693,15406,1532,1568,4788,3220,0.18461538461538463,8.661538461538461,0.0,5.569230769230769,0.9648351648351648,0.9538461538461539,2.1032967032967034,0.7538461538461538,0.07096999247992059,0.8248161463260745,0.5230769230769231,0.0,65,0.17937286929157456,1.2784805569706288,2504.492307692308,0.7463905422525985,ns,0.425,ns,0.425,False
1138063100,은평구,신사1동,25770,14719,2021,2257,6445,4188,0.6060606060606061,9.93939393939394,0.3333333333333333,6.696969696969697,0.8722943722943722,0.7424242424242424,2.220779220779221,0.7164502164502164,0.04368418097722384,1.0934677307607736,0.36363636363636365,0.015151515151515152,66,0.25009701202949164,1.1273114900184473,2343.6363636363635,0.8296586820915948,ns,0.358,ns,0.358,False
1138063200,은평구,신사2동,19316,10896,1564,1633,4710,3077,0.3898305084745763,6.203389830508475,0.23728813559322035,4.322033898305085,0.6368038740920097,0.711864406779661,1.738498789346247,0.4745762711864407,0.04495768591418698,0.756822092693848,0.7627118644067796,0.2033898305084746,59,0.2438393042037689,0.9816766966523989,3592.372881355932,1.0402779785212046,ns,0.155,ns,0.155,False
1138064000,은평구,증산동,15099,8648,1108,1123,3461,2338,0.9861111111111112,11.402777777777779,0.5694444444444444,6.736111111111111,0.7857142857142857,0.6111111111111112,2.382936507936508,0.5932539682539683,0.05125610567994264,1.2139545183783553,0.2916666666666667,0.013888888888888888,72,0.22922047817736274,1.1689819895581526,1009.4583333333334,0.9192089055050621,ns,0.331,ns,0.331,False
1138065000,은평구,수색동,21058,12643,1493,1356,3799,2443,0.5333333333333333,13.36,0.29333333333333333,8.52,0.761904761904762,0.3333333333333333,1.6285714285714286,0.5314285714285714,0.013839148533584512,0.8386010532954893,0.4,0.16,75,0.18040649634343242,0.7899703752759393,1519.6000000000001,1.1392906812770702,ns,0.351,ns,0.351,False
1138069000,은평구,진관동,53508,30264,3427,3599,10595,6996,0.21739130434782608,6.381987577639752,0.07453416149068323,4.291925465838509,0.6610470275066549,0.7919254658385093,1.6703637976929904,0.49157054125998223,0.06554255128483348,0.6316472540354989,0.717391304347826,0.15838509316770186,322,0.19800777453838678,1.0387165436574914,7600.760869565217,12.902003280242928,LL,0.035,LL,0.035,False
1138053000,은평구,불광2동,26084,14592,2247,2502,7395,4893,0.3541666666666667,7.114583333333333,0.11458333333333333,3.84375,0.6979166666666666,0.6354166666666666,1.6875,0.44047619047619047,0.038442079259956984,0.5935016030694807,0.6145833333333334,0.1875,96,0.28350713080815826,1.0939983969305191,4544.84375,1.3372852469499557,ns,0.446,ns,0.446,False
1138060000,은평구,응암3동,22660,12503,1879,2015,6590,4575,0.5352112676056338,12.816901408450704,0.28169014084507044,8.352112676056338,0.9557344064386318,0.7323943661971831,2.2233400402414487,0.8088531187122737,0.04872939624501589,1.1392726558023598,0.323943661971831,0.08450704225352113,71,0.2908208296557811,1.084067384439089,2134.7887323943664,0.7327534868551359,ns,0.5,ns,0.5,False
1138062500,은평구,역촌동,44213,25362,3564,3529,10685,7156,0.5865384615384616,8.673076923076923,0.28846153846153844,5.153846153846154,0.8928571428571429,0.7403846153846154,2.21978021978022,0.625,0.04990077596244416,0.9633623144239826,0.47115384615384615,0.0,104,0.24167100174156922,1.2564179053562374,5034.278846153846,1.0862460846495186,ns,0.205,ns,0.205,False
1141052000,서대문구,천연동,16465,9292,1311,1178,3732,2554,0.7058823529411765,13.529411764705882,0.27450980392156865,7.352941176470588,0.6918767507002801,0.47058823529411764,1.8683473389355743,0.5042016806722689,0.029396884139967102,0.8081083687338046,0.5294117647058824,0.17647058823529413,51,0.22666261767385362,1.0602389702017696,1975.764705882353,0.893178928910712,ns,0.134,ns,0.134,False
1141062000,서대문구,홍제1동,24185,13880,1838,1857,5687,3830,0.6329113924050633,16.78481012658228,0.4177215189873418,11.443037974683545,0.9059674502712477,0.5569620253164557,2.095840867992767,0.7269439421338155,0.037955470661729676,1.182620931782887,0.27848101265822783,0.0759493670886076,79,0.23514575149886294,0.9132199362098798,1583.7215189873416,1.5600576222045568,ns,0.432,ns,0.432,False
1141064000,서대문구,홍제3동,17103,9432,1348,1359,4434,3075,0.4406779661016949,12.203389830508474,0.2542372881355932,7.52542372881356,0.8571428571428571,0.4915254237288136,1.7893462469733656,0.6949152542372882,0.03127491194030398,0.9804274543131853,0.3728813559322034,0.13559322033898305,59,0.25925276267321523,0.8089187926601803,1653.3559322033898,1.0308263012088514,ns,0.423,ns,0.423,False
1141065500,서대문구,홍제2동,11770,6463,1021,1062,2988,1926,0.967741935483871,18.774193548387096,0.5483870967741935,14.0,0.8617511520737328,0.7096774193548387,2.539170506912442,0.6866359447004607,0.04092221340576066,1.2759452548804149,0.2903225806451613,0.03225806451612903,31,0.2538657604078165,1.2632252520320273,867.483870967742,0.7119996097805109,ns,0.47,ns,0.47,False
1141066000,서대문구,홍은1동,23338,13051,1895,1948,5702,3754,0.12857142857142856,5.928571428571429,0.02857142857142857,4.1,0.5551020408163265,0.5285714285714286,1.2122448979591836,0.42448979591836733,0.03624538901653087,0.48930661350632676,0.8285714285714286,0.4,70,0.24432256405861685,0.7229382844528568,4724.514285714286,1.5493407155855057,ns,0.291,ns,0.291,False
1141068500,서대문구,홍은2동,27015,15552,2049,2178,6224,4046,0.04878048780487805,10.0,0.0,6.560975609756097,0.8072009291521487,0.7235772357723578,1.5795586527293843,0.6167247386759582,0.05719431304530185,0.67391905172126,0.5121951219512195,0.21951219512195122,123,0.23039052378308347,0.9056396010081244,3187.9024390243903,2.0465726657973713,ns,0.489,ns,0.489,False
1141069000,서대문구,남가좌1동,17280,9799,950,872,2687,1815,0.7804878048780488,14.902439024390244,0.36585365853658536,10.073170731707316,0.9442508710801394,1.0,2.7247386759581884,0.7526132404181185,0.10688773257646575,1.2253546315311696,0.2926829268292683,0.0,41,0.1554976851851852,1.4993840444270188,786.4390243902438,0.4468094957001869,ns,0.35,ns,0.35,False
1141070000,서대문구,남가좌2동,28284,16493,1713,1717,5597,3880,0.0,9.6625,0.0,6.4,0.8982142857142857,0.9,1.7982142857142858,0.6946428571428571,0.0648710087511774,0.7595138658940346,0.55,0.0125,80,0.19788573044831,1.0387004198202512,3078.3500000000004,0.8118570871394927,ns,0.319,ns,0.319,False
1141071000,서대문구,북가좌1동,17039,9518,1195,1167,3538,2371,0.4107142857142857,15.178571428571429,0.19642857142857142,9.303571428571429,0.9897959183673469,1.0,2.4005102040816326,0.836734693877551,0.08237588412847925,1.1155391494346016,0.42857142857142855,0.0,56,0.20764129350313987,1.284971054647031,1516.2857142857142,0.580653856292508,ns,0.095,ns,0.095,False
1141072000,서대문구,북가좌2동,29456,16657,2368,2471,7586,5115,0.5324675324675324,9.64935064935065,0.22077922077922077,5.883116883116883,0.8794063079777364,0.8571428571428571,2.269016697588126,0.7031539888682745,0.06440296395499287,0.9883361736024882,0.4805194805194805,0.1038961038961039,77,0.2575366648560565,1.2806805239856378,3645.220779220779,0.7947464962212661,ns,0.179,ns,0.179,False
1141056500,서대문구,충현동,19038,11624,1380,1406,3948,2542,0.5247524752475248,12.881188118811881,0.37623762376237624,7.148514851485149,0.5205091937765205,0.504950495049505,1.55021216407355,0.4115983026874116,0.0411063817829243,0.8289423082327122,0.6039603960396039,0.39603960396039606,101,0.20737472423573905,0.7212698558408378,2384.4356435643563,1.1360460399934607,LH,0.006,LH,0.006,False
1141055500,서대문구,북아현동,14984,9255,1016,924,2580,1656,1.0,17.58139534883721,0.6744186046511628,10.69767441860465,0.7973421926910299,0.9302325581395349,2.7275747508305646,0.5714285714285715,0.07241414930363989,1.3182613253833741,0.27906976744186046,0.0,43,0.17218366257341164,1.4093134254471904,720.0,0.4443743209805922,ns,0.093,ns,0.093,False
1141058500,서대문구,신촌동,20581,16150,743,697,2327,1630,0.6329787234042553,19.430851063829788,0.39361702127659576,11.49468085106383,0.7712765957446809,0.6436170212765957,2.047872340425532,0.5615501519756839,0.04846155736494576,1.0036287306172254,0.3723404255319149,0.18085106382978725,188,0.11306544871483407,1.0442436098083068,866.4361702127659,2.564938506446564,HH,0.045,LH,0.045,False
1141061500,서대문구,연희동,32954,21400,2015,2054,6650,4596,0.06806282722513089,12.774869109947645,0.02617801047120419,7.696335078534031,0.8945400149588631,0.5916230366492147,1.5542258788332086,0.6589379207180255,0.042266160442884636,0.7273820916321142,0.46596858638743455,0.12041884816753927,191,0.20179644352734113,0.8268437872010944,3098.69109947644,2.823833117461203,ns,0.376,ns,0.376,False
1144059000,마포구,용강동,21199,12622,1182,1131,3430,2299,0.8484848484848485,10.196969696969697,0.4696969696969697,5.257575757575758,0.8506493506493505,0.8636363636363636,2.5627705627705626,0.5497835497835498,0.06639995508538024,1.0858804745658999,0.5151515151515151,0.030303030303030304,66,0.16180008490966555,1.4768900882046627,1766.969696969697,0.7754058526518586,HH,0.005,LH,0.005,False
1144060000,마포구,대흥동,14161,9895,786,706,2140,1434,1.0,20.115942028985508,0.782608695652174,12.492753623188406,0.9399585921325052,0.927536231884058,2.867494824016563,0.7639751552795031,0.07521276376948105,1.621796614701158,0.2028985507246377,0.0,69,0.15111927123790692,1.2456982093154052,434.2028985507247,0.8353881632449681,ns,0.062,ns,0.062,False
1144061000,마포구,염리동,16697,10497,834,785,2356,1571,0.8163265306122449,8.10204081632653,0.32653061224489793,4.857142857142857,0.6472303206997084,0.8571428571428571,2.32069970845481,0.4635568513119534,0.05413272385585779,0.8442201874127092,0.5306122448979592,0.02040816326530612,49,0.1411031921902138,1.476479521042101,1250.1224489795918,0.5395214705664841,LH,0.004,LH,0.004,False
1144063000,마포구,신수동,22086,13806,1341,1315,3909,2594,0.8461538461538461,7.2153846153846155,0.5076923076923077,4.2,0.7560439560439561,1.0,2.6021978021978023,0.5142857142857143,0.0975837396598908,1.1195617616379128,0.47692307692307695,0.0,65,0.17698994838359142,1.4826360405598895,1864.2923076923078,0.8198208483280801,HH,0.016,LH,0.016,False
1144066000,마포구,서교동,23368,16988,1223,1107,3624,2517,0.937888198757764,21.596273291925467,0.5962732919254659,13.4472049689441,0.9485359361135759,0.8136645962732919,2.700088731144632,0.7506654835847383,0.05802127490788539,1.4049600504180895,0.2732919254658385,0.0,161,0.15508387538514207,1.2951286807265425,990.4099378881988,1.6464114556091538,ns,0.274,ns,0.274,False
1144068000,마포구,합정동,15454,10461,976,882,2860,1978,0.7272727272727273,8.852272727272727,0.3977272727272727,5.090909090909091,0.6672077922077922,0.6931818181818182,2.0876623376623376,0.45941558441558444,0.05242101717266861,0.9095638743155257,0.5681818181818182,0.07954545454545454,88,0.18506535524783227,1.178098463346812,1625.0000000000002,1.6660453187895008,ns,0.116,ns,0.116,False
1144069000,마포구,망원1동,18345,11822,1205,1213,3855,2642,0.4745762711864407,4.88135593220339,0.288135593220339,3.152542372881356,0.6513317191283293,0.5254237288135594,1.6513317191283294,0.43825665859564167,0.03127491194030398,0.7576671637562845,0.711864406779661,0.22033898305084745,59,0.21013900245298447,0.8936645553720449,2744.237288135593,1.089083822477333,ns,0.367,ns,0.367,False
1144070000,마포구,망원2동,17042,10576,1075,1095,3524,2429,0.484375,5.9375,0.203125,3.28125,0.7410714285714286,0.40625,1.6316964285714286,0.46875,0.023425642049036285,0.6953006420490363,0.796875,0.34375,64,0.20678324140359114,0.9363957865223923,2808.1875,0.6431593720652081,ns,0.303,ns,0.303,False
1144071000,마포구,연남동,13799,9436,749,811,2587,1776,0.46774193548387094,11.338709677419354,0.08064516129032258,4.629032258064516,0.6820276497695852,0.8064516129032258,1.9562211981566822,0.3640552995391705,0.0520828170618772,0.49678327789137033,0.7903225806451613,0.0,62,0.18747735343140806,1.4594379202653118,2044.5645161290322,0.6469058642204405,ns,0.121,ns,0.121,False
1144072000,마포구,성산1동,18234,11920,1128,1159,3490,2331,0.6438356164383562,9.986301369863014,0.2328767123287671,5.917808219178082,0.9236790606653621,0.6575342465753424,2.2250489236790605,0.6712328767123288,0.04739434429309765,0.9515039333341936,0.3972602739726027,0.0,73,0.1914006800482615,1.2735449903448668,1386.4383561643835,0.8634040107548625,ns,0.462,ns,0.462,False
1144073000,마포구,성산2동,37809,24083,2362,2217,7234,5017,0.831081081081081,12.993243243243244,0.5202702702702703,7.094594594594595,0.9584942084942085,0.9256756756756757,2.715250965250965,0.7055984555984556,0.07714390229869746,1.3030126281674235,0.1554054054054054,0.013513513513513514,148,0.19133010658837843,1.4122383370835416,1124.2027027027027,1.9617293806593967,ns,0.395,ns,0.395,False
1144074000,마포구,상암동,28988,17381,1670,1737,5075,3338,0.24621212121212122,16.560606060606062,0.1590909090909091,10.045454545454545,0.8647186147186147,0.8068181818181818,1.9177489177489178,0.7451298701298702,0.07207889861241934,0.9762996778331986,0.3484848484848485,0.1553030303030303,264,0.1750724437698358,0.9414492399157192,1768.5606060606062,8.598210297691034,ns,0.205,ns,0.205,False
1144058500,마포구,도화동,20240,11924,1509,1422,4218,2796,0.9454545454545454,9.290909090909091,0.6181818181818182,4.763636363636364,0.6441558441558441,0.45454545454545453,2.0441558441558443,0.412987012987013,0.016774725495253957,1.0479435566640851,0.38181818181818183,0.03636363636363636,55,0.208399209486166,0.9962122874917592,1610.509090909091,0.6042317845057779,ns,0.116,ns,0.116,False
1144065500,마포구,서강동,24274,15898,1405,1358,3982,2624,0.8990825688073395,5.541284403669724,0.5871559633027523,3.669724770642202,0.7077326343381389,0.6697247706422018,2.2765399737876804,0.5072083879423329,0.041263516269862084,1.1356278675149474,0.3853211009174312,0.05504587155963303,109,0.1640438329076378,1.140912106272733,1534.3486238532112,1.484524742552813,HH,0.008,LH,0.008,False
1144056500,마포구,공덕동,35734,22406,2723,2360,6950,4590,0.797979797979798,12.171717171717171,0.4444444444444444,6.747474747474747,0.9509379509379509,0.898989898989899,2.647907647907648,0.7085137085137084,0.0675648665781062,1.220523019536259,0.35353535353535354,0.010101010101010102,99,0.1944926400626854,1.427384628371389,2457.070707070707,1.0180439931745824,HH,0.004,LH,0.004,False
1144055500,마포구,아현동,28578,17676,1680,1585,4179,2594,0.9324324324324325,15.108108108108109,0.5945945945945946,9.297297297297296,0.8223938223938223,0.972972972972973,2.727799227799228,0.6003861003861004,0.09039083501665561,1.2853715299973507,0.2702702702702703,0.013513513513513514,74,0.1462313667856393,1.4424276978018773,1129.4594594594596,0.7307087363626241,ns,0.097,ns,0.097,False
1147051000,양천구,목1동,29841,16706,1589,1527,4176,2649,0.6991869918699187,11.91869918699187,0.43089430894308944,7.414634146341464,0.7944250871080138,0.975609756097561,2.4692218350754938,0.610917537746806,0.09001072216965537,1.131822568859551,0.4715447154471545,0.0,123,0.13994169096209913,1.3373992662159429,1969.1707317073171,1.5635208978151574,ns,0.248,ns,0.248,False
1147052000,양천구,목2동,27720,17142,2098,2112,5428,3316,0.575,6.4875,0.3625,3.2,0.5035714285714286,0.4875,1.5660714285714286,0.3071428571428571,0.03027313741721612,0.6999159945600733,0.6375,0.325,80,0.1958152958152958,0.8661554340113553,3460.35,1.0534799792778815,ns,0.15,ns,0.15,False
1147053000,양천구,목3동,20497,12318,1588,1683,4472,2789,0.46938775510204084,12.36734693877551,0.2857142857142857,7.979591836734694,0.8688046647230321,0.8571428571428571,2.19533527696793,0.6268221574344024,0.061193513924013156,0.9737299570727012,0.3469387755102041,0.08163265306122448,49,0.21817826999073034,1.2216053198952288,1551.5102040816325,0.500400854609359,ns,0.222,ns,0.222,False
1147054000,양천구,목4동,23446,14114,1703,1461,4061,2600,0.05084745762711865,8.508474576271187,0.0,5.135593220338983,0.7336561743341404,0.7966101694915254,1.5811138014527846,0.4794188861985472,0.054731095895531975,0.5341499820940792,0.6610169491525424,0.13559322033898305,59,0.1732065171031306,1.0469638193587054,2684.3898305084745,0.5612784876306319,ns,0.221,ns,0.221,False
1147056000,양천구,신월1동,18415,9663,1853,1970,5424,3454,0.0,5.125,0.0,2.75,0.6830357142857143,0.703125,1.3861607142857144,0.38169642857142855,0.048653256563383054,0.43034968513481164,0.84375,0.28125,64,0.2945424925332609,0.9558110291509028,4576.5,0.6281058770051953,LL,0.007,HL,0.007,True
1147057000,양천구,신월2동,20397,10995,1527,1797,5125,3328,0.2786885245901639,8.60655737704918,0.03278688524590164,5.081967213114754,0.6885245901639344,0.819672131147541,1.7868852459016393,0.47540983606557374,0.047264851549127435,0.5554615728606028,0.5245901639344263,0.09836065573770492,61,0.2512624405549836,1.2314236730410366,2688.5245901639346,0.6137692723273184,ns,0.205,ns,0.205,False
1147058000,양천구,신월3동,13430,7040,1280,1352,3765,2413,0.0,4.782608695652174,0.0,2.898550724637681,0.5921325051759834,0.6086956521739131,1.2008281573498965,0.39337474120082816,0.04512765826168863,0.4385023994625168,0.782608695652174,0.37681159420289856,69,0.28034251675353683,0.7623257578873797,2946.521739130435,0.9273971935360013,LL,0.004,HL,0.004,True
1147059000,양천구,신월4동,16537,8711,1319,1449,4216,2767,0.0,9.826086956521738,0.0,5.739130434782608,0.8105590062111802,1.0,1.8105590062111803,0.6770186335403726,0.09025531652337726,0.7672739500637499,0.32608695652173914,0.0,46,0.2549434601197315,1.0432850561474303,1374.7826086956522,0.4543842100611348,LL,0.002,HL,0.002,True
1147060000,양천구,신월5동,13597,7678,1095,1212,3184,1972,0.0,8.3,0.0,5.44,0.82,0.66,1.48,0.6457142857142857,0.05074354462314321,0.6964578303374289,0.46,0.2,50,0.2341693020519232,0.7835421696625711,1464.64,0.6392362722290783,LL,0.013,HL,0.013,True
1147061000,양천구,신월6동,13549,7684,825,878,2459,1581,0.02702702702702703,8.135135135135135,0.0,5.243243243243243,0.8146718146718147,0.6486486486486487,1.4903474903474905,0.6061776061776062,0.03740310414482301,0.6435807103224291,0.43243243243243246,0.08108108108108109,37,0.18148940881245848,0.8467667800250613,1063.3513513513515,0.47314112027315064,LL,0.025,LL,0.025,False
1147061100,양천구,신월7동,17842,9322,1682,1807,5292,3485,0.0,5.7073170731707314,0.0,3.548780487804878,0.5174216027874565,0.36585365853658536,0.8832752613240419,0.38501742160278746,0.02109626300851298,0.40611368461130043,0.7439024390243902,0.5121951219512195,82,0.2966035197847775,0.47716157671274145,3936.731707317073,1.2252796456715311,LL,0.007,HL,0.007,True
1147062000,양천구,신정1동,19334,10379,1314,1166,3350,2184,0.4857142857142857,9.2,0.17142857142857143,5.9,0.926530612244898,0.8285714285714286,2.2408163265306125,0.6938775510204082,0.05766311888993547,0.9229692413389151,0.4,0.02857142857142857,70,0.1732698872452674,1.3178470851916972,1340.0,0.7393444323840486,ns,0.144,ns,0.144,False
1147063000,양천구,신정2동,18650,10112,1259,1239,3358,2119,0.44,7.3,0.16,4.08,0.76,0.98,2.18,0.5285714285714286,0.06919574266792257,0.7577671712393511,0.7,0.02,50,0.18005361930294905,1.4222328287606492,2350.6,0.6482231169334098,ns,0.168,ns,0.168,False
1147064000,양천구,신정3동,44056,24784,3257,3290,9133,5843,0.19047619047619047,10.208333333333334,0.11904761904761904,6.916666666666667,0.7976190476190477,0.8571428571428571,1.8452380952380953,0.6343537414965986,0.06315484449850076,0.8165562050427184,0.44047619047619047,0.02976190476190476,168,0.20730433993099692,1.028681890195377,4022.8690476190477,2.8331915838229023,ns,0.065,ns,0.065,False
1147067000,양천구,신정6동,23758,13080,1597,1415,3789,2374,0.575,9.7375,0.1875,6.45,0.8839285714285714,0.975,2.4339285714285714,0.7303571428571429,0.09081941225164837,1.0086765551087913,0.3625,0.0125,80,0.15948312147487162,1.4252520163197802,1373.5125,0.9260857595046399,ns,0.252,ns,0.252,False
1147068000,양천구,신정7동,27580,14475,2107,2179,6339,4160,0.5959595959595959,7.686868686868687,0.29292929292929293,4.8686868686868685,0.8398268398268398,0.8888888888888888,2.3246753246753245,0.6334776334776335,0.07338942404173605,0.9997963504486624,0.48484848484848486,0.0707070707070707,99,0.2298404641044235,1.324878974226662,3073.4545454545455,1.1430894344421298,ns,0.159,ns,0.159,False
1147055000,양천구,목5동,40317,21919,2286,2301,6092,3791,0.14465408805031446,6.383647798742138,0.05660377358490566,4.182389937106918,0.7187780772686433,0.9182389937106918,1.7816711590296495,0.4914645103324348,0.07325754726897463,0.6213258311863151,0.6226415094339622,0.025157232704402517,159,0.15110251258774215,1.1603453278433342,3793.132075471698,1.803775293913954,ns,0.365,ns,0.365,False
1147065000,양천구,신정4동,31161,18769,2294,2543,7451,4908,0.9900990099009901,10.92079207920792,0.6831683168316832,6.415841584158416,0.8429985855728429,0.5445544554455446,2.3776520509193775,0.6336633663366337,0.03653900602926604,1.353370689197583,0.19801980198019803,0.0,101,0.2391129938063605,1.0242813617217945,1475.4455445544554,0.9955172382917278,HL,0.043,HL,0.043,False
1150051000,강서구,염창동,40967,25555,2293,2286,5826,3540,0.6403508771929824,9.026315789473685,0.34210526315789475,5.298245614035087,0.7531328320802005,0.9210526315789473,2.31453634085213,0.5087719298245614,0.08194232684359253,0.9328195198260486,0.5701754385964912,0.07894736842105263,114,0.14221202431225133,1.3817168210260813,3321.842105263158,1.6777952657144284,ns,0.249,ns,0.249,False
1150052000,강서구,등촌1동,24852,17548,1326,1309,3741,2432,0.9523809523809523,13.428571428571429,0.5714285714285714,7.365079365079365,0.9138321995464852,0.9682539682539683,2.8344671201814062,0.6099773242630386,0.08237588412847925,1.2637817798200892,0.1746031746031746,0.0,63,0.15053114437469822,1.570685340361317,653.1904761904761,0.6584724121037346,ns,0.454,ns,0.454,False
1150053000,강서구,등촌2동,18830,11181,1481,1510,4093,2583,0.3548387096774194,9.629032258064516,0.11290322580645161,5.967741935483871,0.7119815668202766,0.6129032258064516,1.6797235023041475,0.48847926267281105,0.04092221340576066,0.6423047018850233,0.5,0.24193548387096775,62,0.21736590546999468,1.037418800419124,2046.5,0.8947177886643819,LL,0.046,HL,0.046,True
1150053500,강서구,등촌3동,28436,14739,2428,2884,8456,5572,0.6019417475728155,10.339805825242719,0.2524271844660194,6.766990291262136,0.9348127600554784,0.9611650485436893,2.497919556171983,0.7184466019417476,0.0873344324934945,1.0582082189012616,0.4563106796116505,0.02912621359223301,103,0.2973695315796877,1.4397113372707215,3858.5631067961167,1.0419374600695814,ns,0.41,ns,0.41,False
1150059000,강서구,화곡본동,31606,20144,2113,2361,6361,4000,0.35064935064935066,6.220779220779221,0.14285714285714285,3.4285714285714284,0.5528756957328386,0.5714285714285714,1.4749536178107607,0.3525046382189239,0.04343455708592542,0.5387963381619921,0.7272727272727273,0.4155844155844156,77,0.20125925457191673,0.9361572796487686,4626.181818181818,0.9813643988167657,LL,0.034,LL,0.034,False
1150055000,강서구,화곡2동,16638,9956,1305,1263,3577,2314,0.34782608695652173,5.217391304347826,0.0,3.6739130434782608,0.7453416149068323,0.5217391304347826,1.6149068322981368,0.5248447204968943,0.027578013382143052,0.5524227338790374,0.7608695652173914,0.21739130434782608,46,0.21498978242577232,1.0624840984190995,2721.630434782609,0.45659901388033974,ns,0.196,ns,0.196,False
1150056000,강서구,화곡3동,20398,11451,1446,1774,5211,3437,0.7346938775510204,7.163265306122449,0.32653061224489793,4.020408163265306,0.705539358600583,0.5306122448979592,1.9708454810495626,0.4518950437317784,0.03530395034077682,0.8137296063174532,0.5102040816326531,0.1836734693877551,49,0.25546622217864495,1.1571158747321095,2658.673469387755,0.5221337471976284,ns,0.296,ns,0.296,False
1150057000,강서구,화곡4동,18957,10810,1534,1697,4868,3171,0.03389830508474576,6.169491525423729,0.0,3.3728813559322033,0.6222760290556901,0.1864406779661017,0.8426150121065376,0.3825665859564164,0.009773409981344995,0.3923399959377614,0.7627118644067796,0.4745762711864407,59,0.25679168644827766,0.45027501616877613,3712.8813559322034,0.8553579431341031,ns,0.167,ns,0.167,False
1150059100,강서구,화곡6동,25204,15673,1730,1932,5135,3203,0.0,10.125,0.0,6.525,0.7357142857142857,0.775,1.5107142857142857,0.5642857142857143,0.05045522902869354,0.6147409433144079,0.525,0.1375,80,0.2037375019838121,0.8959733423998778,2695.875,1.0621249776034845,ns,0.491,ns,0.491,False
1150059300,강서구,화곡8동,22283,13275,1608,1874,5480,3606,0.7222222222222222,5.703703703703703,0.4074074074074074,3.4814814814814814,0.58994708994709,0.35185185185185186,1.6640211640211642,0.41005291005291006,0.02349238176997371,0.8409526992302913,0.5740740740740741,0.25925925925925924,54,0.24592738859220034,0.8230684647908729,3145.925925925926,0.5751249950436761,ns,0.162,ns,0.162,False
1150060300,강서구,가양1동,33295,24555,1711,1870,4327,2457,0.5310734463276836,5.559322033898305,0.2570621468926554,3.3220338983050848,0.5920096852300242,0.8220338983050848,1.9451170298627924,0.3805488297013721,0.07655837818720246,0.7141693547812299,0.6807909604519774,0.16666666666666666,354,0.12995945337137707,1.2309476750815627,2945.7824858757062,4.882081775596216,ns,0.423,ns,0.423,False
1150060400,강서구,가양2동,12787,5880,1094,1619,5059,3440,0.47619047619047616,9.071428571428571,0.23809523809523808,6.0,0.8605442176870749,0.9285714285714286,2.2653061224489797,0.7142857142857143,0.07413829571563132,1.0265192480965837,0.5,0.07142857142857142,42,0.39563619300852426,1.238786874352396,2529.5,0.6994284218155699,ns,0.157,ns,0.157,False
1150060500,강서구,가양3동,13300,7117,1046,1348,4236,2888,0.9215686274509803,9.098039215686274,0.49019607843137253,5.568627450980392,0.9019607843137255,0.9803921568627451,2.803921568627451,0.6890756302521007,0.07914545729991143,1.258417165983385,0.43137254901960786,0.0,51,0.3184962406015038,1.5455044026440659,1827.294117647059,0.6012077955141982,ns,0.159,ns,0.159,False
1150061100,강서구,발산1동,34517,19617,2215,2191,6293,4102,0.36796536796536794,6.025974025974026,0.1645021645021645,3.727272727272727,0.6042053184910328,0.8181818181818182,1.790352504638219,0.41249226963512675,0.07788265408510765,0.654877088222399,0.7012987012987013,0.10822510822510822,231,0.1823159602514703,1.13547541641582,4413.272727272727,2.9569013794336927,ns,0.051,ns,0.051,False
1150062000,강서구,공항동,28686,17148,1762,1815,5090,3275,0.22735674676524953,2.487985212569316,0.14972273567467653,1.5027726432532347,0.2622128333773435,0.26062846580406657,0.7501980459466596,0.17612886189595986,0.021530406683487924,0.3473820042541243,0.8317929759704251,0.6950092421441775,541,0.17743847172836924,0.4028160416925353,4233.826247689464,10.927074979745324,ns,0.228,ns,0.228,False
1150063000,강서구,방화1동,40415,22236,2811,3018,8660,5642,0.9076923076923077,7.376923076923077,0.5615384615384615,4.8307692307692305,0.8538461538461538,0.9615384615384616,2.723076923076923,0.6241758241758242,0.07717986682191362,1.2628941525361992,0.3076923076923077,0.0,130,0.21427687739700607,1.460182770540724,2664.6153846153848,1.4794769193809556,HL,0.017,LL,0.017,False
1150064000,강서구,방화2동,22354,12638,1705,2019,6021,4002,0.5414201183431953,3.828402366863905,0.29289940828402367,2.210059171597633,0.38503803888419275,0.3165680473372781,1.2430262045646663,0.24471682163989855,0.02149571887612979,0.5591119488000521,0.6804733727810651,0.42011834319526625,338,0.2693477677373177,0.6839142557646142,4097.130177514793,6.1819226481433,ns,0.301,ns,0.301,False
1150064100,강서구,방화3동,21157,11036,1661,2043,6426,4383,0.5357142857142857,6.696428571428571,0.375,3.9107142857142856,0.6760204081632653,0.6696428571428571,1.8813775510204083,0.42857142857142855,0.03809884640942165,0.8416702749808502,0.48214285714285715,0.1875,112,0.3037292621827291,1.039707276039558,3098.25,2.5527979299970043,ns,0.364,ns,0.364,False
1150054000,강서구,화곡1동,49574,31726,3471,3764,10702,6938,0.6101694915254238,7.516949152542373,0.2711864406779661,5.0508474576271185,0.8147699757869249,0.5,1.9249394673123486,0.6089588377723971,0.03225225293843848,0.9123975313888016,0.5932203389830508,0.1864406779661017,118,0.21587929156412636,1.0125419359235468,6348.64406779661,1.1917399594597333,ns,0.084,ns,0.084,False
1150061500,강서구,우장산동,43565,25522,2562,2657,7632,4975,0.801980198019802,9.653465346534654,0.43564356435643564,5.891089108910891,0.8076379066478077,0.6831683168316832,2.292786421499293,0.577086280056577,0.0536666651054845,1.066396509518497,0.3564356435643564,0.06930693069306931,101,0.1751865029266613,1.2263899119807957,2720.3168316831684,1.244359120696646,ns,0.08,ns,0.08,False
1153051000,구로구,신도림동,35718,21475,2077,2065,5914,3849,0.7837837837837838,10.00900900900901,0.40540540540540543,5.7207207207207205,0.6473616473616474,0.8828828828828829,2.314028314028314,0.453024453024453,0.0716892829442441,0.9301191413741025,0.4774774774774775,0.06306306306306306,111,0.16557478022285682,1.3839091726542114,2823.801801801802,1.3754647645380886,ns,0.401,ns,0.401,False
1153052000,구로구,구로1동,20014,12056,1244,1441,3583,2142,0.31868131868131866,5.2967032967032965,0.13186813186813187,2.868131868131868,0.6059654631083202,0.9560439560439561,1.8806907378335949,0.37833594976452123,0.06970267118563628,0.5799067528182893,0.6813186813186813,0.04395604395604396,91,0.17902468272209454,1.3007839850153056,2441.164835164835,1.0824908651219673,ns,0.357,ns,0.357,False
1153054000,구로구,구로3동,22634,15258,1316,1331,4132,2801,0.69,8.08,0.31,4.79,0.78,0.78,2.25,0.5071428571428571,0.05650985651213676,0.873652713654994,0.64,0.04,100,0.1825572148095785,1.376347286345006,2644.48,1.0423543920166698,ns,0.172,ns,0.172,False
1153055000,구로구,구로4동,17537,9555,1580,1603,5262,3659,0.9615384615384616,10.115384615384615,0.5769230769230769,6.519230769230769,0.9450549450549451,0.8461538461538461,2.7527472527472527,0.7554945054945055,0.05988093115493299,1.3922985135725154,0.2692307692307692,0.0,52,0.3000513200661459,1.3604487391747373,1416.6923076923076,0.5161187720659948,ns,0.307,ns,0.307,False
1153056000,구로구,구로5동,28435,17941,1990,1983,5915,3932,0.5979381443298969,10.70103092783505,0.29896907216494845,5.917525773195877,0.96759941089838,0.9690721649484536,2.5346097201767304,0.6966126656848306,0.08441405033371996,1.079995788183499,0.41237113402061853,0.020618556701030927,97,0.20801828732196237,1.4546139319932314,2439.1752577319585,1.022494745329547,ns,0.304,ns,0.304,False
1153072000,구로구,고척1동,26234,15484,1739,1857,5457,3600,0.3644859813084112,7.588785046728972,0.06542056074766354,4.299065420560748,0.7156208277703605,0.8317757009345794,1.9118825100133512,0.459279038718291,0.06574673368758997,0.5904463331535446,0.7663551401869159,0.14018691588785046,107,0.20801250285888542,1.3214361768598066,4182.0,1.1320626447691275,ns,0.136,ns,0.136,False
1153073000,구로구,고척2동,24683,13191,2051,2200,6523,4323,0.0,5.9,0.0,3.414285714285714,0.6877551020408162,0.4857142857142857,1.173469387755102,0.4714285714285714,0.01977021219083502,0.4911987836194064,0.9142857142857143,0.44285714285714284,70,0.2642709557185107,0.6822706041356955,5963.885714285714,0.9963981042593841,ns,0.291,ns,0.291,False
1153075000,구로구,개봉2동,29083,15806,2157,2569,7912,5343,0.75,8.102941176470589,0.3088235294117647,4.294117647058823,0.703781512605042,0.6911764705882353,2.1449579831932772,0.4789915966386554,0.05427117071993927,0.8420862967703594,0.47058823529411764,0.058823529411764705,68,0.2720489633119004,1.3028716864229177,3723.2941176470586,0.8150510626576802,LL,0.026,HL,0.026,True
1153076000,구로구,개봉3동,18482,9771,1620,1800,5290,3490,0.1774193548387097,4.354838709677419,0.0,2.7580645161290325,0.5529953917050691,0.4032258064516129,1.1336405529953917,0.3663594470046083,0.02046110670288033,0.38682055370748863,0.7741935483870968,0.14516129032258066,62,0.28622443458500163,0.746819999287903,4095.483870967742,0.8480480869609845,ns,0.348,ns,0.348,False
1153077000,구로구,오류1동,23027,14826,1443,1546,4867,3321,0.59375,7.59375,0.296875,5.0,0.71875,0.796875,2.109375,0.5401785714285714,0.06306903628586692,0.9001226077144383,0.484375,0.15625,64,0.21136057671429193,1.2092523922855616,2357.453125,0.746743613385741,ns,0.19,ns,0.19,False
1153080000,구로구,항동,15952,9061,836,926,2397,1471,0.036585365853658534,3.3780487804878048,0.0,2.6463414634146343,0.48257839721254353,0.926829268292683,1.445993031358885,0.3780487804878049,0.08579146956795278,0.4638402500557577,1.0,0.07317073170731707,82,0.15026328986960882,0.9821527813031272,2397.0,1.4332260149478215,ns,0.199,ns,0.199,False
1153079000,구로구,수궁동,21589,11497,1883,1979,5736,3757,0.3522012578616352,5.440251572327044,0.18867924528301888,3.6037735849056602,0.61455525606469,0.4088050314465409,1.3755615453728662,0.44204851752021557,0.025386278756575367,0.6561140415598099,0.5911949685534591,0.29559748427672955,159,0.2656908610866645,0.7194475038130563,3391.094339622641,2.654011032891268,LL,0.028,HL,0.028,True
1153059500,구로구,가리봉동,8871,5430,800,806,2233,1427,0.675,13.05,0.35,8.475,0.925,0.825,2.425,0.7142857142857143,0.04036418322295483,1.104649897508669,0.275,0.0,40,0.25171908465787396,1.320350102491331,614.075,0.40798625634201896,ns,0.46,ns,0.46,False
1153053000,구로구,구로2동,21586,11463,2061,2068,6506,4438,0.43137254901960786,10.81045751633987,0.16339869281045752,6.483660130718954,0.9094304388422035,0.8954248366013072,2.2362278244631186,0.6339869281045751,0.06633143087992577,0.8637170517949584,0.3790849673202614,0.026143790849673203,153,0.3013990549430186,1.3725107726681602,2466.326797385621,1.8086088570230416,ns,0.35,ns,0.35,False
1153074000,구로구,개봉1동,33128,18368,2674,2772,8142,5370,0.32673267326732675,12.198019801980198,0.18811881188118812,6.97029702970297,0.900990099009901,0.7920792079207921,2.01980198019802,0.6478076379066479,0.05709219692072819,0.8930186467085641,0.4752475247524752,0.1188118811881188,101,0.2457739676406665,1.1267833334894557,3869.4653465346532,1.1261209027494634,ns,0.071,ns,0.071,False
1154551000,금천구,가산동,25639,19731,1309,1340,3483,2143,0.5093457943925234,8.355140186915888,0.2757009345794392,5.014018691588785,0.8037383177570093,0.9345794392523364,2.2476635514018692,0.5827770360480641,0.08191396328289899,0.9403919339104023,0.5327102803738317,0.018691588785046728,214,0.1358477319708257,1.307271617491467,1855.429906542056,2.242563537841465,ns,0.401,ns,0.401,False
1154561000,금천구,독산1동,47736,32090,3087,2833,7621,4788,0.5722543352601156,9.31791907514451,0.24855491329479767,5.780346820809249,0.7836498761354254,0.8670520231213873,2.222956234516928,0.5656482246077622,0.07866182692499868,0.8928649648275585,0.5606936416184971,0.028901734104046242,173,0.15964890229596113,1.3300912696893694,4273.046242774566,1.9629639202875147,ns,0.222,ns,0.222,False
1154562000,금천구,독산2동,16964,9369,1728,1676,4483,2807,0.0,11.153846153846153,0.0,6.384615384615385,0.8763736263736264,0.7307692307692307,1.6071428571428572,0.5384615384615384,0.04657405756494788,0.5850355960264864,0.5,0.0,52,0.26426550341900495,1.0221072611163708,2241.5,0.6157430127085566,ns,0.071,ns,0.071,False
1154563000,금천구,독산3동,22518,12891,2142,2211,5939,3728,0.0,11.743589743589743,0.0,7.423076923076923,0.8754578754578756,0.8846153846153846,1.76007326007326,0.717948717948718,0.0650558264399272,0.7830045443886451,0.46153846153846156,0.05128205128205128,78,0.26374455990762946,0.977068715684615,2741.0769230769233,0.9452970321387638,ns,0.22,ns,0.22,False
1154564000,금천구,독산4동,13775,7496,1550,1383,3691,2308,0.0,12.358490566037736,0.0,7.7924528301886795,0.8113207547169812,0.4528301886792453,1.2641509433962264,0.6738544474393531,0.028287567757326836,0.70214201519668,0.39622641509433965,0.07547169811320754,53,0.2679491833030853,0.5620089281995464,1462.4716981132076,0.6191491204341936,ns,0.094,ns,0.094,False
1154567000,금천구,시흥1동,30949,17627,2681,2601,7673,5072,0.2746478873239437,11.915492957746478,0.1267605633802817,7.21830985915493,0.8289738430583501,0.7253521126760564,1.8289738430583502,0.6529175050301811,0.05360233586951748,0.8332804042799803,0.4225352112676056,0.1267605633802817,142,0.24792400400659148,0.9956934387783699,3242.112676056338,1.4758686223250692,LL,0.019,HL,0.019,True
1154568000,금천구,시흥2동,19668,10022,1723,1830,5188,3358,0.0,4.04,0.0,2.36,0.5085714285714286,0.28,0.7885714285714286,0.3057142857142857,0.01845219804477935,0.32416648375906504,0.94,0.72,50,0.2637787268659752,0.46440494481236355,4876.719999999999,1.1793039872674438,ns,0.051,ns,0.051,False
1154569000,금천구,시흥3동,9865,5168,936,1052,2913,1861,0.35365853658536583,7.646341463414634,0.17073170731707318,3.9878048780487805,0.6689895470383275,0.524390243902439,1.5470383275261324,0.38327526132404177,0.030941185745819035,0.584948154386934,0.6463414634146342,0.23170731707317074,82,0.2952863659401926,0.9620901731391983,1882.7926829268292,1.3348984553945573,ns,0.198,ns,0.198,False
1154570000,금천구,시흥4동,18166,9307,1841,1924,5351,3427,0.0,6.326530612244898,0.0,4.428571428571429,0.6763848396501457,0.6326530612244898,1.3090379008746356,0.5160349854227405,0.05177912716647267,0.5678141125892132,0.6122448979591837,0.1836734693877551,49,0.294561268303424,0.7412237882854223,3276.122448979592,0.7706961112954812,LL,0.021,HL,0.021,True
1154571000,금천구,시흥5동,17088,8718,1639,1675,5196,3521,0.0,9.25,0.0,5.946428571428571,0.788265306122449,0.26785714285714285,1.0561224489795917,0.5841836734693878,0.012356382619271886,0.5965400560886597,0.5535714285714286,0.23214285714285715,56,0.30407303370786515,0.45958239289093206,2876.357142857143,1.4258531633702503,LL,0.004,HL,0.004,True
1156054000,영등포구,여의동,33914,19253,2366,2171,7182,5011,0.797153024911032,11.758007117437723,0.46619217081850534,7.096085409252669,0.8063040162684291,0.9181494661921709,2.521606507371632,0.6065073716319267,0.09275348661299229,1.1654530290634244,0.3665480427046263,0.0498220640569395,281,0.2117709500501268,1.3561534783082076,2632.5480427046264,8.202924467414121,ns,0.143,ns,0.143,False
1156055000,영등포구,당산1동,20973,14088,1231,1290,3876,2586,1.0,10.301369863013699,0.7534246575342466,5.232876712328767,0.8140900195694717,0.9863013698630136,2.8003913894324852,0.5068493150684932,0.09636850006263188,1.3566424726653716,0.2054794520547945,0.0,73,0.18480904019453584,1.4437489167671136,796.4383561643835,0.7429552693944722,ns,0.117,ns,0.117,False
1156056000,영등포구,당산2동,36222,24321,1951,1895,5527,3632,0.8292682926829268,12.878048780487806,0.44715447154471544,6.796747967479675,0.8977932636469222,0.8617886178861789,2.588850174216028,0.5667828106852496,0.07407132345211223,1.0880086056820775,0.3902439024390244,0.0,123,0.15258682568604715,1.5008415685339507,2156.878048780488,1.6337857556084485,HH,0.044,LH,0.044,False
1156061000,영등포구,양평1동,19636,13565,896,915,2846,1931,0.9444444444444444,9.027777777777779,0.5555555555555556,6.166666666666667,0.6924603174603174,1.0,2.636904761904762,0.5297619047619047,0.09610519814989245,1.1814226584673526,0.2361111111111111,0.0,72,0.14493786921980037,1.4554821034374092,671.9722222222222,0.8641328560243103,ns,0.321,ns,0.321,False
1156062000,영등포구,양평2동,22354,15271,1183,1214,3243,2029,0.6554054054054054,11.743243243243244,0.28378378378378377,6.027027027027027,0.7625482625482626,0.722972972972973,2.140926640926641,0.4884169884169884,0.052987730871832596,0.8251885030726047,0.47297297297297297,0.060810810810810814,148,0.14507470698756375,1.3157381378540363,1533.8513513513512,2.891935810274288,ns,0.386,ns,0.386,False
1156063000,영등포구,신길1동,18870,12087,1308,1394,4097,2703,0.72,10.573333333333334,0.44,5.626666666666667,0.758095238095238,0.7466666666666667,2.224761904761905,0.49523809523809526,0.04766817828234666,0.9829062735204419,0.37333333333333335,0.05333333333333334,75,0.21711711711711712,1.241855631241463,1529.5466666666666,0.8112098442015208,HH,0.022,HH,0.022,False
1156065000,영등포구,신길3동,16048,9029,1294,1313,3831,2518,0.02040816326530612,10.142857142857142,0.0,6.571428571428571,0.956268221574344,0.9183673469387755,1.8950437317784257,0.7638483965014577,0.077668690749709,0.8415170872511667,0.5510204081632653,0.04081632653061224,49,0.23872133599202394,1.0535266445272589,2110.9591836734694,0.48005952018029524,ns,0.447,ns,0.447,False
1156066000,영등포구,신길4동,11752,6604,956,997,2820,1823,0.07407407407407407,9.666666666666666,0.0,6.925925925925926,0.8783068783068784,0.7777777777777778,1.7301587301587302,0.6984126984126985,0.0640701320999283,0.7624828305126267,0.4444444444444444,0.037037037037037035,27,0.23995915588835942,0.9676758996461036,1253.3333333333333,0.28807199496508246,ns,0.082,ns,0.082,False
1156067000,영등포구,신길5동,9496,5078,759,829,2399,1570,0.7142857142857143,11.122448979591837,0.2857142857142857,6.8979591836734695,0.9766763848396501,0.6326530612244898,2.3236151603498545,0.7725947521865889,0.04001114371954706,1.0983201816204218,0.46938775510204084,0.02040816326530612,49,0.25263268744734624,1.2252949787294327,1126.061224489796,0.5305405503920819,ns,0.487,ns,0.487,False
1156068000,영등포구,신길6동,17675,10869,1273,1303,3804,2501,0.9384615384615385,12.169230769230769,0.6461538461538462,7.415384615384616,0.9736263736263736,0.9692307692307692,2.8813186813186813,0.7824175824175824,0.06564724304392654,1.4942186716153552,0.2,0.0,65,0.21521923620933522,1.3871000097033261,760.8000000000001,0.6792995324334886,ns,0.091,ns,0.091,False
1156069000,영등포구,신길7동,19305,11392,1155,1128,3169,2041,0.96,13.42,0.6,8.08,0.88,1.0,2.84,0.6228571428571429,0.08303489120150707,1.30589203405865,0.36,0.0,50,0.16415436415436416,1.53410796594135,1140.84,0.5476501970023684,ns,0.089,ns,0.089,False
1156070000,영등포구,대림1동,13177,7106,1154,1151,3726,2575,0.24489795918367346,9.46938775510204,0.02040816326530612,5.612244897959184,0.8833819241982507,0.673469387755102,1.8017492711370264,0.6005830903790087,0.04707193378770243,0.6680631874320173,0.7959183673469388,0.1836734693877551,49,0.28276542460347576,1.1336860837050091,2965.591836734694,0.4813513566224419,ns,0.103,ns,0.103,False
1156071000,영등포구,대림2동,11429,6628,939,936,3177,2241,0.9818181818181818,8.436363636363636,0.5818181818181818,5.0181818181818185,0.7246753246753246,0.4909090909090909,2.1974025974025975,0.509090909090909,0.031452610303601164,1.122361701212692,0.36363636363636365,0.01818181818181818,55,0.27797707585965525,1.0750408961899054,1155.2727272727273,0.5784559368330663,ns,0.425,ns,0.425,False
1156072000,영등포구,대림3동,20591,11391,1853,2001,5563,3562,0.3707865168539326,6.0,0.19101123595505617,3.9775280898876404,0.7447833065810593,0.8876404494382022,2.003210272873194,0.5377207062600321,0.06738162207363246,0.7961135642887207,0.7865168539325843,0.0449438202247191,89,0.2701665776310038,1.2070967085844733,4375.393258426967,0.9368273754003236,ns,0.311,ns,0.311,False
1156051500,영등포구,영등포본동,20189,11554,1702,1689,4929,3240,0.7922077922077922,11.272727272727273,0.4935064935064935,6.194805194805195,0.8274582560296846,1.0,2.6196660482374767,0.5862708719851576,0.09286008756301296,1.1726374530546642,0.2987012987012987,0.0,77,0.2441428500668681,1.4470285951828126,1472.2987012987012,0.8076398017261397,ns,0.465,ns,0.465,False
1156053500,영등포구,영등포동,31213,24060,1454,1428,3905,2477,0.9202898550724637,17.152173913043477,0.5507246376811594,10.434782608695652,0.8944099378881988,0.9855072463768116,2.800207039337474,0.6915113871635611,0.0818983427712127,1.3241343676159332,0.2246376811594203,0.0,138,0.12510812802357993,1.4760726717215409,877.2101449275362,1.4147652805348208,HH,0.047,LH,0.047,False
1156058500,영등포구,도림동,17519,10887,1295,1343,3896,2553,0.29411764705882354,8.568627450980392,0.0392156862745098,4.2745098039215685,0.865546218487395,1.0,2.1596638655462184,0.5378151260504201,0.0814067560799089,0.6584375684048388,0.7254901960784313,0.0,51,0.2223871225526571,1.5012262971413795,2826.5098039215686,0.5494085157642955,ns,0.497,ns,0.497,False
1156060500,영등포구,문래동,31057,18771,1609,1628,5327,3699,0.8113207547169812,10.30817610062893,0.3584905660377358,5.823899371069182,0.7879604672057502,0.9371069182389937,2.536388140161725,0.5462713387241689,0.07688415851991397,0.9816460632818188,0.5094339622641509,0.0,159,0.1715233280741862,1.554742076879906,2713.754716981132,1.7416611476546995,ns,0.118,ns,0.118,False
1159052000,동작구,노량진2동,7391,4734,527,630,1811,1181,0.9384615384615385,16.03076923076923,0.35384615384615387,9.215384615384615,0.8175824175824177,0.5692307692307692,2.325274725274725,0.5538461538461539,0.02661374717997022,0.9343060548722779,0.46153846153846156,0.03076923076923077,65,0.2450277364362062,1.390968670402447,835.8461538461539,0.6485024106218249,HH,0.02,HH,0.02,False
1159053000,동작구,상도1동,43946,27796,2690,2817,8625,5808,0.8934426229508197,11.114754098360656,0.5245901639344263,7.172131147540983,0.8817330210772834,0.680327868852459,2.455503512880562,0.6615925058548009,0.04631955451814489,1.232502224307372,0.36065573770491804,0.08196721311475409,122,0.19626359623173895,1.2230012885731898,3110.655737704918,1.4300717985860403,ns,0.155,ns,0.155,False
1159054000,동작구,상도2동,26674,16093,1665,1714,5128,3414,0.9859154929577465,13.859154929577464,0.647887323943662,8.507042253521126,0.9295774647887324,0.8873239436619719,2.8028169014084505,0.7283702213279678,0.07309409436752384,1.4493516396391537,0.28169014084507044,0.0,71,0.19224713203868937,1.3534652617692968,1444.5070422535211,0.7763725461276935,ns,0.331,ns,0.331,False
1159055000,동작구,상도3동,23306,14226,1736,1764,5441,3677,0.5689655172413793,7.413793103448276,0.25862068965517243,4.620689655172414,0.6699507389162561,0.2413793103448276,1.480295566502463,0.4975369458128079,0.011930300459986649,0.768087935927967,0.6896551724137931,0.41379310344827586,58,0.23345919505706686,0.7122076305744961,3752.4137931034484,0.6727431334020164,ns,0.077,ns,0.077,False
1159056000,동작구,상도4동,28593,17275,2151,2141,6317,4176,0.2876712328767123,6.027397260273973,0.0273972602739726,3.7945205479452055,0.7064579256360078,0.136986301369863,1.1311154598825832,0.47553816046966735,0.0031596229528731766,0.506095043696513,0.8904109589041096,0.5342465753424658,73,0.22092819920959675,0.6250204161860702,5624.726027397261,0.9677937770563769,ns,0.352,ns,0.352,False
1159062000,동작구,사당1동,22111,15069,1402,1419,4400,2981,0.6721311475409836,11.442622950819672,0.3442622950819672,6.80327868852459,0.7868852459016393,0.6721311475409836,2.1311475409836067,0.5386416861826697,0.05482722779698783,0.9377312090616248,0.39344262295081966,0.11475409836065574,61,0.198995974854145,1.193416331921982,1731.1475409836066,0.6322528460421566,ns,0.067,ns,0.067,False
1159064000,동작구,사당3동,23124,13122,1563,1746,5441,3695,0.671875,7.03125,0.328125,4.703125,0.7455357142857143,0.890625,2.3080357142857144,0.5825892857142857,0.07388087107772982,0.9845951567920155,0.53125,0.109375,64,0.23529666147725306,1.323440557493699,2890.53125,0.8936879578259551,ns,0.357,ns,0.357,False
1159065000,동작구,사당4동,13488,8242,911,1051,3265,2214,0.7575757575757576,4.0,0.3333333333333333,2.0606060606060606,0.4805194805194805,0.24242424242424243,1.4805194805194803,0.28138528138528135,0.010484203434533722,0.6252028181531484,0.6060606060606061,0.21212121212121213,33,0.24206702253855278,0.855316662366332,1978.7878787878788,0.4269366744105521,ns,0.414,ns,0.414,False
1159065100,동작구,사당5동,13673,8358,961,897,2777,1880,0.41025641025641024,6.923076923076923,0.2564102564102564,4.743589743589744,0.8571428571428572,0.41025641025641024,1.6776556776556777,0.6336996336996338,0.02661374717997022,0.9167236372898603,0.48717948717948717,0.15384615384615385,39,0.20310100197469466,0.7609320403658174,1352.8974358974358,0.6612439818251229,ns,0.351,ns,0.351,False
1159066000,동작구,대방동,33405,20646,1966,1954,6235,4281,0.781021897810219,13.64963503649635,0.583941605839416,8.262773722627736,0.7935349322210635,0.7372262773722628,2.3117831074035453,0.6266944734098019,0.048824246651332226,1.2594603259005501,0.32116788321167883,0.10218978102189781,137,0.18664870528364016,1.0523227815029952,2002.4817518248176,1.5865392536450067,HH,0.005,LH,0.005,False
1159067000,동작구,신대방1동,22734,13335,1547,1620,4757,3137,0.8870967741935484,10.274193548387096,0.3870967741935484,5.790322580645161,0.815668202764977,0.5645161290322581,2.267281105990784,0.5253456221198156,0.03534191157770238,0.9477843078910664,0.3387096774193548,0.03225806451612903,62,0.20924606316530306,1.3194967980997174,1611.2419354838707,0.6835451476920437,ns,0.111,ns,0.111,False
1159068000,동작구,신대방2동,22097,13995,1240,1242,4005,2763,1.0,10.367647058823529,0.75,6.411764705882353,0.8802521008403361,0.7941176470588235,2.67436974789916,0.6617647058823529,0.06953493748492219,1.4812996433672752,0.1323529411764706,0.0,68,0.1812463230302756,1.1930701045318848,530.0735294117648,1.0324316430072078,HH,0.034,LH,0.034,False
1159060500,동작구,흑석동,29799,17481,2071,1934,5843,3909,0.48872180451127817,7.285714285714286,0.24060150375939848,4.796992481203008,0.6713211600429645,0.849624060150376,2.0096670247046187,0.49946294307196565,0.06503359273300992,0.8050980395643741,0.6165413533834586,0.10526315789473684,133,0.19608040538273097,1.2045689851402446,3602.4511278195487,1.7240008961817859,ns,0.397,ns,0.397,False
1159051000,동작구,노량진1동,33409,21214,2137,2257,6855,4598,0.905511811023622,16.291338582677167,0.5196850393700787,8.834645669291339,0.7986501687289089,0.7795275590551181,2.483689538807649,0.545556805399325,0.05720907858371551,1.1224509233531192,0.4094488188976378,0.007874015748031496,127,0.205184231793828,1.36123861545453,2806.771653543307,1.6264964462884932,ns,0.277,ns,0.277,False
1159063000,동작구,사당2동,27574,15933,1854,2036,6554,4518,0.4491017964071856,6.413173652694611,0.2754491017964072,3.7365269461077846,0.4773310521813515,0.4311377245508982,1.3575705731394354,0.31308810949529514,0.030385356061762403,0.6189225673534647,0.6047904191616766,0.39520958083832336,167,0.23768767679698266,0.7386480057859707,3963.7964071856286,2.7439621099059956,ns,0.334,ns,0.334,False
1162052500,관악구,보라매동,22885,14172,1568,1703,5312,3609,0.71875,8.953125,0.390625,4.828125,0.7924107142857143,0.484375,1.9955357142857142,0.5200892857142857,0.023425642049036285,0.934139927763322,0.453125,0.140625,64,0.23211710727550797,1.0613957865223922,2407.0,0.7616011937153082,HH,0.031,HH,0.031,False
1162054500,관악구,청림동,14099,8164,980,981,3158,2177,0.0,9.064516129032258,0.0,4.967741935483871,0.8663594470046083,0.0,0.8663594470046083,0.4976958525345622,0.0,0.4976958525345622,0.6129032258064516,0.1935483870967742,31,0.22398751684516632,0.3686635944700461,1935.5483870967741,0.316304633720227,ns,0.437,ns,0.437,False
1162057500,관악구,행운동,28396,19975,1504,1555,5064,3509,0.7230769230769231,12.092307692307692,0.38461538461538464,7.3538461538461535,0.7538461538461538,0.6923076923076923,2.169230769230769,0.5494505494505495,0.04790474492394639,0.9819706789898804,0.4461538461538462,0.18461538461538463,65,0.17833497675728976,1.1872600902408887,2259.323076923077,0.7232394732538585,HL,0.014,LL,0.014,False
1162058500,관악구,낙성대동,17678,13573,643,695,2279,1584,0.4111111111111111,8.988888888888889,0.17777777777777778,6.1,0.6507936507936508,0.6666666666666666,1.7285714285714286,0.5063492063492063,0.060225924173932605,0.7443529083009167,0.6777777777777778,0.26666666666666666,90,0.12891729833691595,0.9842185202705119,1544.6555555555556,2.3405526828498924,ns,0.2,ns,0.2,False
1162061500,관악구,중앙동,15205,11025,720,818,2709,1891,0.868421052631579,12.5,0.3157894736842105,7.842105263157895,0.9022556390977443,0.8947368421052632,2.665413533834587,0.6616541353383458,0.06676782187255687,1.0442114308951134,0.47368421052631576,0.0,38,0.17816507727721145,1.6212021029394734,1283.2105263157894,0.37973542463195037,ns,0.27,ns,0.27,False
1162062500,관악구,인헌동,24891,16829,1536,1495,4802,3307,0.46296296296296297,4.944444444444445,0.2777777777777778,3.0555555555555554,0.4153439153439153,0.3148148148148148,1.1931216931216932,0.2777777777777778,0.019221039629978492,0.574776595185534,0.6666666666666666,0.5185185185185185,54,0.19292113615362982,0.6183450979361592,3201.333333333333,0.7056522289227651,ns,0.247,ns,0.247,False
1162063000,관악구,남현동,17072,11300,1093,1146,3422,2276,0.4626865671641791,5.925373134328358,0.208955223880597,3.208955223880597,0.5778251599147122,0.4925373134328358,1.533049040511727,0.3411513859275053,0.034425742620857,0.5845323524289594,0.6567164179104478,0.31343283582089554,67,0.20044517338331772,0.9485166880827676,2247.283582089552,4.232746070020839,ns,0.16,ns,0.16,False
1162064500,관악구,서원동,22728,16537,1236,1271,3912,2641,1.0,16.06122448979592,0.8163265306122449,9.571428571428571,0.9650145772594751,0.6530612244897959,2.618075801749271,0.705539358600583,0.042364740408932185,1.56423062962176,0.061224489795918366,0.0,49,0.17212249208025343,1.053845172127511,239.51020408163265,0.6306240415876353,ns,0.084,ns,0.084,False
1162065500,관악구,신원동,17109,11486,1057,1088,3690,2602,0.6595744680851063,8.74468085106383,0.2765957446808511,4.425531914893617,0.6747720364741642,0.425531914893617,1.7598784194528874,0.42857142857142855,0.022083747659975287,0.727250920912255,0.5957446808510638,0.23404255319148937,47,0.21567596002104156,1.0326274985406325,2198.2978723404253,0.576241308409529,ns,0.226,ns,0.226,False
1162066500,관악구,서림동,23602,16550,1364,1419,4311,2892,0.7868852459016393,10.59016393442623,0.4426229508196721,6.819672131147541,0.8594847775175645,0.45901639344262296,2.1053864168618266,0.6323185011709601,0.03214009905340666,1.1070815510440388,0.32786885245901637,0.08196721311475409,61,0.1826540123718329,0.9983048658177878,1413.4426229508197,0.7620925757273236,ns,0.395,ns,0.395,False
1162068500,관악구,신사동,22010,15367,1320,1311,4127,2816,0.5254237288135594,11.338983050847459,0.22033898305084745,6.694915254237288,0.8547215496368039,0.7288135593220338,2.108958837772397,0.5714285714285714,0.04691236791045598,0.8386799223898749,0.423728813559322,0.01694915254237288,59,0.18750567923671058,1.2702789153825222,1748.728813559322,0.6054131693779526,ns,0.119,ns,0.119,False
1162069500,관악구,신림동,23451,19829,755,718,2222,1504,1.0,18.70212765957447,0.7872340425531915,11.212765957446809,0.9604863221884499,0.9787234042553191,2.939209726443769,0.7781155015197568,0.08097374141990939,1.6463232854928576,0.1702127659574468,0.0,47,0.09475075689736046,1.2928864409509115,378.2127659574468,0.5072626041066034,ns,0.093,ns,0.093,False
1162071500,관악구,난향동,14222,7885,1060,1097,3310,2213,0.0,5.815789473684211,0.0,4.052631578947368,0.7481203007518796,0.21052631578947367,0.9586466165413534,0.5338345864661654,0.01213960397682852,0.5459741904429939,0.7368421052631579,0.42105263157894735,38,0.23273801153143017,0.4126724260983595,2438.9473684210525,0.7997640821102205,LL,0.001,HL,0.001,True
1162072500,관악구,조원동,19935,13747,1170,1212,3574,2362,0.6507936507936508,15.11111111111111,0.23809523809523808,8.492063492063492,0.909297052154195,0.6984126984126984,2.258503401360544,0.655328798185941,0.05125610567994264,0.9446801419611218,0.4444444444444444,0.015873015873015872,63,0.17928266867318787,1.3138232593994221,1588.4444444444443,0.6478287201314002,ns,0.343,ns,0.343,False
1162073500,관악구,대학동,25084,18686,1364,1214,3674,2460,0.3275862068965517,6.390804597701149,0.16666666666666666,4.212643678160919,0.6330049261083743,0.28160919540229884,1.242200328407225,0.46223316912972084,0.017895450689979973,0.6467952864863675,0.7068965517241379,0.5862068965517241,174,0.14646786796364217,0.5954050419208574,2597.137931034483,8.488326193997075,ns,0.315,ns,0.315,False
1162060500,관악구,은천동,31236,18819,2098,2149,6879,4730,0.5428571428571428,10.242857142857142,0.24285714285714285,6.914285714285715,0.846938775510204,0.8142857142857143,2.204081632653061,0.6571428571428571,0.06754822498535298,0.9675482249853531,0.5285714285714286,0.18571428571428572,70,0.22022666154437187,1.236533407667708,3636.0428571428574,0.7341750385286845,ns,0.24,ns,0.24,False
1162056500,관악구,성현동,29432,16744,2009,2052,6512,4460,0.03278688524590164,6.049180327868853,0.0,3.5245901639344264,0.6721311475409836,0.3442622950819672,1.0491803278688525,0.4262295081967213,0.015124752495720779,0.4413542606924421,0.8524590163934426,0.45901639344262296,61,0.22125577602609406,0.6078260671764104,5551.213114754098,0.6859381445695736,ns,0.351,ns,0.351,False
1162059500,관악구,청룡동,36134,26850,1564,1715,5446,3731,0.7391304347826086,10.358695652173912,0.43478260869565216,6.336956521739131,0.7360248447204968,0.7717391304347826,2.2468944099378882,0.562111801242236,0.06017021101558484,1.0570646209534729,0.3804347826086957,0.010869565217391304,92,0.15071677644323905,1.1898297889844154,2071.8478260869565,1.2169888965843045,ns,0.231,ns,0.231,False
1162077500,관악구,난곡동,23988,13325,2215,2137,6480,4343,0.0,4.956521739130435,0.0,3.463768115942029,0.6004140786749482,0.2028985507246377,0.8033126293995859,0.4306418219461698,0.011699763253030385,0.44234158519920014,0.6376811594202898,0.42028985507246375,69,0.27013506753376687,0.3609710442003858,4132.173913043478,1.0141391491838023,ns,0.052,ns,0.052,False
1162074500,관악구,삼성동,19850,9915,1891,2047,6432,4385,0.2714285714285714,6.8,0.14285714285714285,4.8428571428571425,0.8285714285714286,0.08571428571428572,1.1857142857142857,0.6224489795918368,0.0065900707302783395,0.771896193179258,0.45714285714285713,0.17142857142857143,70,0.3240302267002519,0.41381809253502777,2940.342857142857,2.587609290191011,LL,0.011,HL,0.011,True
1162076500,관악구,미성동,28290,15997,2254,2441,7209,4768,0.0,9.855555555555556,0.0,6.322222222222222,0.7984126984126985,0.7222222222222222,1.5206349206349208,0.5984126984126984,0.052537508321941206,0.6509502067346397,0.4888888888888889,0.2,90,0.2548250265111347,0.8696847139002811,3524.4,1.3401475477450275,LL,0.009,HL,0.009,True
1165051000,서초구,서초1동,19996,12477,1198,1145,3655,2510,0.5901639344262295,6.524590163934426,0.30327868852459017,3.8360655737704916,0.7377049180327869,0.6557377049180327,1.9836065573770492,0.4789227166276347,0.03592128717733685,0.8181226923295617,0.6229508196721312,0.05737704918032787,122,0.1827865573114623,1.1654838650474875,2276.8852459016393,1.3707869701888125,ns,0.471,ns,0.471,False
1165052000,서초구,서초2동,24862,16049,1117,1085,3478,2393,0.5545454545454546,16.1,0.2636363636363636,9.209090909090909,0.8792207792207791,0.9272727272727272,2.361038961038961,0.687012987012987,0.06605048163756246,1.0166998322869132,0.42727272727272725,0.00909090909090909,110,0.13989220497144236,1.3443391287520479,1486.0545454545454,1.2339576097287825,ns,0.429,ns,0.429,False
1165053000,서초구,서초3동,32129,20321,1957,1889,5857,3968,0.6082949308755761,9.170506912442397,0.3640552995391705,5.755760368663594,0.8966425279789335,0.783410138248848,2.2883475971033573,0.6708360763660304,0.054208646329708926,1.0891000222349096,0.423963133640553,0.07834101382488479,217,0.18229636776743752,1.1992475748684477,2483.1520737327187,3.008516917481819,ns,0.5,ns,0.5,False
1165053100,서초구,서초4동,29895,17050,1701,1481,4955,3474,0.8275862068965517,14.517241379310345,0.367816091954023,8.068965517241379,0.8407224958949097,0.9195402298850575,2.587848932676519,0.632183908045977,0.06627944699992583,1.0662794469999257,0.4942528735632184,0.0,87,0.16574678039805987,1.5215694856765931,2449.022988505747,0.8757066137422275,ns,0.234,ns,0.234,False
1165054000,서초구,잠원동,34587,20507,2028,1832,5283,3451,0.7931034482758621,9.448275862068966,0.5,4.870689655172414,0.7019704433497537,0.8362068965517241,2.33128078817734,0.44704433497536944,0.05766311888993547,1.004707453865305,0.4396551724137931,0.0,116,0.15274525110590684,1.326573334312035,2322.698275862069,1.8364808991248607,ns,0.433,ns,0.433,False
1165055000,서초구,반포본동,2606,1426,140,122,396,274,0.9859154929577465,8.901408450704226,0.7605633802816901,4.098591549295775,0.5392354124748491,0.36619718309859156,1.891348088531187,0.2756539235412475,0.022740384914340748,1.0589576887372785,0.23943661971830985,0.014084507042253521,71,0.15195702225633154,0.8323903997939086,94.8169014084507,1.0457141909045073,ns,0.33,ns,0.33,False
1165056000,서초구,반포1동,33069,20153,1514,1485,4633,3148,0.9896907216494846,10.690721649484535,0.7422680412371134,5.958762886597938,0.727540500736377,0.9587628865979382,2.6759941089837995,0.46097201767304863,0.07252474746981574,1.2757648063799778,0.2268041237113402,0.0,97,0.14010100093743386,1.4002293026038217,1050.7835051546392,1.0090204071944489,ns,0.197,ns,0.197,False
1165057000,서초구,반포2동,26431,14440,1322,1232,4084,2852,0.9012345679012346,10.765432098765432,0.5555555555555556,6.037037037037037,0.8148148148148148,0.7407407407407407,2.45679012345679,0.5255731922398589,0.0569512285332696,1.1380799763286842,0.30864197530864196,0.0,81,0.15451553100525897,1.3187101471281057,1260.4938271604938,1.1874956304855573,ns,0.261,ns,0.261,False
1165058000,서초구,반포3동,23489,13649,1325,1212,3765,2553,0.8695652173913043,10.869565217391305,0.4927536231884058,5.753623188405797,0.7846790890269151,0.782608695652174,2.4368530020703933,0.5238095238095237,0.06017021101558484,1.0767333580135143,0.4927536231884058,0.043478260869565216,69,0.16028779428668738,1.360119644056879,1855.217391304348,1.308172570744651,ns,0.439,ns,0.439,False
1165058100,서초구,반포4동,17732,10063,1055,1119,3340,2221,0.5609756097560976,7.40650406504065,0.3333333333333333,4.317073170731708,0.6596980255516841,0.7317073170731707,1.9523809523809523,0.4250871080139373,0.0496934195311639,0.8081138608784345,0.6341463414634146,0.2032520325203252,123,0.18836002706970448,1.1442670915025177,2118.048780487805,1.4574233782692334,ns,0.139,ns,0.139,False
1165059000,서초구,방배본동,19706,11312,1253,1166,3630,2464,0.16666666666666666,9.606060606060606,0.015151515151515152,5.909090909090909,0.8593073593073594,0.8787878787878788,1.9047619047619049,0.5974025974025974,0.06290522060720233,0.6754593331613149,0.7121212121212122,0.10606060606060606,66,0.1842078554754897,1.22930257160059,2585.0,0.6591539888457154,ns,0.446,ns,0.446,False
1165060000,서초구,방배1동,16385,9759,979,1075,3465,2390,1.0,8.428571428571429,0.6785714285714286,5.375,0.8571428571428571,0.6607142857142857,2.517857142857143,0.6173469387755102,0.04530673627066358,1.3412251036176024,0.30357142857142855,0.0,56,0.21147390906316754,1.1766320392395404,1051.875,0.6975452251914878,ns,0.407,ns,0.407,False
1165061000,서초구,방배2동,17387,9871,1231,1380,4095,2715,0.7714285714285715,7.614285714285714,0.39285714285714285,4.357142857142857,0.6612244897959183,0.6428571428571429,2.0755102040816324,0.4530612244897959,0.04695425395323317,0.8928726213001719,0.5214285714285715,0.12142857142857143,140,0.23552079139587048,1.1826375827814606,2135.25,1.9330436208306092,ns,0.416,ns,0.416,False
1165062000,서초구,방배3동,15344,8310,1075,1105,3388,2283,0.32407407407407407,8.13888888888889,0.12962962962962962,5.407407407407407,0.8888888888888888,0.7962962962962963,2.009259259259259,0.6534391534391534,0.05552744781993786,0.8385962308887209,0.5092592592592593,0.046296296296296294,108,0.2208029197080292,1.1706630283705382,1725.3703703703704,2.410450226759071,ns,0.388,ns,0.388,False
1165062100,서초구,방배4동,25684,15335,1467,1334,4388,3054,0.8170731707317073,8.646341463414634,0.4024390243902439,5.134146341463414,0.7857142857142857,0.8170731707317073,2.4198606271777003,0.5435540069686411,0.06469520655943979,1.0106882379183248,0.5365853658536586,0.08536585365853659,82,0.17084566266936616,1.4091723892593755,2354.5365853658536,0.9408305046003472,ns,0.471,ns,0.471,False
1165065100,서초구,양재1동,40296,22619,2729,2997,8735,5738,0.10652920962199312,8.512027491408935,0.054982817869415807,4.969072164948454,0.6332842415316642,0.6391752577319587,1.378988708885616,0.43986254295532645,0.04597197107376299,0.5408173318985052,0.7835051546391752,0.27835051546391754,291,0.2167708953742307,0.8381713769871109,6843.917525773196,5.734576052463246,ns,0.463,ns,0.463,False
1165065200,서초구,양재2동,20730,13432,1419,1358,3712,2354,0.26582278481012656,5.015822784810126,0.12341772151898735,2.9430379746835444,0.455244122965642,0.5981012658227848,1.3191681735985532,0.3024412296564195,0.04269990449444589,0.4685588556698528,0.7658227848101266,0.3512658227848101,316,0.179064158224795,0.8506093179287004,2842.73417721519,7.428045001017193,ns,0.1,ns,0.1,False
1165066000,서초구,내곡동,16600,8654,1118,1298,3971,2673,0.07603686635944701,3.057603686635945,0.04377880184331797,1.912442396313364,0.37557603686635943,0.4078341013824885,0.8594470046082949,0.2465437788018433,0.029761609749644116,0.32008419039480535,0.815668202764977,0.5230414746543779,434,0.23921686746987952,0.5393628142134896,3239.0184331797236,13.128243813129743,LL,0.017,HL,0.017,True
1168051000,강남구,신사동,14913,8509,923,853,3298,2445,0.5636363636363636,8.381818181818181,0.2818181818181818,4.427272727272728,0.8246753246753247,0.7272727272727273,2.1155844155844155,0.5207792207792208,0.05346943751612198,0.8560668401135245,0.4909090909090909,0.08181818181818182,110,0.22114933279688861,1.259517575470891,1619.0181818181818,1.7404514457299087,ns,0.197,ns,0.197,False
1168052100,강남구,논현1동,20595,14857,1102,1045,3339,2294,0.9512195121951219,11.373983739837398,0.5934959349593496,6.0894308943089435,0.7572590011614402,0.7479674796747967,2.456445993031359,0.49477351916376305,0.050631031220431146,1.1389004853435438,0.3902439024390244,0.008130081300813009,123,0.16212672978878367,1.317545507687815,1303.0243902439024,1.2452207424348574,ns,0.182,ns,0.182,False
1168053100,강남구,논현2동,20074,13504,1128,1031,3470,2439,0.8811188811188811,6.986013986013986,0.5174825174825175,4.076923076923077,0.8641358641358641,0.9020979020979021,2.647352647352647,0.5564435564435565,0.06209874341993051,1.1360248173460046,0.4125874125874126,0.0,143,0.17286041645910133,1.5113278300066426,1431.6783216783217,1.4395213705173993,ns,0.306,ns,0.306,False
1168058000,강남구,삼성1동,12716,7311,920,835,2725,1890,0.852760736196319,11.312883435582823,0.558282208588957,6.159509202453988,0.7300613496932515,0.7914110429447853,2.374233128834356,0.4864154250657319,0.06226201794250701,1.106959651597196,0.37423312883435583,0.0736196319018405,163,0.21429694872601446,1.2672734772371599,1019.7852760736197,1.9235846219725783,ns,0.465,ns,0.465,False
1168059000,강남구,삼성2동,30137,19209,1442,1268,4424,3156,0.9411764705882353,7.509803921568627,0.5784313725490197,4.754901960784314,0.799719887955182,0.8431372549019608,2.584033613445378,0.5392156862745098,0.061055067059931675,1.1787021258834611,0.3137254901960784,0.00980392156862745,102,0.14679629691077414,1.4053314875619167,1387.921568627451,1.2575709034383813,ns,0.143,ns,0.143,False
1168060000,강남구,대치1동,23538,12775,1068,1031,3098,2067,0.9859154929577465,11.915492957746478,0.7323943661971831,7.577464788732394,0.959758551307847,0.7746478873239436,2.7203219315895373,0.7183098591549296,0.05360233586951748,1.5043065612216302,0.1267605633802817,0.0,71,0.13161695980966948,1.216015370367907,392.70422535211264,0.8072208658139863,HH,0.043,LH,0.043,False
1168063000,강남구,대치4동,18200,12284,903,740,2370,1630,0.6086956521739131,10.44927536231884,0.21739130434782608,6.6231884057971016,0.9213250517598344,0.8115942028985508,2.3416149068322984,0.6770186335403727,0.05682742151471901,0.9512373594029178,0.391304347826087,0.057971014492753624,69,0.13021978021978023,1.3903775474293807,927.3913043478261,0.7026442622151361,HH,0.016,LH,0.016,False
1168064000,강남구,역삼1동,34346,26424,1547,1449,4267,2818,0.8162393162393162,12.504273504273504,0.49145299145299143,6.871794871794871,0.8186813186813187,0.8632478632478633,2.498168498168498,0.5201465201465201,0.06259159058992995,1.0741911021894417,0.43162393162393164,0.01282051282051282,234,0.12423571886100274,1.4239773959790565,1841.7393162393164,2.365063217968489,HH,0.039,LH,0.039,False
1168065000,강남구,역삼2동,35971,22845,1456,1217,4219,3002,0.6126126126126126,10.675675675675675,0.2972972972972973,6.324324324324325,0.9691119691119691,0.9279279279279279,2.5096525096525095,0.718146718146718,0.0644164571383063,1.0798604725823218,0.4774774774774775,0.0,111,0.11728892719134859,1.4297920370701878,2014.4774774774776,1.1225286811148654,HH,0.016,LH,0.016,False
1168065500,강남구,도곡1동,20798,12101,1278,1219,3580,2361,0.5555555555555556,13.416666666666666,0.3194444444444444,6.75,0.8829365079365079,0.9305555555555556,2.369047619047619,0.5833333333333334,0.07207889861241934,0.974856676390197,0.5277777777777778,0.013888888888888888,72,0.17213193576305413,1.394190942657422,1889.4444444444446,1.0095532534415548,ns,0.257,ns,0.257,False
1168065600,강남구,도곡2동,30788,16678,1840,1640,5734,4094,0.9418604651162791,11.13953488372093,0.5813953488372093,6.593023255813954,0.9385382059800663,0.8255813953488372,2.705980066445183,0.7093023255813954,0.06839114100899324,1.359088815427598,0.18604651162790697,0.0,86,0.18624139275042223,1.346891251017585,1066.7906976744187,1.0306867205644175,ns,0.366,ns,0.366,False
1168066000,강남구,개포1동,26489,14237,1734,1684,4649,2965,0.21359223300970873,8.533980582524272,0.07766990291262135,5.038834951456311,0.7753120665742025,0.5825242718446602,1.5714285714285714,0.5312066574202496,0.035829510766561844,0.6447060710994328,0.6019417475728155,0.2621359223300971,103,0.1755068141492695,0.9267225003291386,2798.4271844660193,1.739864909988547,ns,0.402,ns,0.402,False
1168069000,강남구,개포4동,22941,13487,1634,1596,4292,2696,0.011494252873563218,8.64367816091954,0.0,5.666666666666667,0.8357963875205254,0.8275862068965517,1.6748768472906406,0.625615763546798,0.07025621381992138,0.6958719773667195,0.5862068965517241,0.1724137931034483,87,0.18708861863039972,0.9790048699239211,2516.0,1.5824017738309566,LL,0.029,LL,0.029,False
1168072000,강남구,일원본동,22256,12130,1339,1514,4066,2552,0.6320754716981132,6.8584905660377355,0.36792452830188677,4.2924528301886795,0.7533692722371969,0.6792452830188679,2.064690026954178,0.4946091644204852,0.04351933501127205,0.9060530277336439,0.4716981132075472,0.14150943396226415,106,0.18269230769230768,1.1586369992205343,1917.9245283018868,2.4242417678201624,LL,0.003,LL,0.003,False
1168073000,강남구,일원1동,13986,7656,1078,1280,3910,2630,0.26436781609195403,2.1149425287356323,0.10344827586206896,1.1954022988505748,0.30213464696223313,0.7011494252873564,1.2676518883415435,0.17077175697865352,0.041093257139954015,0.3153132899806765,0.896551724137931,0.25287356321839083,87,0.27956527956527955,0.952338598360867,3505.5172413793102,0.9454785989144989,ns,0.111,ns,0.111,False
1168067500,강남구,개포3동,15443,8285,853,1138,3805,2667,0.6836734693877551,2.6530612244897958,0.3673469387755102,1.6938775510204083,0.3381924198250729,0.47959183673469385,1.501457725947522,0.2230320699708455,0.027066361927928894,0.6174453706742846,0.6326530612244898,0.21428571428571427,98,0.24638995013922166,0.8840123552732373,2407.2448979591836,1.0331879004038305,ns,0.354,ns,0.354,False
1168075000,강남구,수서동,13403,5793,1094,1621,5559,3938,0.6695652173913044,6.8,0.34782608695652173,3.8521739130434782,0.5180124223602485,0.4434782608695652,1.631055900621118,0.32298136645962733,0.022062410705714443,0.6928698641218635,0.5826086956521739,0.2,115,0.4147578900246214,0.9381860364992546,3238.721739130435,1.6228969920039578,LL,0.005,HL,0.005,True
1168070000,강남구,세곡동,45665,26413,2676,2844,8473,5629,0.034383954154727794,5.097421203438396,0.0,3.163323782234957,0.5742939009414654,0.6819484240687679,1.2906262791649612,0.38067949242734345,0.04791491254464552,0.4285944049719889,0.830945558739255,0.3037249283667622,349,0.18554691777072155,0.8620318741929722,7040.601719197708,5.908165370584013,LL,0.04,LL,0.04,False
1168054500,강남구,압구정동,25300,13573,1669,1513,5698,4185,0.6829268292682927,8.262195121951219,0.3231707317073171,4.719512195121951,0.774390243902439,0.6524390243902439,2.1097560975609757,0.5034843205574913,0.04430215231787725,0.8709572045826856,0.5487804878048781,0.1524390243902439,164,0.2252173913043478,1.23879889297829,3126.951219512195,2.3363128164900844,ns,0.287,ns,0.287,False
1168056500,강남구,청담동,26480,15784,1664,1704,4984,3280,0.5942857142857143,7.405714285714286,0.22857142857142856,4.348571428571429,0.7730612244897959,0.7314285714285714,2.0987755102040815,0.5151020408163265,0.049425530477087545,0.7930989998648427,0.5542857142857143,0.08,175,0.18821752265861028,1.305676510339239,2762.56,2.3738906456066067,ns,0.462,ns,0.462,False
1168061000,강남구,대치2동,38321,20705,2065,2228,6420,4192,0.6966292134831461,11.0,0.449438202247191,6.207865168539326,0.906099518459069,0.8202247191011236,2.422953451043339,0.6540930979133226,0.058311019102181935,1.1618423192626957,0.3707865168539326,0.03932584269662921,178,0.16753216252185485,1.2611111317806432,2380.449438202247,2.0591197116561886,ns,0.406,ns,0.406,False
1168067000,강남구,개포2동,39997,23176,2200,2120,5873,3753,0.7401574803149606,8.559055118110237,0.47244094488188976,5.3700787401574805,0.8706411698537683,0.7480314960629921,2.3588301462317207,0.6164229471316085,0.048128272459316224,1.1369921644728145,0.28346456692913385,0.047244094488188976,127,0.14683601270095256,1.2218379817589062,1664.7874015748032,1.5853721815468678,ns,0.182,ns,0.182,False
1171051000,송파구,풍납1동,10508,5551,897,1153,3075,1922,0.62,4.74,0.26,2.8,0.5,0.84,1.96,0.3257142857142857,0.0484370198675458,0.6341513055818315,0.74,0.08,50,0.2926341834792539,1.3258486944181684,2275.5,1.0570353810599495,ns,0.074,ns,0.074,False
1171052000,송파구,풍납2동,23026,13694,1537,1668,4730,3062,0.33884297520661155,4.115702479338843,0.15702479338842976,2.5289256198347108,0.3931523022432113,0.743801652892562,1.4757969303423848,0.2632821723730815,0.05242101717266861,0.47272798293417984,0.8016528925619835,0.14049586776859505,121,0.20541996004516633,1.003068947408205,3791.818181818182,1.9913666273681565,ns,0.184,ns,0.184,False
1171053100,송파구,거여1동,11771,6499,1032,1075,3127,2052,0.8292682926829268,5.926829268292683,0.5121951219512195,3.4390243902439024,0.7630662020905923,0.926829268292683,2.519163763066202,0.4773519163763066,0.05906953642383634,1.0486165747513625,0.43902439024390244,0.0,41,0.2656528757114944,1.4705471883148395,1372.8292682926829,0.505887364953463,ns,0.401,ns,0.401,False
1171053200,송파구,거여2동,22868,12664,1725,1868,5372,3504,0.9387755102040817,5.163265306122449,0.5510204081632653,3.2857142857142856,0.6967930029154518,0.9183673469387755,2.553935860058309,0.45772594752186585,0.06825430399216852,1.0770006596772999,0.42857142857142855,0.0,49,0.2349134161273395,1.4769352003810092,2302.285714285714,0.5055835422925281,ns,0.406,ns,0.406,False
1171054000,송파구,마천1동,15017,7646,1401,1532,4422,2890,0.8888888888888888,5.644444444444445,0.5777777777777777,3.7555555555555555,0.7396825396825396,1.0,2.6285714285714286,0.5238095238095237,0.0794469638039111,1.1810342653912127,0.37777777777777777,0.0,45,0.29446627155889993,1.4475371631802159,1670.5333333333333,0.5191551653365039,ns,0.248,ns,0.248,False
1171055000,송파구,마천2동,16801,8578,1676,1852,5181,3329,0.25,5.2631578947368425,0.06578947368421052,3.5526315789473686,0.7011278195488722,0.868421052631579,1.819548872180451,0.4924812030075188,0.05766311888993547,0.6159337955816648,0.8552631578947368,0.11842105263157894,76,0.3083745015177668,1.203615076598786,4431.118421052632,0.957322446550262,ns,0.208,ns,0.208,False
1171056100,송파구,방이1동,14705,8556,1122,1075,2843,1768,0.8214285714285714,5.517857142857143,0.4107142857142857,3.1785714285714284,0.6989795918367347,0.7678571428571429,2.2882653061224487,0.4336734693877551,0.055603721786723494,0.8999914768887642,0.4642857142857143,0.08928571428571429,56,0.19333560013600817,1.3882738292336845,1319.9642857142858,0.5850393102617103,ns,0.316,ns,0.316,False
1171056200,송파구,방이2동,26381,18697,1482,1545,4371,2826,0.9861111111111112,6.541666666666667,0.6944444444444444,3.9305555555555554,0.7817460317460317,0.6666666666666666,2.4345238095238093,0.5277777777777778,0.04004383256245519,1.2622660547846776,0.19444444444444445,0.013888888888888888,72,0.16568742655699178,1.1722577547391317,849.9166666666666,0.7669812011249955,ns,0.225,ns,0.225,False
1171056600,송파구,오륜동,17354,8912,1301,1260,3659,2399,0.6394557823129252,3.129251700680272,0.3129251700680272,1.8843537414965987,0.4207968901846453,0.6598639455782312,1.7201166180758019,0.25170068027210885,0.05177912716647267,0.6164049775066087,0.6530612244897959,0.19047619047619047,147,0.21084476201452115,1.1037116405691931,2389.551020408163,3.135742652872894,ns,0.357,ns,0.357,False
1171057000,송파구,오금동,36909,20484,3073,3081,8345,5264,0.5915492957746479,5.676056338028169,0.352112676056338,3.3943661971830985,0.7243460764587526,0.9647887323943662,2.2806841046277664,0.4527162977867203,0.08121566040835981,0.8860446342514181,0.6267605633802817,0.007042253521126761,142,0.22609661600151726,1.3946394703763483,5230.3169014084515,1.7322937812449946,ns,0.424,ns,0.424,False
1171058000,송파구,송파1동,22816,15343,1403,1481,4164,2683,0.9696969696969697,10.696969696969697,0.6515151515151515,6.075757575757576,0.829004329004329,0.8636363636363636,2.6623376623376624,0.5541125541125541,0.05941048612902443,1.26503819175673,0.2727272727272727,0.030303030303030304,66,0.18250350631136045,1.3972994705809325,1135.6363636363635,0.6962042449233566,ns,0.126,ns,0.126,False
1171059000,송파구,송파2동,16890,9745,1144,1183,3141,1958,0.5087719298245614,7.982456140350878,0.2631578947368421,4.578947368421052,0.6942355889724311,0.8947368421052632,2.0977443609022557,0.468671679197995,0.06676782187255687,0.798597395807394,0.5614035087719298,0.05263157894736842,57,0.18596802841918295,1.2991469650948617,1763.3684210526314,0.5988152459841909,ns,0.17,ns,0.17,False
1171060000,송파구,석촌동,29892,19987,1952,1974,5542,3568,0.9302325581395349,8.313953488372093,0.5697674418604651,5.337209302325581,0.6926910299003322,0.7906976744186046,2.413621262458472,0.4784053156146179,0.05095810506552437,1.0991308625406073,0.4186046511627907,0.05813953488372093,86,0.18540077612739195,1.3144903999178645,2319.906976744186,0.9317331521578414,ns,0.307,ns,0.307,False
1171061000,송파구,삼전동,28102,19003,1747,1777,4868,3091,0.8275862068965517,5.218390804597701,0.4367816091954023,3.3563218390804597,0.6518883415435139,0.7816091954022989,2.2610837438423648,0.44334975369458124,0.05434914653993918,0.9344805094299228,0.5402298850574713,0.11494252873563218,87,0.17322610490356558,1.3266032344124419,2629.8390804597702,0.989760174826446,HL,0.044,LL,0.044,False
1171062000,송파구,가락본동,24551,14931,1995,1955,4928,2973,0.9239130434782609,8.23913043478261,0.5217391304347826,4.6521739130434785,0.7142857142857142,0.9130434782608695,2.551242236024845,0.4673913043478261,0.071452125581007,1.0605825603636156,0.40217391304347827,0.0,92,0.20072502138405768,1.4906596756612291,1981.913043478261,1.0489422653700404,ns,0.314,ns,0.314,False
1171063100,송파구,가락1동,27101,14936,1622,1814,4661,2847,0.46153846153846156,6.2,0.23846153846153847,3.4307692307692306,0.5626373626373626,0.7,1.724175824175824,0.3274725274725275,0.05322749435994044,0.6191615602940064,0.7076923076923077,0.2,130,0.17198627356924098,1.1050142638818177,3298.5538461538463,1.3669515365969822,ns,0.146,ns,0.146,False
1171063200,송파구,가락2동,27872,16460,1901,1972,4959,2987,0.9,6.211111111111111,0.5777777777777777,3.5444444444444443,0.7333333333333333,0.8777777777777778,2.511111111111111,0.48253968253968255,0.060225924173932605,1.120543384491393,0.3888888888888889,0.011111111111111112,90,0.17792049368541907,1.390567726619718,1928.5,0.9409602393080129,ns,0.297,ns,0.297,False
1171064100,송파구,문정1동,19580,11754,1529,1569,3951,2382,0.6507936507936508,9.571428571428571,0.30158730158730157,5.666666666666667,0.8979591836734694,0.9841269841269841,2.532879818594104,0.6303854875283447,0.08054530892562416,1.0125180980412705,0.5238095238095238,0.0,63,0.20178753830439225,1.5203617205528335,2069.571428571429,0.667295199993539,ns,0.408,ns,0.408,False
1171064200,송파구,문정2동,28540,19407,1519,1523,4823,3300,0.6298076923076923,5.701923076923077,0.36538461538461536,2.7259615384615383,0.4725274725274725,0.8125,1.9148351648351647,0.26304945054945056,0.0648710087511774,0.6933050746852434,0.5961538461538461,0.08653846153846154,208,0.16899088997897688,1.2215300901499213,2875.25,2.3554128263064644,ns,0.099,ns,0.099,False
1171065000,송파구,잠실본동,26809,18462,1609,1673,4561,2888,0.6542056074766355,6.728971962616822,0.3644859813084112,3.9626168224299065,0.6008010680907876,0.7289719626168224,1.9839786381842457,0.3711615487316422,0.046346058173219164,0.7819935882132725,0.6261682242990654,0.19626168224299065,107,0.17012943414524972,1.2019850499709732,2855.9532710280373,1.1393303351780508,ns,0.163,ns,0.163,False
1171069000,송파구,잠실4동,32985,18468,1859,1901,5414,3513,0.8405797101449275,6.405797101449275,0.5507246376811594,3.8260869565217392,0.6811594202898551,0.8840579710144928,2.4057971014492754,0.48654244306418215,0.07186997426861523,1.1091370550139568,0.34782608695652173,0.028985507246376812,69,0.16413521297559497,1.2966600464353186,1883.1304347826087,0.8395661465267463,ns,0.453,ns,0.453,False
1171071000,송파구,잠실6동,16099,8730,1120,1185,3385,2200,0.9102564102564102,10.717948717948717,0.7307692307692307,6.487179487179487,0.7490842490842491,0.8589743589743589,2.5183150183150182,0.5989010989010989,0.07244853398991892,1.4021188636602486,0.21794871794871795,0.01282051282051282,78,0.210261506925896,1.1161961546547696,737.7564102564103,1.3974061707420482,ns,0.206,ns,0.206,False
1171072000,송파구,잠실7동,9243,4659,748,686,2494,1808,0.6379310344827587,5.775862068965517,0.3275862068965517,2.689655172413793,0.3916256157635468,0.39655172413793105,1.4261083743842364,0.1896551724137931,0.025848984329971073,0.5430903636403159,0.6724137931034483,0.3103448275862069,58,0.2698258141296116,0.8830180107439205,1677.0,0.6800536344608057,ns,0.383,ns,0.383,False
1171067000,송파구,잠실2동,34473,19890,1526,1438,4436,2998,0.6888888888888889,7.148148148148148,0.34814814814814815,3.859259259259259,0.4317460317460317,0.7037037037037037,1.8243386243386244,0.25502645502645505,0.04356768982795124,0.6467422930025544,0.6148148148148148,0.1259259259259259,135,0.12868041655788587,1.17759633133607,2727.3185185185184,2.8750707275941867,ns,0.208,ns,0.208,False
1171068000,송파구,잠실3동,33389,17886,2078,2315,6947,4632,0.5887850467289719,13.728971962616823,0.27102803738317754,7.841121495327103,0.8024032042723632,0.9719626168224299,2.363150867823765,0.5340453938584779,0.07544707144477539,0.8805205026864309,0.5514018691588785,0.0,107,0.20806253556560544,1.482630365137334,3830.588785046729,1.5132653513109173,ns,0.381,ns,0.381,False
1171064600,송파구,장지동,30717,17756,2266,2246,6085,3839,0.43137254901960786,9.53921568627451,0.21568627450980393,6.3431372549019605,0.8459383753501402,0.9411764705882353,2.2184873949579833,0.6484593837535013,0.07688415851991397,0.9410298167832193,0.5490196078431373,0.0196078431372549,102,0.19809877266660156,1.2774575781747641,3340.7843137254904,1.220504912833578,ns,0.476,ns,0.476,False
1171064700,송파구,위례동,44813,25854,2200,1901,4739,2838,0.25333333333333335,6.768888888888889,0.11555555555555555,4.133333333333334,0.7231746031746032,0.7777777777777778,1.7542857142857142,0.49523809523809526,0.059969643645532894,0.6707632944391836,0.7555555555555555,0.07111111111111111,225,0.10575056345256957,1.0835224198465307,3580.5777777777776,2.6059743715557735,ns,0.307,ns,0.307,False
1174052600,강동구,상일제2동,13118,7344,773,699,2323,1624,0.35802469135802467,2.5185185185185186,0.1728395061728395,1.3703703703703705,0.3386243386243386,0.6790123456790124,1.3756613756613756,0.18518518518518517,0.0498323249666109,0.40785701632463556,0.8271604938271605,0.2716049382716049,81,0.17708492148193322,0.96780435933674,1921.4938271604938,1.0849510238168292,LL,0.024,LL,0.024,False
1174052500,강동구,상일제1동,38947,21090,2307,2554,6213,3659,0.32075471698113206,5.443396226415095,0.1509433962264151,3.669811320754717,0.5970350404312669,0.7547169811320755,1.6725067385444743,0.4285714285714286,0.04569530176183566,0.6252101265596793,0.7924528301886793,0.16037735849056603,106,0.15952448198834313,1.047296611984795,4923.509433962265,1.779823275269382,LL,0.004,LL,0.004,False
1174053000,강동구,명일1동,24773,13775,1608,1892,5167,3275,1.0,7.1525423728813555,0.711864406779661,4.47457627118644,0.8813559322033898,0.847457627118644,2.7288135593220337,0.6077481840193704,0.05864045988806997,1.3782530506871014,0.22033898305084745,0.0,59,0.20857385056311306,1.3505605086349324,1138.4915254237287,0.6207221541411908,HL,0.032,LL,0.032,False
1174054000,강동구,명일2동,16844,9212,1041,1219,3323,2104,0.4426229508196721,7.426229508196721,0.2786885245901639,4.655737704918033,0.8688524590163934,0.8360655737704918,2.1475409836065573,0.6182669789227166,0.0756237624786039,0.9725792659914845,0.39344262295081966,0.03278688524590164,61,0.1972809308952743,1.1749617176150728,1307.4098360655737,0.9367720678819815,ns,0.117,ns,0.117,False
1174055000,강동구,고덕1동,23550,12722,1304,1392,3562,2170,0.2773109243697479,3.6218487394957983,0.13445378151260504,2.168067226890756,0.48739495798319327,0.6470588235294118,1.411764705882353,0.3025210084033613,0.05233291462279858,0.48930770453876493,0.8571428571428571,0.35294117647058826,119,0.15125265392781317,0.9224570013435881,3053.142857142857,1.5247092966101174,ns,0.087,ns,0.087,False
1174056000,강동구,고덕2동,26270,14956,1504,1507,4139,2632,0.2436548223350254,4.644670050761421,0.1116751269035533,2.9746192893401013,0.4583031182015954,0.5634517766497462,1.265409717186367,0.31907179115300943,0.039808041467163574,0.4705549595237263,0.817258883248731,0.36548223350253806,197,0.15755614769699278,0.7948547576626407,3382.6345177664975,2.5067377742281365,LL,0.013,LL,0.013,False
1174058000,강동구,암사2동,14517,8678,961,1041,2969,1928,0.5076923076923077,2.3384615384615386,0.2923076923076923,1.1692307692307693,0.33406593406593404,0.6,1.4417582417582417,0.16703296703296702,0.03548499623996029,0.49482565558061964,0.7076923076923077,0.24615384615384617,65,0.20451883998071227,0.9469325861776221,2101.138461538462,2.440732331707962,LL,0.007,LL,0.007,False
1174059000,강동구,암사3동,16835,9112,1058,1194,3384,2190,0.4857142857142857,2.092857142857143,0.2642857142857143,1.2785714285714285,0.29387755102040813,0.5428571428571428,1.3224489795918366,0.1826530612244898,0.04201170090552442,0.48895047641572853,0.7214285714285714,0.36428571428571427,140,0.201009801009801,0.8334985031761081,2441.3142857142857,1.7961621912960548,ns,0.128,ns,0.128,False
1174060000,강동구,천호1동,23741,13299,2009,2250,6345,4095,0.6865671641791045,3.283582089552239,0.43283582089552236,2.0,0.4562899786780384,0.6716417910447762,1.8144989339019189,0.2814498933901919,0.0378683168829427,0.752154031168657,0.5671641791044776,0.029850746268656716,67,0.2672591718967188,1.0623449027332619,3598.65671641791,0.6848730466301013,ns,0.313,ns,0.313,False
1174062000,강동구,천호3동,27770,17651,1974,2167,5970,3803,0.7777777777777778,4.666666666666667,0.25925925925925924,2.759259259259259,0.544973544973545,0.9444444444444444,2.2671957671957674,0.3412698412698412,0.07261281637991875,0.6731419169090193,0.6851851851851852,0.0,54,0.21498019445444724,1.5940538502867483,4090.5555555555557,0.538427832414371,ns,0.334,ns,0.334,False
1174064000,강동구,성내1동,18809,11157,1291,1376,3839,2463,0.5454545454545454,6.075757575757576,0.3333333333333333,4.4393939393939394,0.6147186147186147,0.9696969696969697,2.12987012987013,0.474025974025974,0.09086309643262559,0.898222403791933,0.6666666666666666,0.015151515151515152,66,0.20410441809771918,1.2316477260781973,2559.333333333333,0.6610693815726898,ns,0.082,ns,0.082,False
1174065000,강동구,성내2동,23768,14813,1733,1847,5374,3527,0.9193548387096774,7.532258064516129,0.5,4.306451612903226,0.7119815668202765,0.8225806451612904,2.453917050691244,0.46543778801843316,0.06882372254605201,1.0342615105644852,0.4838709677419355,0.016129032258064516,62,0.22610232245035342,1.419655540126759,2600.3225806451615,0.6260841054710636,ns,0.053,ns,0.053,False
1174066000,강동구,성내3동,21559,12799,1727,1702,4856,3154,0.875,5.03125,0.40625,2.96875,0.6450892857142857,0.859375,2.3794642857142856,0.4107142857142857,0.06667298121648789,0.8836372669307736,0.53125,0.0,64,0.22524235817987848,1.4958270187835119,2579.75,0.6415750248053036,ns,0.192,ns,0.192,False
1174069000,강동구,둔촌1동,33034,19037,2040,2174,5115,2941,0.7922077922077922,2.7012987012987013,0.4025974025974026,1.3506493506493507,0.385899814471243,0.6883116883116883,1.8664192949907237,0.1929499072356215,0.04343455708592542,0.6389818669189495,0.5974025974025974,0.06493506493506493,77,0.1548404673972271,1.2274374280717741,3055.714285714286,0.8954569853427707,ns,0.181,ns,0.181,False
1174070000,강동구,둔촌2동,25126,14332,1908,2014,5468,3454,0.6666666666666666,4.490196078431373,0.28431372549019607,2.8529411764705883,0.6260504201680672,0.9313725490196079,2.224089635854342,0.40756302521008403,0.06444701522992788,0.756323765930208,0.7156862745098039,0.049019607843137254,102,0.21762317917694818,1.4677658699241338,3913.372549019608,1.5927617148968551,ns,0.339,ns,0.339,False
1174057000,강동구,암사1동,32412,18385,2682,2756,7788,5032,0.782608695652174,3.36231884057971,0.2898550724637681,2.072463768115942,0.4782608695652174,0.5362318840579711,1.7971014492753623,0.2960662525879917,0.03008510550779242,0.6160064305595522,0.7101449275362319,0.11594202898550725,69,0.24028137726767865,1.1810950187158102,5530.608695652174,0.7296645585571819,LL,0.042,HL,0.042,True
1174061000,강동구,천호2동,36033,22132,2860,2769,7768,4999,0.5982905982905983,4.700854700854701,0.26495726495726496,2.8205128205128207,0.5836385836385836,0.8205128205128205,2.0024420024420024,0.37606837606837606,0.0630844377599294,0.7041100787855704,0.717948717948718,0.08547008547008547,117,0.21558016262870147,1.298331923656432,5577.025641025641,1.8271693503070643,LL,0.012,LL,0.012,True
1174068500,강동구,길동,46943,28137,3521,3969,10662,6693,0.7076923076923077,4.915384615384616,0.43846153846153846,2.9,0.6505494505494506,0.8615384615384616,2.2197802197802194,0.4054945054945055,0.062098743419930505,0.9060547873759746,0.5307692307692308,0.023076923076923078,130,0.22712651513537693,1.3137254324042449,5659.0615384615385,1.5998696313770746,ns,0.494,ns,0.494,False
1153078000,구로구,오류2동,35329,19075,2428,2742,8742,6000,0.5048543689320388,5.339805825242719,0.25728155339805825,3.3398058252427183,0.6539528432732317,0.8349514563106796,1.99375866851595,0.45214979195561716,0.07053934932166864,0.7799706946753441,0.6747572815533981,0.06796116504854369,206,0.2474454414220612,1.2137879738406059,5898.728155339806,3.076636201822799,LL,0.019,HL,0.019,True
1174051500,강동구,강일동,34173,18048,2298,2634,7278,4644,0.15300546448087432,7.382513661202186,0.060109289617486336,5.049180327868853,0.6861826697892272,0.6830601092896175,1.5222482435597189,0.5284933645589383,0.0504158416524026,0.6390184958288272,0.6612021857923497,0.28415300546448086,183,0.21297515582477394,0.8832297477308917,4812.229508196721,2.1860495868088496,LL,0.007,LL,0.007,False
1123053300,동대문구,용두동,22706,14324,1572,1591,4833,3242,1.0,19.318840579710145,0.7101449275362319,10.73913043478261,0.9544513457556937,0.9565217391304348,2.9109730848861286,0.7142857142857143,0.07855555327034687,1.502986195092293,0.14492753623188406,0.0,69,0.21285122875011012,1.4079868897938357,700.4347826086956,0.7280926373409438,ns,0.107,ns,0.107,False
