adm_cd10,gu,dong,cluster,type_name,certainty,confidence,second_type_name,pop_65_plus,b_priority,a_overlap10,a_elderly_only_not_rich,subway_elderly,a_bus_elderly,clinics_log,car_share_70p,out_rate_70p,elderly_share,share80_in70,welfare_65p_rate,log_apt_price,cars_log,steep_share
1111053000,종로구,사직동,2,고소득 활동 지역,핵심,0.8072604286005982,언덕 위 고령 주거지,2033,False,False,False,0.5168539325842697,0.6019261637239165,3.182724553458504,0.27498864724452127,0.6995833333333333,0.23028998640688716,0.44805194805194803,0.029021151008362025,1.3116710550506068,6.065090980594759,0.29213483146067415
1111054000,종로구,삼청동,1,언덕 위 고령 주거지,경계,0.6763961520034424,교통 사각 저소득 고령 밀집,610,True,False,False,0.13043478260869565,0.2826086956521739,1.4545623322488934,0.3703980441007567,0.5630717592592593,0.30064070970921636,0.4097222222222222,0.03442622950819672,1.3889030580094022,5.72217641719546,0.34782608695652173
1111055000,종로구,부암동,1,언덕 위 고령 주거지,보통,0.7783507295627592,교통 사각 저소득 고령 밀집,2061,True,True,True,0.0,0.5467032967032966,0.6931471805599453,0.47718398381303784,0.658862464183381,0.23256601218686526,0.40114613180515757,0.029597282872392043,0.9541052683627421,5.703180472982516,0.8942307692307693
1111056000,종로구,평창동,1,언덕 위 고령 주거지,보통,0.7472475378077671,교통 사각 저소득 고령 밀집,4192,True,True,False,0.0,0.3750879662209711,1.0887112176853981,0.511726733031454,0.6214838826512133,0.24773949530169612,0.41470481709525536,0.01693702290076336,1.5703628473936178,5.875449199396554,0.8719211822660099
1111057000,종로구,무악동,1,언덕 위 고령 주거지,핵심,0.842547855883786,교통 사각 저소득 고령 밀집,1670,False,False,False,0.75,0.5071428571428571,1.8164520818184267,0.1903195305462661,0.32636933333333334,0.216995841995842,0.4017777777777778,0.06526946107784432,1.8874607740481693,5.705167516428863,0.8
1111058000,종로구,교남동,0,대중교통 양호 서민 주거지,보통,0.7634848889495528,언덕 위 고령 주거지,1851,False,False,False,0.3225806451612903,0.6497695852534562,3.2124033103625833,0.26869149192207686,0.6373197580645161,0.19533558463486703,0.357258064516129,0.050783360345759046,0.8546622806395162,5.624835503389001,0.41935483870967744
1111060000,종로구,가회동,1,언덕 위 고령 주거지,핵심,0.8453504586652941,교통 사각 저소득 고령 밀집,897,False,False,False,0.22,0.35142857142857137,1.843719208158766,0.11949695137731493,0.6885094936708861,0.2562857142857143,0.40664556962025317,0.023411371237458192,1.0464761198634527,5.582421617651933,0.32
1111061500,종로구,종로1·2·3·4가동,0,대중교통 양호 서민 주거지,보통,0.7484423981091114,고소득 활동 지역,1886,False,False,False,0.7639751552795031,0.7506654835847383,3.3756141033957046,0.14288739776142814,0.7363036711891461,0.2874561804602957,0.3567438148443735,0.21792152704135737,1.0238252454850179,6.423104434715733,0.13043478260869565
1111063000,종로구,종로5·6가동,0,대중교통 양호 서민 주거지,핵심,0.8568630470417207,언덕 위 고령 주거지,1162,False,False,False,0.6153846153846154,0.8703296703296703,3.7105656758641765,0.1686609893893684,0.6351194516971279,0.21518518518518517,0.3825065274151436,0.10757314974182444,0.24097394483922502,5.589465646976304,0.13846153846153847
1111064000,종로구,이화동,1,언덕 위 고령 주거지,핵심,0.8461647479516212,교통 사각 저소득 고령 밀집,1506,False,False,False,0.36923076923076925,0.5978021978021978,1.8466360794538892,0.3327486597661832,0.7637514204545455,0.21379897785349233,0.39109848484848486,0.06241699867197875,0.2886675791804609,5.304121049056721,0.36923076923076925
1111067000,종로구,창신1동,0,대중교통 양호 서민 주거지,핵심,0.8505839831450468,언덕 위 고령 주거지,1375,False,False,False,0.96875,0.6071428571428571,3.6755092195507646,0.15314619826457163,0.7020247933884297,0.31769870609981515,0.35064935064935066,0.15345454545454545,0.7454522506797617,5.346138837057113,0.21875
1111068000,종로구,창신2동,1,언덕 위 고령 주거지,핵심,0.8402038474164091,교통 사각 저소득 고령 밀집,2093,False,False,False,0.4090909090909091,0.1818181818181818,2.758282326588543,0.19251988734818093,0.6603002207505518,0.2969636776390465,0.3451066961000736,0.11514572384137602,0.2905022295678116,5.106014263884786,0.7272727272727273
1111069000,종로구,창신3동,1,언덕 위 고령 주거지,핵심,0.8506571113134159,교통 사각 저소득 고령 밀집,1513,False,False,False,0.7222222222222222,0.1984126984126984,1.9848255653049869,0.2506920330610848,0.6150829015544043,0.25087050240424474,0.3689119170984456,0.056840713813615336,1.1653397747728145,5.470612593359323,0.7777777777777778
1111070000,종로구,숭인1동,1,언덕 위 고령 주거지,경계,0.6830868035431822,대중교통 양호 서민 주거지,1442,False,False,False,0.9047619047619048,0.4013605442176871,2.9267394020670396,0.17406434076605912,0.7980591286307054,0.2550406791651928,0.3475103734439834,0.08945908460471567,1.0004873000037362,5.449988852613864,0.6666666666666666
1111071000,종로구,숭인2동,0,대중교통 양호 서민 주거지,핵심,0.8642936387319999,언덕 위 고령 주거지,1936,False,False,False,0.9,0.6761904761904761,3.060270794691562,0.15600494576288654,0.698608832807571,0.18898867629832097,0.3264984227129338,0.10950413223140495,0.5132669892067045,5.22659443726314,0.1
1111051500,종로구,청운효자동,1,언덕 위 고령 주거지,핵심,0.8034854988454387,교통 사각 저소득 고령 밀집,2303,False,False,False,0.06716417910447761,0.373134328358209,1.5318796780882258,0.3684893645248309,0.6127276894865525,0.21742824773413896,0.42053789731051344,0.03126356925749023,1.0157620240479068,5.586872358498938,0.39552238805970147
1111065000,종로구,혜화동,1,언덕 위 고령 주거지,핵심,0.843274410548935,교통 사각 저소득 고령 밀집,2890,False,False,False,0.22330097087378642,0.4188626907073509,2.3592039869935535,0.2862309280003502,0.6727994678277698,0.18383054513071687,0.444121915820029,0.03356401384083045,0.6395760042945562,5.257683531497462,0.39805825242718446
1114052000,중구,소공동,2,고소득 활동 지역,핵심,0.9348220291651281,외곽 차 중심 신주거지,287,False,False,False,0.7764705882352941,0.7378151260504202,3.650811018010864,0.18591210075425157,0.9543891891891892,0.13015873015873017,0.32972972972972975,0.0627177700348432,1.5883071317325321,6.875025922962889,0.17647058823529413
1114054000,중구,회현동,2,고소득 활동 지역,경계,0.3038436010999981,대중교통 양호 서민 주거지,1335,False,False,False,0.8860759493670886,0.8426763110307414,3.2634376529281117,0.18485721574508665,0.5950973597359736,0.33110119047619047,0.36303630363036304,0.15056179775280898,1.3594357615975288,6.6351703098121755,0.45569620253164556
1114055000,중구,명동,2,고소득 활동 지역,핵심,0.9255894403637283,외곽 차 중심 신주거지,752,False,False,False,0.8762886597938144,0.8188512518409425,4.2247999228654844,0.21168822830127398,0.7727032442748092,0.30334812424364666,0.3931297709923664,0.026595744680851064,1.2693517956070053,7.088461978743692,0.28865979381443296
1114057000,중구,필동,1,언덕 위 고령 주거지,핵심,0.8395008149069467,교통 사각 저소득 고령 밀집,978,False,False,False,0.4411764705882353,0.37184873949579833,2.252838589324794,0.2162634482312,0.7421644245142003,0.2258138997921958,0.38714499252615847,0.05623721881390593,0.9118417578496081,6.094282002789337,0.5882352941176471
1114058000,중구,장충동,1,언덕 위 고령 주거지,핵심,0.8379459984756125,교통 사각 저소득 고령 밀집,968,False,False,True,0.6071428571428571,0.4413265306122449,1.6784307839210517,0.41709315286502135,0.6540143266475645,0.21260707226004832,0.38108882521489973,0.06611570247933884,0.6211436010794766,5.399937092278669,0.5178571428571429
1114059000,중구,광희동,0,대중교통 양호 서민 주거지,핵심,0.8593479762948893,언덕 위 고령 주거지,1284,False,False,False,0.9242424242424242,0.8549783549783551,3.034370066259405,0.1737369710410214,0.5869799764428739,0.22490803993694167,0.35335689045936397,0.07242990654205607,0.6623130213463231,5.858358457518278,0.09090909090909091
1114060500,중구,을지로동,2,고소득 활동 지역,경계,0.6131500067410223,대중교통 양호 서민 주거지,523,False,False,False,0.9636363636363636,0.7636363636363637,3.130739848811876,0.15946358435616442,0.6459146706586827,0.17209608423823627,0.3473053892215569,0.14149139579349904,1.5215004871577194,6.285420088686358,0.01818181818181818
1114065000,중구,신당5동,0,대중교통 양호 서민 주거지,핵심,0.8389016310357602,언덕 위 고령 주거지,2191,False,False,False,0.6333333333333333,0.6619047619047619,3.493472657771326,0.1793938285481829,0.6545129516019086,0.22004619865421313,0.3510565780504431,0.09036969420356002,1.3413425380851158,5.484531441433747,0.43333333333333335
1114067000,중구,황학동,0,대중교통 양호 서민 주거지,핵심,0.8651822459721958,언덕 위 고령 주거지,2409,False,False,False,0.4838709677419355,0.41013824884792627,3.3990445283010544,0.20429642890212663,0.625207702020202,0.18341708542713567,0.3345959595959596,0.10626816106268161,1.1654765843440855,5.490375139513312,0.1935483870967742
1114068000,중구,중림동,1,언덕 위 고령 주거지,핵심,0.8045103219797483,대중교통 양호 서민 주거지,2375,False,False,False,0.5909090909090909,0.6136363636363636,2.5239088075912695,0.2552381891747593,0.5438506857855362,0.19864503178320508,0.36596009975062344,0.11073684210526316,1.304165893301856,5.64705692718536,0.6818181818181818
1114061500,중구,신당동,0,대중교통 양호 서민 주거지,핵심,0.8534501677334233,언덕 위 고령 주거지,1747,False,False,False,0.9814814814814815,0.6058201058201058,2.8716796248840124,0.24983690166934147,0.7411188204683434,0.2414317302377004,0.3633998265394623,0.10475100171722954,0.7063045465424269,5.695084353748626,0.1111111111111111
1114062500,중구,다산동,1,언덕 위 고령 주거지,경계,0.6690960338769197,대중교통 양호 서민 주거지,3272,False,False,False,0.8333333333333334,0.4761904761904762,3.2386784521643803,0.22919566050910697,0.6408391145595619,0.25536564426754077,0.37517115472387036,0.05806845965770171,0.7317988857050239,5.34348485770852,0.6666666666666666
1114063500,중구,약수동,1,언덕 위 고령 주거지,핵심,0.8046301311938564,대중교통 양호 서민 주거지,4486,False,False,False,0.7857142857142857,0.47959183673469385,3.144767852714479,0.2965955779087698,0.5274015560495395,0.28826628967998974,0.39123531279771356,0.08537672759696835,1.341787533851206,5.591798042442408,0.7857142857142857
1114064500,중구,청구동,1,언덕 위 고령 주거지,보통,0.7817498052466146,대중교통 양호 서민 주거지,2774,False,False,False,0.6666666666666666,0.3619047619047619,3.155580974495887,0.2429156309226454,0.5127592295345104,0.26157472890146155,0.38630283574103796,0.11607786589762076,1.4676836686438164,5.557303065325594,0.5666666666666667
1114066500,중구,동화동,1,언덕 위 고령 주거지,핵심,0.846615552848315,교통 사각 저소득 고령 밀집,2422,False,False,False,0.4838709677419355,0.31336405529953915,2.622796808743478,0.27303319708287904,0.6469330385344283,0.24984526511244068,0.3733417561591914,0.03468208092485549,1.727275531489672,5.586747044762845,0.41935483870967744
1117051000,용산구,후암동,1,언덕 위 고령 주거지,보통,0.7814439407838536,교통 사각 저소득 고령 밀집,3385,False,False,False,0.015384615384615385,0.34725274725274724,2.1972245773362196,0.37489845282495476,0.5765509933774834,0.21720995893223818,0.36467991169977926,0.09187592319054654,1.0741665584331146,5.405953268961607,0.6461538461538462
1117052000,용산구,용산2가동,1,언덕 위 고령 주거지,핵심,0.8067597465214857,교통 사각 저소득 고령 밀집,2151,False,False,False,0.06976744186046512,0.4152823920265781,1.8555709819730088,0.3732940557264882,0.5827938005390836,0.25754310344827586,0.3834231805929919,0.09065550906555091,0.7171538799168296,5.333375656351541,0.7674418604651163
1117053000,용산구,남영동,0,대중교통 양호 서민 주거지,보통,0.7960143315209327,언덕 위 고령 주거지,1716,False,False,False,0.8382352941176471,0.6932773109243697,2.6274354344092727,0.21351941530384722,0.5676175908221797,0.24500285551113649,0.32122370936902483,0.32226107226107226,1.382322147314184,5.581850352283642,0.3235294117647059
1117057000,용산구,원효로2동,1,언덕 위 고령 주거지,경계,0.6886474497299189,교통 사각 저소득 고령 밀집,2642,False,False,False,0.0,0.5626373626373626,1.9191825001494984,0.41195482953664997,0.5960705645161289,0.19837813485508335,0.3847926267281106,0.06813020439061317,1.5322446487364,5.751578144236641,0.46153846153846156
1117058000,용산구,효창동,1,언덕 위 고령 주거지,보통,0.7687562545193449,대중교통 양호 서민 주거지,1820,False,False,False,0.6206896551724138,0.7241379310344828,2.2048582021912906,0.30085952505718117,0.6502817195325543,0.17528652605220071,0.4006677796327212,0.025274725274725275,1.2301824305470992,5.6721797860064775,0.5172413793103449
1117059000,용산구,용문동,1,언덕 위 고령 주거지,경계,0.4945940315882262,대중교통 양호 서민 주거지,2504,False,False,False,0.6071428571428571,0.6530612244897959,2.7222348360941666,0.2595716758062857,0.5730350318471338,0.22716138982128278,0.35321366531557613,0.07188498402555911,1.1751803143121613,5.573171434462955,0.5
1117063000,용산구,이촌1동,2,고소득 활동 지역,핵심,0.938414173908084,외곽 차 중심 신주거지,4895,False,False,False,0.29347826086956524,0.5031055900621118,2.505525936990736,0.4084260099055093,0.7296003901560624,0.1963891675025075,0.45588235294117646,0.003268641470888662,2.673054178297655,5.8535964972468655,0.05434782608695652
1117064000,용산구,이촌2동,3,교통 사각 저소득 고령 밀집,경계,0.4549463496655526,언덕 위 고령 주거지,1931,False,False,False,0.0,0.39209726443768994,0.6716409753389817,0.44776713056821454,0.4682736434108527,0.25136683155428274,0.37209302325581395,0.03469704816157431,1.689067781670806,5.743093304510671,0.3829787234042553
1117065000,용산구,이태원1동,1,언덕 위 고령 주거지,핵심,0.846946990407987,교통 사각 저소득 고령 밀집,1373,False,False,False,0.75,0.6071428571428571,2.1864833355048066,0.35908748074573754,0.5410953947368421,0.2561089349002052,0.3958333333333333,0.06846321922796796,1.844962809565889,5.817501913322882,0.75
1117066000,용산구,이태원2동,1,언덕 위 고령 주거지,핵심,0.8225715979903727,교통 사각 저소득 고령 밀집,1876,False,False,False,0.15384615384615385,0.33516483516483514,1.9513896148199388,0.44495345991105073,0.5793041474654378,0.2251290051602064,0.41551459293394777,0.055970149253731345,1.473092617067511,5.597572675613512,0.8269230769230769
1117069000,용산구,서빙고동,4,외곽 차 중심 신주거지,경계,0.5334098824134503,언덕 위 고령 주거지,2468,False,False,False,0.3055555555555556,0.4113756613756614,0.538224597954105,0.5334935746467481,0.6182737272155876,0.20346248969497113,0.42803268384663734,0.0526742301458671,2.231323449431835,5.864389712688066,0.3333333333333333
1117070000,용산구,보광동,3,교통 사각 저소득 고령 밀집,경계,0.5451481485206486,언덕 위 고령 주거지,1263,False,False,False,0.0,0.36224489795918363,2.2090590349832224,0.522653756330975,0.6806023142509136,0.2531062124248497,0.3471376370280146,0.18606492478226444,2.0174668843660606,5.4967081832241,0.7321428571428571
1117055500,용산구,청파동,1,언덕 위 고령 주거지,핵심,0.8476575972216551,교통 사각 저소득 고령 밀집,3685,False,False,False,0.3522727272727273,0.39285714285714285,2.356771924335632,0.2961834383997751,0.6056670741646293,0.1961149547631719,0.3740831295843521,0.10556309362279512,0.8927050516080818,5.2200249445735185,0.5
1117056000,용산구,원효로1동,0,대중교통 양호 서민 주거지,보통,0.760608168721784,고소득 활동 지역,2303,False,False,False,0.5294117647058824,0.7787114845938375,2.5858456401879493,0.34460818498023044,0.43290764546684707,0.1348202786558951,0.33220568335588635,0.057316543638732086,1.444542330345404,5.7511164132048656,0.1568627450980392
1117062500,용산구,한강로동,2,고소득 활동 지역,핵심,0.9364322388201891,외곽 차 중심 신주거지,3603,False,False,False,0.5333333333333333,0.4717948717948718,2.76227935258092,0.3490990440262927,0.7766180464301358,0.17285549798503166,0.36749890494962767,0.04301970580072162,2.0552764255012663,6.1877686810796675,0.09230769230769231
1117068500,용산구,한남동,4,외곽 차 중심 신주거지,핵심,0.8096616770807168,고소득 활동 지역,2771,False,False,False,0.375,0.47214285714285714,2.046401687601636,0.5262984230960139,0.6890796483750665,0.2028847561868502,0.3633457645178476,0.02381811620353663,2.572363488586451,6.055588847895004,0.655
1120052000,성동구,왕십리2동,1,언덕 위 고령 주거지,경계,0.6195322270346426,고소득 활동 지역,3049,False,False,False,0.45161290322580644,0.4377880184331797,3.4065593248035406,0.23762947518190863,0.7503852867830424,0.19541113888354802,0.33566084788029926,0.064283371597245,1.5563114946915895,5.564917393327706,0.6129032258064516
1120054000,성동구,마장동,0,대중교통 양호 서민 주거지,보통,0.7649301955046167,언덕 위 고령 주거지,4628,False,False,False,0.616822429906542,0.472630173564753,2.1340005259302703,0.3334610683258023,0.7227726236979167,0.21620106512192844,0.3580729166666667,0.05661192739844425,1.1415046377245959,5.517810424736416,0.14018691588785046
1120055000,성동구,사근동,1,언덕 위 고령 주거지,핵심,0.8430841988688716,교통 사각 저소득 고령 밀집,1674,False,False,False,0.5918367346938775,0.3483965014577259,1.3011365527795837,0.34384370943152254,0.711191452991453,0.13838141688021824,0.41196581196581195,0.03643966547192354,0.5359261277914855,5.041270838296379,0.5204081632653061
1120056000,성동구,행당1동,2,고소득 활동 지역,핵심,0.8805685319754343,대중교통 양호 서민 주거지,2772,False,False,False,0.543859649122807,0.7944862155388471,3.5543450523782445,0.28588178642481366,0.750136937431394,0.1763358778625954,0.3765093304061471,0.04148629148629149,1.5762144487358276,5.6268977664845,0.24561403508771928
1120057000,성동구,행당2동,1,언덕 위 고령 주거지,경계,0.5998941639604857,대중교통 양호 서민 주거지,4578,False,False,False,0.7906976744186046,0.5348837209302325,2.996894388734168,0.21567906303391268,0.72033480681074,0.20628125985671159,0.3755730189914866,0.08082131935342944,1.8648833352843681,5.651855778631707,0.6046511627906976
1120058000,성동구,응봉동,1,언덕 위 고령 주거지,핵심,0.84917893339204,교통 사각 저소득 고령 밀집,2736,False,False,False,0.627906976744186,0.49169435215946844,1.6549002865108577,0.3686537254769174,0.6205745590593266,0.19067530838385952,0.3880277926242651,0.0222953216374269,0.9925085079683558,5.658227714864155,0.6511627906976745
1120059000,성동구,금호1가동,1,언덕 위 고령 주거지,핵심,0.846648727877338,교통 사각 저소득 고령 밀집,3144,False,False,False,0.2647058823529412,0.5714285714285714,2.551281718732873,0.2668988831943264,0.7334316529326225,0.22089510292981102,0.3354338342220068,0.10082697201017812,1.1261806193254185,5.68322075935371,0.7647058823529411
1120062000,성동구,금호4가동,1,언덕 위 고령 주거지,보통,0.7594444898301,고소득 활동 지역,2937,False,False,False,0.23636363636363636,0.5714285714285714,3.10091095449907,0.3187538602902026,0.703900205761317,0.21466159918140623,0.3647119341563786,0.0728634661218931,2.0832773717182937,5.720309380252746,0.6727272727272727
1120065000,성동구,성수1가1동,4,외곽 차 중심 신주거지,핵심,0.8359580548797418,고소득 활동 지역,2871,False,False,False,0.37209302325581395,0.45016611295681064,2.2164190245923665,0.34620743649695523,0.6717216924910607,0.1950010188141004,0.31227651966626935,0.051549982584465345,1.9970545846496577,5.931421329292452,0.13953488372093023
1120066000,성동구,성수1가2동,4,외곽 차 중심 신주거지,경계,0.6306895891886224,고소득 활동 지역,2604,False,False,False,0.49411764705882355,0.43529411764705883,2.5540302316862222,0.3321163511726794,0.6158373531230674,0.18242959226565783,0.32962275819418674,0.024961597542242704,1.5386382053166086,5.809983326497933,0.16470588235294117
1120067000,성동구,성수2가1동,4,외곽 차 중심 신주거지,핵심,0.8240769582241073,교통 사각 저소득 고령 밀집,3316,False,False,False,0.04819277108433735,0.4561101549053356,2.580581859711363,0.4356582713932764,0.5966949797160243,0.2507941309937982,0.32150101419878296,0.07840772014475271,1.7564459608656893,6.02515178650464,0.060240963855421686
1120069000,성동구,성수2가3동,4,외곽 차 중심 신주거지,경계,0.42970932205803886,고소득 활동 지역,2060,False,False,False,0.3786407766990291,0.39389736477115117,3.0197142382404762,0.4169223818626697,0.6782218155197658,0.22143394603891217,0.3784773060029283,0.02912621359223301,1.371891052184816,6.183715503710302,0.038834951456310676
1120072000,성동구,송정동,3,교통 사각 저소득 고령 밀집,핵심,0.8529082203087119,대중교통 양호 서민 주거지,2058,False,False,True,0.0,0.42048517520215634,1.9158121178980339,0.5155488220907408,0.43443848580441635,0.22884465695540976,0.30914826498422715,0.10398445092322643,0.829356127210182,5.429148575200076,0.22641509433962265
1120079000,성동구,용답동,4,외곽 차 중심 신주거지,경계,0.6633533951452755,언덕 위 고령 주거지,2517,False,False,False,0.3497536945812808,0.17452498240675582,2.1513038555947404,0.40667310707885307,0.6457976895734596,0.19071071374450674,0.38981042654028436,0.1319030591974573,0.9364024525725176,6.1234414665185,0.12315270935960591
1120053500,성동구,왕십리도선동,0,대중교통 양호 서민 주거지,경계,0.6551151935313346,고소득 활동 지역,4651,False,False,False,0.4492753623188406,0.7515527950310559,3.5420089725014825,0.2779984807161635,0.5604568002628121,0.18213502506265664,0.37385019710906703,0.08019780692324231,1.8848362705346247,5.617568228039589,0.10144927536231885
1120061500,성동구,금호2·3가동,1,언덕 위 고령 주거지,핵심,0.8391177017973664,교통 사각 저소득 고령 밀집,4331,False,False,False,0.5666666666666667,0.4928571428571429,3.228826155721369,0.27489400461933833,0.723194032424974,0.21073374854028806,0.3604691272852708,0.05679981528515354,1.2953587598788172,5.584441199494804,0.8
1120064500,성동구,옥수동,2,고소득 활동 지역,핵심,0.8731306737101083,외곽 차 중심 신주거지,4949,False,False,False,0.6172839506172839,0.4973544973544973,2.717062961823718,0.37127083198797556,0.7958486964618249,0.1970535536531953,0.36312849162011174,0.042230753687613656,2.179481822578486,5.796561688050668,0.7037037037037037
1121571000,광진구,화양동,0,대중교통 양호 서민 주거지,핵심,0.8656296628904759,언덕 위 고령 주거지,2544,False,False,False,0.4339622641509434,0.5134770889487871,3.114353532226763,0.3107998232671258,0.6775400667779632,0.11091733519358214,0.3494713411240957,0.05660377358490566,0.39256564664110477,4.876655348048977,0.10377358490566038
1121573000,광진구,군자동,0,대중교통 양호 서민 주거지,핵심,0.8722431485815085,언덕 위 고령 주거지,3638,False,False,False,0.3835616438356164,0.7729941291585127,2.9437177386014572,0.28056984149034714,0.5778830275229357,0.19664864864864864,0.3511259382819016,0.06871907641561298,0.7249974718387857,5.303708215182914,0.0410958904109589
1121574000,광진구,중곡1동,0,대중교통 양호 서민 주거지,핵심,0.8646520139084851,언덕 위 고령 주거지,3120,False,False,False,0.23214285714285715,0.75,3.070541530362382,0.31287116662470377,0.5796671694318754,0.210796567799473,0.3504273504273504,0.07532051282051282,0.6315059196410591,5.427973277291356,0.08928571428571429
1121575000,광진구,중곡2동,0,대중교통 양호 서민 주거지,핵심,0.8752694332370522,언덕 위 고령 주거지,4187,False,False,False,0.30357142857142855,0.6836734693877551,3.386204597076014,0.2786017856503234,0.6522859042553191,0.21305719519641766,0.31648936170212766,0.0630523047528063,0.6179192022025991,5.318117998336105,0.05357142857142857
1121576000,광진구,중곡3동,0,대중교통 양호 서민 주거지,핵심,0.8736464203994756,언덕 위 고령 주거지,3633,False,False,False,0.4827586206896552,0.7758620689655172,2.8903717578961645,0.284664966320901,0.5695640970116933,0.23932806324110673,0.335643135556518,0.0916597853014038,0.5668075962033747,5.304228713811094,0.1206896551724138
1121577000,광진구,중곡4동,1,언덕 위 고령 주거지,핵심,0.8125224019986184,교통 사각 저소득 고령 밀집,6687,False,False,False,0.20512820512820512,0.4084249084249084,2.6026896854443837,0.3249876671742972,0.6760741570384342,0.2499532762680821,0.32020749823154915,0.0683415582473456,0.5321163844187378,5.3727403405329754,0.5641025641025641
1121578000,광진구,능동,0,대중교통 양호 서민 주거지,핵심,0.8675134090991636,언덕 위 고령 주거지,1925,False,False,False,0.5789473684210527,0.6541353383458647,3.2880090373840822,0.30217670017026177,0.6932191142191142,0.181723779854621,0.3333333333333333,0.05142857142857143,0.7091354246903583,5.426358400814353,0.05263157894736842
1121585000,광진구,구의1동,0,대중교통 양호 서민 주거지,핵심,0.8530569842374978,언덕 위 고령 주거지,3982,False,False,False,0.30357142857142855,0.5637755102040816,3.0521463628340824,0.3453855871595504,0.5310239888977003,0.17116574965612105,0.3540840602696273,0.06529382219989954,0.6034417487704579,5.477884100663147,0.017857142857142856
1121586000,광진구,구의2동,1,언덕 위 고령 주거지,경계,0.5979237049687268,교통 사각 저소득 고령 밀집,5463,False,False,False,0.26881720430107525,0.3855606758832565,2.4947150208865203,0.36092968952286797,0.6511197638459375,0.22052234287328948,0.3280854652797301,0.06516565989383123,0.7815371389527527,5.469897768695301,0.3333333333333333
1121587000,광진구,구의3동,4,외곽 차 중심 신주거지,경계,0.6811131114605393,고소득 활동 지역,5225,False,False,True,0.4230769230769231,0.412087912087912,3.144925631193822,0.44692742382271466,0.7579399880275367,0.1909233748675412,0.34181382819515116,0.023923444976076555,1.1194900404251882,5.683716722162073,0.1794871794871795
1121581000,광진구,광장동,4,외곽 차 중심 신주거지,핵심,0.826817075753143,고소득 활동 지역,4714,False,False,False,0.2545454545454545,0.20519480519480518,2.1857107352738803,0.41435192793023407,0.746252960526316,0.14357506167575304,0.3680921052631579,0.011667373780229105,1.9473907666855685,5.783382283986413,0.49696969696969695
1121582000,광진구,자양1동,0,대중교통 양호 서민 주거지,경계,0.6028043307124691,교통 사각 저소득 고령 밀집,4329,False,False,False,0.12962962962962962,0.5582010582010581,3.5500430092597206,0.31985708034867083,0.4526816881258941,0.20212914974086008,0.3469241773962804,0.08985908985908986,0.7345026519561041,5.419244562074995,0.0
1121583000,광진구,자양2동,4,외곽 차 중심 신주거지,핵심,0.8512630391791615,교통 사각 저소득 고령 밀집,5082,False,False,False,0.17272727272727273,0.3116883116883117,2.573305952052478,0.43702991938855595,0.7281788605230386,0.19357050354231736,0.3094645080946451,0.045257772530499805,0.981894032183131,5.57189302032226,0.16363636363636364
1121584000,광진구,자양3동,4,외곽 차 중심 신주거지,경계,0.635721070694203,고소득 활동 지역,5360,False,False,False,0.2571428571428571,0.4020408163265306,2.967479760602107,0.3576207906317806,0.6864542824074074,0.20190605341469847,0.3570601851851852,0.019216417910447762,1.6157878170492388,5.6926586928056935,0.014285714285714285
1121584700,광진구,자양4동,0,대중교통 양호 서민 주거지,핵심,0.8632177298534944,언덕 위 고령 주거지,4548,False,False,False,0.4166666666666667,0.5456349206349206,3.42136305125675,0.3458939376411531,0.6501885328836425,0.2283017920787109,0.3281618887015177,0.08135444151275285,0.9537176294094775,5.4567115417068,0.013888888888888888
1123071000,동대문구,회기동,1,언덕 위 고령 주거지,핵심,0.8308297624992413,교통 사각 저소득 고령 밀집,1634,False,False,False,0.12307692307692308,0.38241758241758245,1.8986572642047679,0.41359116475655844,0.6384206751054853,0.15911968059207324,0.4312236286919831,0.04222766217870257,0.6711285294958185,5.1741599824589235,0.4307692307692308
1123072000,동대문구,휘경1동,0,대중교통 양호 서민 주거지,보통,0.7018443219014683,고소득 활동 지역,2665,False,False,False,0.4897959183673469,0.6151603498542274,2.8235630882240543,0.3621100034079359,0.6853987580993519,0.15858375483487058,0.3801295896328294,0.0375234521575985,0.990895332116302,5.51111300724089,0.02040816326530612
1123073000,동대문구,휘경2동,3,교통 사각 저소득 고령 밀집,경계,0.3744732425959013,외곽 차 중심 신주거지,4739,False,False,False,0.1717171717171717,0.5281385281385281,1.9502298101998297,0.4011351921199448,0.6101373677660236,0.20141102469293212,0.33820784069695087,0.03692762186115214,0.878548290658306,5.416095679888407,0.26262626262626265
1123070500,동대문구,청량리동,3,교통 사각 저소득 고령 밀집,핵심,0.8038414285033555,대중교통 양호 서민 주거지,6128,False,False,False,0.15625,0.5297619047619048,2.614959778036198,0.2216254658696964,0.5674045226130654,0.33351474910199197,0.3656377123713807,0.14474543080939947,0.9518150757100915,5.427847349592924,0.28125
1123051500,동대문구,신설동,0,대중교통 양호 서민 주거지,핵심,0.8647241411592026,언덕 위 고령 주거지,2697,False,False,False,0.48148148148148145,0.7319223985890653,2.4396595841414,0.2460970662867569,0.7304076305220883,0.1643309773336583,0.35972461273666095,0.09867197875166003,0.990895332116302,3.911291565678359,0.037037037037037035
1123054500,동대문구,제기동,0,대중교통 양호 서민 주거지,핵심,0.8615005267032771,언덕 위 고령 주거지,5921,False,False,False,0.3893805309734513,0.7079646017699115,3.4924769232003103,0.237335089149494,0.6689650851581509,0.2683435304781328,0.37688564476885644,0.12244553284918089,0.6898162993291598,5.382170199136735,0.008849557522123894
1123056000,동대문구,전농1동,0,대중교통 양호 서민 주거지,핵심,0.8695646236636235,언덕 위 고령 주거지,6864,False,False,False,0.3185840707964602,0.6295828065739569,2.906949416915979,0.2971682796799873,0.6501706540825285,0.21131703712825564,0.36435469710272167,0.11247086247086246,1.0924206835132897,5.5066357230977125,0.1504424778761062
1123057000,동대문구,전농2동,3,교통 사각 저소득 고령 밀집,경계,0.46260127009070895,언덕 위 고령 주거지,4337,False,False,False,0.0,0.4616977225672878,2.509952681714088,0.3893574315616696,0.6593437826541275,0.25340344726847797,0.36851271334029956,0.0682499423564676,1.3499001925231722,5.616850769418994,0.3333333333333333
1123061000,동대문구,답십리2동,3,교통 사각 저소득 고령 밀집,보통,0.7625705846132589,언덕 위 고령 주거지,6744,False,False,False,0.0,0.6144814090019569,2.9444389791664403,0.36022488546061654,0.6358365918684737,0.2487092491517923,0.35481004221284157,0.08155397390272835,1.3007212329907032,5.5894600322262535,0.3835616438356164
1123065000,동대문구,장안1동,3,교통 사각 저소득 고령 밀집,핵심,0.8265786363171881,대중교통 양호 서민 주거지,8217,False,False,False,0.16666666666666666,0.48917748917748916,2.7034943845663495,0.31924270152439077,0.48247930775018816,0.22209308611276285,0.31414597441685477,0.0529390288426433,0.8850559990050911,5.64387610214367,0.06818181818181818
1123066000,동대문구,장안2동,4,외곽 차 중심 신주거지,경계,0.6082622135584645,교통 사각 저소득 고령 밀집,6568,False,False,False,0.0,0.6849132176234979,3.1363065636586316,0.4162818001134343,0.6673062851782363,0.19900015149219816,0.31449343339587243,0.055724725943970765,0.9926565440448136,5.609986070496683,0.037383177570093455
1123074000,동대문구,이문1동,0,대중교통 양호 서민 주거지,경계,0.4446216896518459,고소득 활동 지역,4403,False,False,True,0.40860215053763443,0.45007680491551455,3.0920194930061426,0.3781284317121526,0.7205870473537603,0.14153005464480875,0.3896239554317549,0.051101521689756985,0.8824224913677884,5.538732944699648,0.20430107526881722
1123075000,동대문구,이문2동,1,언덕 위 고령 주거지,경계,0.673171185086545,교통 사각 저소득 고령 밀집,4408,False,False,False,0.5714285714285714,0.39591836734693875,1.9580806846755685,0.40449391296933224,0.6094528487229862,0.24693294493305698,0.36771447282252784,0.07917422867513611,1.3673675741635603,5.52106870606285,0.21428571428571427
1123060000,동대문구,답십리1동,0,대중교통 양호 서민 주거지,경계,0.38138510791936725,고소득 활동 지역,4945,False,False,False,0.45454545454545453,0.6697588126159555,3.1264187140462822,0.31814872870903516,0.6690888959190129,0.17909528810981132,0.35621638721923443,0.062082912032355914,1.5712360989062546,5.6517092479440185,0.03896103896103896
1126052000,중랑구,면목2동,3,교통 사각 저소득 고령 밀집,핵심,0.8417452525075679,대중교통 양호 서민 주거지,5828,False,False,False,0.11428571428571428,0.6204081632653061,2.9022062155431674,0.3549836585973622,0.46524966532797857,0.2551552033623747,0.34190093708166,0.08630748112560055,0.5249567040844846,5.437616646971362,0.02857142857142857
1126054000,중랑구,면목4동,3,교통 사각 저소득 고령 밀집,보통,0.7877055853677168,대중교통 양호 서민 주거지,4587,False,False,False,0.49230769230769234,0.6505494505494506,2.030170492673053,0.3297459781742267,0.5263797634691195,0.2630009747147526,0.3308147174770039,0.1340745585349902,0.6600044633103735,5.424417685098893,0.5384615384615384
1126055000,중랑구,면목5동,3,교통 사각 저소득 고령 밀집,핵심,0.804728699156251,외곽 차 중심 신주거지,2907,False,False,False,0.0,0.6623376623376623,1.5300010817860656,0.41435951668043136,0.6053232711306257,0.2115104772991851,0.31394072447859495,0.07120743034055728,0.47953660816821614,5.628188368454513,0.10909090909090909
1126057000,중랑구,면목7동,0,대중교통 양호 서민 주거지,핵심,0.8472592480206119,교통 사각 저소득 고령 밀집,5381,False,False,False,0.3392857142857143,0.6275510204081632,3.4948828657394784,0.30788418507602555,0.5327058398381035,0.26367110936887495,0.3148308759757155,0.06244192529269652,0.7265805543241163,5.469156156658493,0.4642857142857143
1126058000,중랑구,상봉1동,0,대중교통 양호 서민 주거지,핵심,0.8682149784446028,언덕 위 고령 주거지,5095,False,False,True,0.6666666666666666,0.5974025974025974,2.8447331878890774,0.41436333616679927,0.5760356911096691,0.22412352087274007,0.3390655418559377,0.10402355250245339,0.843946606919266,5.583665304542159,0.12121212121212122
1126059000,중랑구,상봉2동,0,대중교통 양호 서민 주거지,핵심,0.8671252322587039,언덕 위 고령 주거지,3779,False,False,False,0.6666666666666666,0.7233560090702947,3.2911226557416025,0.35432711144057943,0.6173704891740176,0.17205427062465853,0.3227746591820369,0.09632177824821381,0.49666723108684463,5.365061612091306,0.0
1126060000,중랑구,중화1동,0,대중교통 양호 서민 주거지,핵심,0.8632695676749524,언덕 위 고령 주거지,4549,False,False,False,0.6,0.5428571428571428,2.7861329473475385,0.32072035703637075,0.6521633036935705,0.25506027474067844,0.3036935704514364,0.06287096065069246,0.5657919560831827,5.486137283030765,0.07272727272727272
1126061000,중랑구,중화2동,0,대중교통 양호 서민 주거지,핵심,0.8370500270955255,교통 사각 저소득 고령 밀집,6529,False,False,False,0.550561797752809,0.46869983948635635,2.937317287345401,0.32494600089020625,0.5933669909824396,0.2552983498866036,0.33293782629330804,0.12911625057436055,0.553716886433426,5.370381557471684,0.0449438202247191
1126062000,중랑구,묵1동,0,대중교통 양호 서민 주거지,핵심,0.869871312592028,언덕 위 고령 주거지,7364,False,False,False,0.5576923076923077,0.5741758241758241,2.68273239311792,0.3103942370257942,0.6155163235599916,0.2219877611310403,0.3273029735911832,0.039652362846279196,0.7507622192975419,5.581906426889461,0.21153846153846154
1126063000,중랑구,묵2동,0,대중교통 양호 서민 주거지,핵심,0.8345435829409744,교통 사각 저소득 고령 밀집,4450,False,False,False,0.5370370370370371,0.5,2.9675613965872945,0.32706668194801597,0.5274096567967698,0.25470780149962796,0.32570659488559894,0.07573033707865169,0.5831859366525166,5.466216451019425,0.037037037037037035
1126066000,중랑구,망우3동,3,교통 사각 저소득 고령 밀집,핵심,0.8526687461181406,대중교통 양호 서민 주거지,4303,False,False,False,0.0,0.3983516483516484,2.4523304793533875,0.47143275737860346,0.47703327338129503,0.2838952299267665,0.3255395683453237,0.13804322565651872,0.4007017680620985,5.394664632772261,0.17307692307692307
1126068000,중랑구,신내1동,3,교통 사각 저소득 고령 밀집,핵심,0.8413976984526723,외곽 차 중심 신주거지,8973,False,False,False,0.18627450980392157,0.5945378151260504,2.132540802367323,0.46322791809571673,0.5902309103616984,0.24549259938168586,0.34649659269613836,0.06062632341468851,1.0087484910283309,5.647577953147015,0.27941176470588236
1126069000,중랑구,신내2동,3,교통 사각 저소득 고령 밀집,핵심,0.8030121614545319,대중교통 양호 서민 주거지,5088,False,False,False,0.3125,0.7976190476190476,2.8134107167600364,0.3860471998874798,0.47681137992831546,0.2699633893988433,0.3324372759856631,0.11615566037735849,1.2706745680287048,5.628104633848861,0.14583333333333334
1126056500,중랑구,면목본동,0,대중교통 양호 서민 주거지,핵심,0.8681925778655225,언덕 위 고령 주거지,7624,False,False,False,0.47560975609756095,0.7142857142857143,3.4044441377610255,0.311013015095885,0.52596,0.24227017064412595,0.3319796954314721,0.10322665267576075,0.4765254657608091,5.30893794240225,0.06097560975609756
1126057500,중랑구,면목3·8동,3,교통 사각 저소득 고령 밀집,보통,0.7309021670941199,대중교통 양호 서민 주거지,6312,False,False,False,0.2804878048780488,0.5853658536585366,3.0269472929019154,0.3510442448120555,0.5799002732240437,0.27035593438129096,0.3315946348733234,0.08761089987325729,0.48798494209248994,5.319842709312806,0.35365853658536583
1126065500,중랑구,망우본동,3,교통 사각 저소득 고령 밀집,핵심,0.856426235621468,대중교통 양호 서민 주거지,8679,False,False,False,0.31693989071038253,0.5441061670569867,2.5799684132452523,0.44344385544514886,0.5700200510390084,0.22870167856860524,0.32336857455340867,0.10738564350731651,0.6115575031955709,5.548061204392015,0.29508196721311475
1129058000,성북구,돈암1동,1,언덕 위 고령 주거지,핵심,0.83883900235167,교통 사각 저소득 고령 밀집,3440,False,False,False,0.4,0.6612244897959183,2.7491007409325676,0.2970326367430541,0.644097180043384,0.2522363982988708,0.3657266811279826,0.08459302325581396,1.2102940232579231,5.587153634076972,0.7714285714285715
1129059000,성북구,돈암2동,1,언덕 위 고령 주거지,핵심,0.8259716988953463,교통 사각 저소득 고령 밀집,4280,False,False,False,0.08333333333333333,0.36904761904761907,2.2621970320887574,0.3331226634275294,0.4626267985611511,0.18796662274923145,0.370863309352518,0.038551401869158876,1.4330530942822144,5.731501876083373,0.8125
1129060000,성북구,안암동,1,언덕 위 고령 주거지,핵심,0.8448847088814256,교통 사각 저소득 고령 밀집,2385,False,False,False,0.5238095238095238,0.45034013605442175,1.9266787871274256,0.3379384172878886,0.6372097546379415,0.15323824209714726,0.40754039497307004,0.059958071278826,0.652409276254009,5.122144945194432,0.5333333333333333
1129061000,성북구,보문동,1,언덕 위 고령 주거지,경계,0.6262905101410684,대중교통 양호 서민 주거지,3006,False,False,False,0.7321428571428571,0.5153061224489796,2.269914310704497,0.2431987935597468,0.6455441860465115,0.19255653065146372,0.3648578811369509,0.051563539587491686,0.930663644915335,5.51561463864279,0.375
1129062000,성북구,정릉1동,1,언덕 위 고령 주거지,보통,0.7869818640548047,대중교통 양호 서민 주거지,3698,False,False,False,0.46153846153846156,0.6483516483516484,2.804137079974707,0.32121980884830076,0.5235973154362416,0.21212642689152755,0.363995262534544,0.042725797728501894,1.0383309081459748,5.609637985464388,0.5641025641025641
1129063000,성북구,정릉2동,1,언덕 위 고령 주거지,핵심,0.8469879910297116,교통 사각 저소득 고령 밀집,5348,True,False,False,0.2345679012345679,0.47619047619047616,2.5062815093727338,0.32676100863799296,0.6702710254260966,0.2501403180542563,0.3556859457949148,0.047494390426327596,0.5476494763579772,5.540914982060391,0.7160493827160493
1129064000,성북구,정릉3동,3,교통 사각 저소득 고령 밀집,경계,0.6620483027937215,언덕 위 고령 주거지,3397,True,True,False,0.140625,0.46316964285714285,1.55814461804655,0.44144816952656646,0.3779267407090987,0.2457676168427145,0.37847073900042716,0.09596702973211657,0.31902206413218215,5.27659566561138,0.671875
1129065000,성북구,정릉4동,1,언덕 위 고령 주거지,핵심,0.841577267993029,교통 사각 저소득 고령 밀집,5842,False,False,False,0.26666666666666666,0.5539682539682539,1.7861884241785997,0.3065373212494086,0.6459477800201816,0.2502248682914293,0.3625126135216953,0.0499828825744608,0.6493614129833853,5.571948645224196,0.8555555555555555
1129066000,성북구,길음1동,1,언덕 위 고령 주거지,경계,0.6828363473393797,고소득 활동 지역,5445,False,False,False,0.15476190476190477,0.5153061224489796,2.8491914540408745,0.29037702086955247,0.7383047517918768,0.1541663127495116,0.36288823997876296,0.047933884297520664,1.7139259718126056,5.692707470710772,0.5714285714285714
1129068500,성북구,길음2동,2,고소득 활동 지역,핵심,0.9320564366902537,외곽 차 중심 신주거지,3608,False,False,False,0.32786885245901637,0.7259953161592506,3.2409260048844653,0.2783633594724551,0.743758730834753,0.168842716084047,0.32453151618398635,0.06707317073170732,1.6162053038979436,5.642063379818718,0.36065573770491804
1129071500,성북구,월곡1동,3,교통 사각 저소득 고령 밀집,보통,0.7108107884156804,언덕 위 고령 주거지,5715,False,False,False,0.0,0.6183368869936035,2.9972236981406613,0.3431451103996175,0.6209140686402934,0.23465407513857525,0.36023054755043227,0.06666666666666667,1.185711786219453,5.552547315195875,0.31343283582089554
1129072500,성북구,월곡2동,1,언덕 위 고령 주거지,경계,0.6443822531397974,대중교통 양호 서민 주거지,4303,False,False,False,0.6741573033707865,0.5120385232744783,2.424106450761036,0.3071591201410522,0.6739860163710778,0.2342406096897115,0.37244201909959074,0.06623286079479433,0.9505375959226557,5.44513114178044,0.34831460674157305
1129076000,성북구,장위1동,3,교통 사각 저소득 고령 밀집,경계,0.5627177021638208,언덕 위 고령 주거지,5014,False,False,False,0.0,0.7073732718894009,2.0445662123658237,0.3956199686090481,0.6361958162944322,0.22325125784763347,0.3422459893048128,0.09952134024730754,0.4414003595250502,5.473347313589719,0.5967741935483871
1129077000,성북구,장위2동,0,대중교통 양호 서민 주거지,핵심,0.8477002998426563,언덕 위 고령 주거지,3870,False,False,False,0.37681159420289856,0.6024844720496894,2.715749950403513,0.3272603429462822,0.6246060318664644,0.24750575594781274,0.33687405159332323,0.09018087855297158,0.5872528669017575,5.422023532414755,0.21739130434782608
1129078000,성북구,장위3동,4,외곽 차 중심 신주거지,핵심,0.8350921210634201,고소득 활동 지역,3208,False,False,False,0.057971014492753624,0.8385093167701863,2.1561341624680903,0.4366800591381034,0.6450121642169285,0.1711846318036286,0.2959959452610238,0.05112219451371571,1.182581425512168,5.713341761469657,0.0
1129052500,성북구,성북동,1,언덕 위 고령 주거지,핵심,0.8328546765768867,교통 사각 저소득 고령 밀집,3417,True,False,False,0.09550561797752809,0.30176565008025685,1.8534850489890113,0.4073720312565469,0.6991744824672581,0.2202526750032229,0.41233629066328686,0.041264266900790166,1.1429620660386297,5.587673941870639,0.8426966292134831
1129055500,성북구,삼선동,1,언덕 위 고령 주거지,보통,0.7046447741717256,대중교통 양호 서민 주거지,4533,False,False,False,0.34831460674157305,0.4911717495987159,3.065174482276092,0.24411311819769374,0.657187803299903,0.21079799107142858,0.4063409899708832,0.062210456651224356,0.9191344327215125,5.38195935825122,0.3707865168539326
1129057500,성북구,동선동,1,언덕 위 고령 주거지,경계,0.6251993847100635,대중교통 양호 서민 주거지,2376,False,False,False,0.48484848484848486,0.5238095238095237,3.633991188808527,0.2521552792671439,0.6963280871670703,0.15922798552472858,0.41828087167070216,0.06186868686868687,0.5943750691797127,5.213970856888281,0.5
1129070500,성북구,종암동,1,언덕 위 고령 주거지,핵심,0.8501587468408478,교통 사각 저소득 고령 밀집,8164,False,False,False,0.19327731092436976,0.5354141656662665,2.7492082735957175,0.34837881903133233,0.6539519804666305,0.222950461521656,0.3966359196961476,0.06369426751592357,0.9649770277923242,5.512297867824532,0.25210084033613445
1129081000,성북구,석관동,3,교통 사각 저소득 고령 밀집,핵심,0.8517480302860703,대중교통 양호 서민 주거지,8612,False,False,False,0.3142857142857143,0.4642857142857143,2.531426665422893,0.3616920108725498,0.5205800696257615,0.2630823277837177,0.34760661444734553,0.07001857872735717,0.695957123968583,5.436876575050831,0.15
1130559500,강북구,번1동,0,대중교통 양호 서민 주거지,핵심,0.8704480350430571,언덕 위 고령 주거지,3910,False,False,False,0.3448275862068966,0.8152709359605911,3.443397736152532,0.236348127846065,0.6112498130142109,0.24628369866465105,0.34293193717277487,0.09437340153452685,0.24753823074641748,5.271764874786494,0.0
1130560300,강북구,번2동,3,교통 사각 저소득 고령 밀집,핵심,0.8528373224943278,대중교통 양호 서민 주거지,4714,False,False,False,0.0,0.5994897959183673,1.9015743352352616,0.35580897952211676,0.5819541616405307,0.33397095288699963,0.3691194209891435,0.1525243954179041,0.012959146359243492,5.243718654433466,0.44642857142857145
1130560800,강북구,번3동,3,교통 사각 저소득 고령 밀집,핵심,0.838651515417018,대중교통 양호 서민 주거지,5269,False,False,False,0.0,0.6401098901098901,2.0276420463196945,0.3838964348524514,0.47795255849832863,0.3449878871210633,0.38853175623553615,0.24274055798064148,0.8314056541616915,5.374074883348299,0.17307692307692307
1130561500,강북구,수유1동,3,교통 사각 저소득 고령 밀집,경계,0.396182735509851,대중교통 양호 서민 주거지,5398,False,False,False,0.38235294117647056,0.51890756302521,2.5245514811352407,0.278222446337971,0.5680701459034793,0.2807656298762093,0.3538159371492705,0.09688773619859208,0.2268003610281449,5.273514220438263,0.39705882352941174
1130562500,강북구,수유2동,0,대중교통 양호 서민 주거지,핵심,0.8623158979320302,언덕 위 고령 주거지,5989,False,False,False,0.3559322033898305,0.7046004842615011,2.6782314780785357,0.298211996230568,0.6156157237325497,0.30333265802269044,0.3884398726426647,0.07563867089664385,0.333375124087091,5.380959236793903,0.0
1130563500,강북구,수유3동,0,대중교통 양호 서민 주거지,핵심,0.867487073635099,언덕 위 고령 주거지,5661,False,False,False,0.4594594594594595,0.6293436293436293,3.455122345303626,0.2230035357806739,0.5750353629353896,0.2547360842370517,0.3616059558628024,0.09750927397986221,0.22562151063554395,5.160398659797136,0.0
1130553400,강북구,삼양동,1,언덕 위 고령 주거지,경계,0.6626547211229532,대중교통 양호 서민 주거지,6209,False,False,False,0.7804878048780488,0.5174216027874565,2.894428558591779,0.29903766266803733,0.6202908892658104,0.25698439634121106,0.3457717470317422,0.10323723626993074,0.43780690154872065,5.424120617003543,0.6829268292682927
1130553500,강북구,미아동,0,대중교통 양호 서민 주거지,핵심,0.8682617531312219,언덕 위 고령 주거지,5508,False,False,False,0.5733333333333334,0.47428571428571425,3.418818983011975,0.19835685949963672,0.5250314628166712,0.27412531727467276,0.36066466902751293,0.0896877269426289,0.3032279467341845,5.19551389561238,0.28
1130554500,강북구,송중동,0,대중교통 양호 서민 주거지,보통,0.75090086360134,언덕 위 고령 주거지,7084,False,False,False,0.21052631578947367,0.6165413533834586,3.1142168174818647,0.23720443651285167,0.6943945228925973,0.26109391124871,0.3451005562687206,0.07919254658385093,0.5531573254646556,5.361964015074385,0.45263157894736844
1130555500,강북구,송천동,0,대중교통 양호 서민 주거지,핵심,0.8598033581854861,언덕 위 고령 주거지,6741,False,False,False,0.40217391304347827,0.6009316770186335,3.1639144841855074,0.2544858662675575,0.6034452391595888,0.29758961681087764,0.3421993741618239,0.11363299213766503,0.6494164963586957,5.244725830187168,0.08695652173913043
1130557500,강북구,삼각산동,1,언덕 위 고령 주거지,핵심,0.8104276358850516,대중교통 양호 서민 주거지,5553,False,False,False,0.3793103448275862,0.6527093596059113,2.938066631704182,0.2639971732533521,0.5940781291878854,0.18635478891200752,0.346555883141249,0.11435260219701063,1.660961846922178,5.6587773390388225,0.7758620689655172
1130564500,강북구,우이동,1,언덕 위 고령 주거지,보통,0.7738270049432985,교통 사각 저소득 고령 밀집,5832,False,False,False,0.5585585585585585,0.5160875160875161,1.6907272439964869,0.34037904636682714,0.6106479253621409,0.3014888337468983,0.38988460594156643,0.07578875171467764,0.3687980047828847,5.4485610977010905,0.35135135135135137
1130566000,강북구,인수동,3,교통 사각 저소득 고령 밀집,경계,0.6637548063229562,언덕 위 고령 주거지,8408,False,False,False,0.30578512396694213,0.41204250295159384,1.9715525796686508,0.3046414864208532,0.6116915492957746,0.30166475315729047,0.3684859154929577,0.08634633682207421,0.28527084026654786,5.327417657438271,0.2809917355371901
1132066000,도봉구,쌍문1동,3,교통 사각 저소득 고령 밀집,경계,0.505118583728179,언덕 위 고령 주거지,5738,False,False,False,0.36082474226804123,0.491899852724595,1.7831312880047168,0.35197362841165464,0.5832217357713109,0.280463365755902,0.3829513262941025,0.06988497734402231,0.35240087108838725,5.476933613333373,0.29896907216494845
1132067000,도봉구,쌍문2동,3,교통 사각 저소득 고령 밀집,핵심,0.8507310219291023,대중교통 양호 서민 주거지,4849,False,False,False,0.0,0.6220238095238095,3.1489896974040343,0.3657179008050372,0.5631426553672316,0.28178754067875406,0.3443188951663528,0.07733553309960817,0.31349489639545175,5.420532942190318,0.125
1132068000,도봉구,쌍문3동,0,대중교통 양호 서민 주거지,핵심,0.858553659800944,언덕 위 고령 주거지,4225,False,False,False,0.40425531914893614,0.5623100303951367,3.049575505574814,0.25837600297683,0.4902538924274593,0.2666792905384081,0.36801132342533616,0.07384615384615385,0.3983147652274912,5.332870938985284,0.1276595744680851
1132068100,도봉구,쌍문4동,3,교통 사각 저소득 고령 밀집,핵심,0.8491898496992697,대중교통 양호 서민 주거지,4273,False,False,False,0.0,0.6109422492401215,2.370442568389681,0.3510232901977826,0.5199506854531607,0.24386485561009016,0.3347296268088347,0.02176456821904985,0.8155968040713657,5.5694844047244745,0.23404255319148937
1132069000,도봉구,방학1동,3,교통 사각 저소득 고령 밀집,보통,0.7022615840929003,대중교통 양호 서민 주거지,7481,False,False,False,0.36633663366336633,0.6577086280056578,3.160575233073986,0.39036162394073604,0.4964576962283384,0.2698676093936005,0.3382262996941896,0.08207458895869536,0.6674547690871957,5.579176315349691,0.019801980198019802
1132070000,도봉구,방학2동,3,교통 사각 저소득 고령 밀집,핵심,0.8481639233957103,대중교통 양호 서민 주거지,5436,False,False,False,0.0,0.41625615763546797,2.4180666316621497,0.418933736087828,0.5386255904417894,0.31268334771354617,0.35732147818838567,0.1436718175128771,0.14748059849676778,5.316274240667996,0.06896551724137931
1132071000,도봉구,방학3동,3,교통 사각 저소득 고령 밀집,핵심,0.8289563574284632,외곽 차 중심 신주거지,6770,False,False,False,0.0,0.6066252587991718,2.1443196790543273,0.3543456614721758,0.6000526129943502,0.2685548811932246,0.3361581920903955,0.015952732644017725,0.9246241324374486,5.610189781930507,0.14492753623188406
1132051100,도봉구,창1동,0,대중교통 양호 서민 주거지,경계,0.6291449264534902,교통 사각 저소득 고령 밀집,5571,False,False,False,0.5135135135135135,0.36486486486486486,2.8058143698681017,0.38420145691763224,0.6117587648327939,0.24691959932630086,0.36084142394822005,0.03949021719619458,0.9534601618146108,5.587073677860992,0.10810810810810811
1132051200,도봉구,창2동,3,교통 사각 저소득 고령 밀집,보통,0.7470916484708938,대중교통 양호 서민 주거지,6836,False,False,False,0.06451612903225806,0.5529953917050691,2.6618373579470784,0.31998777790068433,0.6142356515867657,0.24942532929543548,0.350438892640108,0.05471035693387946,0.4389560205942242,5.456063366451263,0.08064516129032258
1132051300,도봉구,창3동,3,교통 사각 저소득 고령 밀집,핵심,0.8570204349563143,대중교통 양호 서민 주거지,3568,False,False,False,0.0,0.46179401993355484,2.5229340453772395,0.39646981120394753,0.5606150274377374,0.28530305453382376,0.36091177712114814,0.1101457399103139,0.29400842630870916,5.38254620963814,0.16279069767441862
1132051400,도봉구,창4동,4,외곽 차 중심 신주거지,경계,0.5970072995779098,고소득 활동 지역,5566,False,False,False,0.36,0.5157142857142857,2.5152741864043966,0.3542143193243532,0.6416850371216448,0.21575315915962479,0.35693889206167906,0.018864534674811355,1.4937008505951448,5.6875782957863175,0.17
1132051500,도봉구,창5동,3,교통 사각 저소득 고령 밀집,경계,0.5938610551137806,대중교통 양호 서민 주거지,5672,False,False,False,0.265625,0.4151785714285714,2.930360071667842,0.37610953376507916,0.5889280427631578,0.24410397658805302,0.3503289473684211,0.030853314527503527,0.8777467656759875,5.645935236955712,0.0625
1132052100,도봉구,도봉1동,3,교통 사각 저소득 고령 밀집,핵심,0.8497587770445337,대중교통 양호 서민 주거지,6904,False,False,False,0.3275862068965517,0.46182266009852213,1.9372520863121987,0.457496844774144,0.5302000617156963,0.35784999740838647,0.3674141123225674,0.09588644264194669,0.06894407429638783,5.427342170248381,0.1810344827586207
1132052200,도봉구,도봉2동,3,교통 사각 저소득 고령 밀집,핵심,0.8585454649079248,대중교통 양호 서민 주거지,7988,False,False,False,0.3877551020408163,0.5583090379008746,2.1960901472656076,0.39719513581036625,0.6334586501019841,0.31116824432238716,0.3404413128129056,0.05896344516775163,0.9227533282402655,5.623332826476945,0.1326530612244898
1135056000,노원구,월계1동,3,교통 사각 저소득 고령 밀집,경계,0.457731516195523,대중교통 양호 서민 주거지,4766,False,False,True,0.37777777777777777,0.6333333333333333,2.345005808877998,0.3998802911666205,0.6532821614983113,0.23672577360552327,0.33773411114522567,0.05916911456147713,0.5543864645403567,5.530312502420411,0.3111111111111111
1135057000,노원구,월계2동,3,교통 사각 저소득 고령 밀집,핵심,0.845001429036427,대중교통 양호 서민 주거지,7015,False,False,False,0.1702127659574468,0.4650455927051672,1.6094379124341003,0.36407237850291196,0.5083823964497042,0.286303158925802,0.3341081994928149,0.17704918032786884,1.144862572928766,5.5580850679574825,0.4148936170212766
1135058000,노원구,월계3동,3,교통 사각 저소득 고령 밀집,핵심,0.8523261698920557,대중교통 양호 서민 주거지,7237,False,False,False,0.4351851851851852,0.5674603174603174,2.0771240435394733,0.4130408147268911,0.6102258456552563,0.26204873809610024,0.34514887583552767,0.11841923448942931,1.3945737323408347,5.618392629859646,0.2222222222222222
1135060000,노원구,공릉2동,4,외곽 차 중심 신주거지,핵심,0.826246734448058,교통 사각 저소득 고령 밀집,7148,False,False,False,0.07716049382716049,0.2482363315696649,1.5646213246245393,0.4304605699147247,0.649281222611744,0.17572152023206647,0.32778264680105174,0.038052602126468944,1.0945552901675977,5.653159174512103,0.25308641975308643
1135061100,노원구,하계1동,3,교통 사각 저소득 고령 밀집,핵심,0.8166908085321222,대중교통 양호 서민 주거지,5588,False,False,False,0.18181818181818182,0.4987012987012987,1.9061698204057993,0.28403326435221193,0.5982460580912864,0.22299373478590526,0.35159059474412174,0.22297780959198282,1.1613976363948806,5.537179345015798,0.18181818181818182
1135061200,노원구,하계2동,0,대중교통 양호 서민 주거지,핵심,0.8633907375533888,언덕 위 고령 주거지,3632,False,False,False,0.4883720930232558,0.627906976744186,2.3368741664726778,0.3267474982569543,0.5031458425967096,0.18701405694866383,0.34281903068030234,0.11563876651982379,1.4586155413040334,5.649415799933918,0.13953488372093023
1135061900,노원구,중계본동,4,외곽 차 중심 신주거지,핵심,0.8228068438443371,교통 사각 저소득 고령 밀집,3002,False,False,False,0.0,0.4003139717425432,2.4117843849590375,0.45989052168628386,0.5476431308155446,0.1366222181768534,0.3464696223316913,0.04163890739506995,1.1080757782610233,5.729703113689759,0.37362637362637363
1135062100,노원구,중계1동,4,외곽 차 중심 신주거지,경계,0.5434643961755872,고소득 활동 지역,3207,False,False,False,0.0,0.6403061224489796,3.0428203096528925,0.36760977161238484,0.5911324742268041,0.12474230814111789,0.3479381443298969,0.06735266604303088,1.77251499653461,5.724226313582187,0.05357142857142857
1135062400,노원구,중계4동,3,교통 사각 저소득 고령 밀집,핵심,0.8475271592090291,대중교통 양호 서민 주거지,4619,False,False,False,0.3103448275862069,0.34975369458128075,2.8661340226763055,0.38997289267060287,0.5752306041091689,0.25016247833622185,0.37534498620055196,0.17687811214548604,1.0858669710760147,5.592934822269447,0.15517241379310345
1135063000,노원구,상계1동,3,교통 사각 저소득 고령 밀집,보통,0.7514944966886156,대중교통 양호 서민 주거지,9362,False,False,False,0.296,0.4685714285714285,2.444084655267745,0.3387818686858089,0.6382248081414748,0.2615522154551042,0.3353353353353353,0.0630207220679342,0.8226295425374268,5.646857395081791,0.168
1135064000,노원구,상계2동,0,대중교통 양호 서민 주거지,핵심,0.8691571021156599,언덕 위 고령 주거지,4431,False,False,False,0.3684210526315789,0.6766917293233082,3.7677068486948064,0.2904140987609921,0.6373389202540579,0.23948762295968004,0.3479181369089626,0.0652222974497856,0.76363547134988,5.563479904057894,0.0
1135067000,노원구,상계5동,0,대중교통 양호 서민 주거지,경계,0.6806530842547185,교통 사각 저소득 고령 밀집,6193,False,False,False,0.3333333333333333,0.5744047619047619,2.8949907037524594,0.3140572940291855,0.5553908197507191,0.2818715579627691,0.37919463087248323,0.09462296140804134,0.3839458133812438,5.377649094458048,0.0
1135070000,노원구,상계8동,4,외곽 차 중심 신주거지,경계,0.6273868745889865,고소득 활동 지역,3536,False,False,False,0.26,0.41142857142857137,2.785011242238338,0.27626617552908367,0.630180362410451,0.1667373980289527,0.3324905183312263,0.018665158371040724,1.208534302854745,5.612315828727649,0.04
1135071000,노원구,상계9동,0,대중교통 양호 서민 주거지,경계,0.5653403088722727,고소득 활동 지역,4323,False,False,False,0.19607843137254902,0.6078431372549019,2.8605187947464836,0.32626459143968867,0.6668626102292768,0.22951951154765066,0.3333333333333333,0.01989359241267638,1.265654034793618,5.570617606937357,0.17647058823529413
1135072000,노원구,상계10동,0,대중교통 양호 서민 주거지,경계,0.5764665557208205,고소득 활동 지역,3431,False,False,False,0.3026315789473684,0.6221804511278195,3.084441769326964,0.27474472913623615,0.610773937412424,0.19242849130678633,0.32788416627744044,0.020693675313319733,1.451872756244799,5.614065150593869,0.09210526315789473
1135066500,노원구,상계3·4동,1,언덕 위 고령 주거지,보통,0.709833005281344,교통 사각 저소득 고령 밀집,7301,False,False,False,0.37815126050420167,0.24489795918367346,1.9518946073705536,0.3435605358934928,0.5762577886377521,0.2786641221374046,0.3665241295051924,0.13272154499383645,0.6783216941237031,5.543954129741216,0.5630252100840336
1135069500,노원구,상계6·7동,0,대중교통 양호 서민 주거지,경계,0.589464900226708,고소득 활동 지역,6111,False,False,False,0.25984251968503935,0.4791901012373453,3.8895680449063015,0.27413016647658295,0.6251027874564459,0.20340167753960858,0.3476854156296665,0.02847324496809033,1.3644062266145267,5.546831979654196,0.12598425196850394
1135062500,노원구,중계2·3동,0,대중교통 양호 서민 주거지,경계,0.4808180203232167,교통 사각 저소득 고령 밀집,8655,False,False,False,0.4125,0.5928571428571429,2.5346883856797273,0.24724643944679475,0.5239903972422849,0.27940986570247933,0.3878857518056468,0.20889659156556903,1.1616234189379036,5.437731152743557,0.0125
1135059500,노원구,공릉1동,0,대중교통 양호 서민 주거지,핵심,0.8644414068888898,언덕 위 고령 주거지,8149,False,False,False,0.6371681415929203,0.6637168141592921,3.099853083040471,0.2901932527884707,0.6462227862380147,0.23196697978935382,0.3213009964279,0.11191557246287888,0.5865742858230741,5.479784587536075,0.13274336283185842
1138051000,은평구,녹번동,0,대중교통 양호 서민 주거지,핵심,0.8619501662302974,언덕 위 고령 주거지,8602,False,False,False,0.44642857142857145,0.6556122448979592,2.925463077707435,0.2573040358480765,0.6352112956235946,0.2455118874332848,0.365334717176959,0.07684259474540804,0.6635567656687263,5.498918003745035,0.3392857142857143
1138052000,은평구,불광1동,1,언덕 위 고령 주거지,경계,0.6911922445260821,대중교통 양호 서민 주거지,8412,False,False,False,0.5,0.45153061224489793,3.3145106273015736,0.2460219930469291,0.6639151245551601,0.25080500894454383,0.37669039145907474,0.0872563005230623,0.7606121654223604,5.551303357963821,0.5178571428571429
1138055100,은평구,갈현1동,1,언덕 위 고령 주거지,핵심,0.8433860452194463,교통 사각 저소득 고령 밀집,3591,False,False,False,0.1111111111111111,0.44246031746031744,2.9117466174808984,0.2576395785167288,0.6364175062972293,0.25773343859900955,0.3509655751469353,0.09885825675299359,0.7345952958256906,5.429747219965207,0.5416666666666666
1138055200,은평구,갈현2동,3,교통 사각 저소득 고령 밀집,경계,0.6783199360739983,대중교통 양호 서민 주거지,6327,False,False,False,0.20253164556962025,0.5641952983725136,2.9477645558928174,0.3306441076039927,0.5715402052016225,0.23826918731641183,0.33929849677881174,0.07602339181286549,0.4314715564252624,5.427475460887848,0.31645569620253167
1138056000,은평구,구산동,3,교통 사각 저소득 고령 밀집,핵심,0.8495449900312092,대중교통 양호 서민 주거지,7660,False,False,False,0.14942528735632185,0.5435139573070608,2.3968497943968177,0.38760606351044746,0.5986697779524465,0.25124639202309107,0.3409314207113382,0.07415143603133159,0.41364443271124196,5.467277068315313,0.40229885057471265
1138057000,은평구,대조동,0,대중교통 양호 서민 주거지,핵심,0.8685317806453289,언덕 위 고령 주거지,6090,False,False,False,0.611764705882353,0.6857142857142857,3.5848252743701656,0.26917272664981634,0.6454200819672132,0.22741700586280295,0.3840405014464802,0.08604269293924466,0.4026974817611463,5.267448845577974,0.11764705882352941
1138058000,은평구,응암1동,0,대중교통 양호 서민 주거지,핵심,0.8652263588982515,언덕 위 고령 주거지,6415,False,False,False,0.27586206896551724,0.6732348111658456,3.275625470627244,0.25590392324943073,0.5331605780346821,0.2011350097196965,0.36416184971098264,0.05549493374902572,0.5150534080778912,5.542864383882577,0.367816091954023
1138059000,은평구,응암2동,1,언덕 위 고령 주거지,핵심,0.8189093488109289,교통 사각 저소득 고령 밀집,4788,False,False,False,0.0,0.7538461538461538,2.3978952727983707,0.34515800842294064,0.5492034161490683,0.17937286929157456,0.3440993788819876,0.06934001670843776,1.0261826539844638,5.690469812222938,0.6615384615384615
1138063100,은평구,신사1동,0,대중교통 양호 서민 주거지,핵심,0.867145130933047,언덕 위 고령 주거지,6445,False,False,False,0.3333333333333333,0.7164502164502164,3.0350986637415454,0.30594657287473276,0.5642227793696275,0.25009701202949164,0.34885386819484243,0.047633824670287046,0.4850517425653512,5.501472010120318,0.3333333333333333
1138063200,은평구,신사2동,1,언덕 위 고령 주거지,핵심,0.8040522179600033,교통 사각 저소득 고령 밀집,4710,False,False,False,0.23728813559322035,0.4745762711864407,2.124998073282203,0.33459188847820254,0.6090173870653234,0.2438393042037689,0.3227169320766981,0.06794055201698514,0.44714689290280696,5.525594009094057,0.6779661016949152
1138064000,은평구,증산동,3,교통 사각 저소득 고령 밀집,핵심,0.8317662578617355,대중교통 양호 서민 주거지,3461,False,False,False,0.5694444444444444,0.5932539682539683,2.1135745480492942,0.39338227844681445,0.4451050042771599,0.22922047817736274,0.33704020530367834,0.051430222479052295,0.9723405002826884,5.614788267476986,0.3333333333333333
1138065000,은평구,수색동,4,외곽 차 중심 신주거지,경계,0.401183919165295,언덕 위 고령 주거지,3799,False,False,False,0.29333333333333333,0.5314285714285714,1.6409365794934714,0.46533590037408357,0.6152030290626278,0.18040649634343242,0.35407286123618503,0.07159778889181363,1.0507135315773084,5.7591435284233015,0.4666666666666667
1138069000,은평구,진관동,4,외곽 차 중심 신주거지,보통,0.7441934102409695,언덕 위 고령 주거지,10595,False,False,False,0.07453416149068323,0.49157054125998223,1.826850789039325,0.40957040727483235,0.690322255574614,0.19800777453838678,0.3486277873070326,0.0389806512505899,1.672888615236793,5.706991791886288,0.422360248447205
1138053000,은평구,불광2동,1,언덕 위 고령 주거지,경계,0.6516769094033948,교통 사각 저소득 고령 밀집,7395,False,False,False,0.11458333333333333,0.44047619047619047,2.7880929087757464,0.2733555599585314,0.5765092989985694,0.28350713080815826,0.3623543838136113,0.11548343475321163,0.35300750810964093,5.313196158504551,0.59375
1138060000,은평구,응암3동,0,대중교통 양호 서민 주거지,핵심,0.8594525076948992,언덕 위 고령 주거지,6590,False,False,False,0.28169014084507044,0.8088531187122737,3.262420869084485,0.27042591455676296,0.6127427322404371,0.2908208296557811,0.38907103825136613,0.1062215477996965,0.2787886050466411,5.278483847336048,0.18309859154929578
1138062500,은평구,역촌동,0,대중교통 양호 서민 주거지,핵심,0.8603457494540412,언덕 위 고령 주거지,10685,False,False,False,0.28846153846153844,0.625,2.8252632737907555,0.2966178673845364,0.6324785494689771,0.24167100174156922,0.3399944102850755,0.07468413664014974,0.44133545864905627,5.429190466868283,0.0673076923076923
1141052000,서대문구,천연동,1,언덕 위 고령 주거지,핵심,0.8505376696983353,교통 사각 저소득 고령 밀집,3732,False,False,False,0.27450980392156865,0.5042016806722689,2.7313070632664775,0.2266695168141627,0.5832772122161316,0.22666261767385362,0.41033672670321064,0.0894962486602358,1.3797743695944,5.5755441218711645,0.7254901960784313
1141062000,서대문구,홍제1동,1,언덕 위 고령 주거지,경계,0.6648777737215806,대중교통 양호 서민 주거지,5687,False,False,False,0.4177215189873418,0.7269439421338155,3.1216397410678542,0.23713782438127606,0.6693852480417755,0.23514575149886294,0.36945169712793735,0.04677334271144716,0.7774996984143582,5.558436782475677,0.6835443037974683
1141064000,서대문구,홍제3동,1,언덕 위 고령 주거지,경계,0.4471572821153119,대중교통 양호 서민 주거지,4434,False,False,False,0.2542372881355932,0.6949152542372882,3.142104596225016,0.2295996115551416,0.6599026016260162,0.25925276267321523,0.40715447154471546,0.05751014884979702,0.5149781421153422,5.479976051914771,0.4067796610169492
1141065500,서대문구,홍제2동,1,언덕 위 고령 주거지,경계,0.4791796646495772,대중교통 양호 서민 주거지,2988,False,False,False,0.5483870967741935,0.6866359447004607,3.2556120646938203,0.21721282861382152,0.5332886812045691,0.2538657604078165,0.37590861889927313,0.08500669344042838,1.1473495688995283,5.595932945599142,0.5806451612903226
1141066000,서대문구,홍은1동,1,언덕 위 고령 주거지,핵심,0.8370204980765501,교통 사각 저소득 고령 밀집,5702,False,False,False,0.02857142857142857,0.42448979591836733,2.0412203288596382,0.30932286586399593,0.599553409696324,0.24432256405861685,0.37293553542887586,0.05085934759733427,0.8475852390899883,5.654392250462763,0.8
1141068500,서대문구,홍은2동,1,언덕 위 고령 주거지,보통,0.7781460546610571,교통 사각 저소득 고령 밀집,6224,False,False,False,0.0,0.6167247386759582,1.4358585191360116,0.3672392735774964,0.556034725654968,0.23039052378308347,0.379634206623826,0.056555269922879174,0.4360682063067743,5.5574160076811685,0.6829268292682927
1141069000,서대문구,남가좌1동,2,고소득 활동 지역,핵심,0.8496122883294679,대중교통 양호 서민 주거지,2687,False,False,False,0.36585365853658536,0.7526132404181185,3.3234555479819683,0.39538876007940066,0.4899019283746557,0.1554976851851852,0.3741046831955923,0.04763676963155936,1.915686701700418,5.785070844916292,0.024390243902439025
1141070000,서대문구,남가좌2동,3,교통 사각 저소득 고령 밀집,경계,0.5688872293970579,언덕 위 고령 주거지,5597,False,False,False,0.0,0.6946428571428571,2.8972922007407385,0.363899176727144,0.6191051546391751,0.19788573044831,0.37989690721649483,0.08433089154904413,0.824043171060912,5.589784164361312,0.3375
1141071000,서대문구,북가좌1동,2,고소득 활동 지역,보통,0.7493892225720452,외곽 차 중심 신주거지,3538,False,False,False,0.19642857142857142,0.836734693877551,2.522867412027223,0.40498117052433985,0.7116790383804302,0.20764129350313987,0.364403205398566,0.04041831543244771,1.4128249251057483,5.726470499955028,0.19642857142857142
1141072000,서대문구,북가좌2동,0,대중교통 양호 서민 주거지,핵심,0.8590656935740442,언덕 위 고령 주거지,7586,False,False,False,0.22077922077922077,0.7031539888682745,2.6070093465889,0.3159455495748249,0.6717241446725317,0.2575366648560565,0.3593352883675464,0.06749274980226734,0.5173518376297718,5.422477514418947,0.2987012987012987
1141056500,서대문구,충현동,1,언덕 위 고령 주거지,핵심,0.8488761715091576,교통 사각 저소득 고령 밀집,3948,False,False,True,0.37623762376237624,0.4115983026874116,2.169336545796384,0.35047631058066536,0.7050818253343825,0.20737472423573905,0.3811959087332809,0.06965552178318135,1.3399883490131805,5.549941069873204,0.6435643564356436
1141055500,서대문구,북아현동,1,언덕 위 고령 주거지,경계,0.6434558759430674,대중교통 양호 서민 주거지,2580,False,False,False,0.6744186046511628,0.5714285714285715,3.4112244614312828,0.19442483841966698,0.4690721618357488,0.17218366257341164,0.392512077294686,0.06627906976744186,1.795147719287009,5.579790265989464,0.627906976744186
1141058500,서대문구,신촌동,1,언덕 위 고령 주거지,핵심,0.8475550587473799,교통 사각 저소득 고령 밀집,2327,False,False,True,0.39361702127659576,0.5615501519756839,2.687630362093467,0.4118232051237363,0.6944450920245399,0.11306544871483407,0.4214723926380368,0.04082509669101848,0.5719127155678709,5.084555835885015,0.46808510638297873
1141061500,서대문구,연희동,1,언덕 위 고령 주거지,핵심,0.8372056530778126,교통 사각 저소득 고령 밀집,6650,False,False,False,0.02617801047120419,0.6589379207180255,2.126110284950085,0.3609086393343593,0.6341314186248912,0.20179644352734113,0.4088337684943429,0.043909774436090225,0.7287099326778168,5.51298913170663,0.581151832460733
1144059000,마포구,용강동,2,고소득 활동 지역,핵심,0.9239039940417574,외곽 차 중심 신주거지,3430,False,False,False,0.4696969696969697,0.5497835497835498,3.297518952187314,0.30125902844463603,0.655702479338843,0.16180008490966555,0.393214441061331,0.05510204081632653,1.6041298294551336,5.823985823970908,0.15151515151515152
1144060000,마포구,대흥동,0,대중교통 양호 서민 주거지,보통,0.7090003208121562,언덕 위 고령 주거지,2140,False,False,False,0.782608695652174,0.7639751552795031,3.4867987473395194,0.20574576231171027,0.7274550209205021,0.15111927123790692,0.40097629009762903,0.0883177570093458,1.0672238488934884,5.457529514135825,0.4782608695652174
1144061000,마포구,염리동,1,언덕 위 고령 주거지,핵심,0.8400212166364939,교통 사각 저소득 고령 밀집,2356,False,False,False,0.32653061224489793,0.4635568513119534,2.849880396541428,0.21332197062611613,0.5246823679185233,0.1411031921902138,0.39465308720560155,0.06833616298811546,1.1447725468707843,5.590585540866028,0.5102040816326531
1144063000,마포구,신수동,1,언덕 위 고령 주거지,경계,0.48022032565439576,고소득 활동 지역,3909,False,False,False,0.5076923076923077,0.5142857142857143,2.56967191641571,0.30511738766319974,0.6562968388589051,0.17698994838359142,0.3882035466461064,0.03248912765413149,1.3503308212138139,5.6829197909962295,0.24615384615384617
1144066000,마포구,서교동,0,대중교통 양호 서민 주거지,경계,0.6607313415822659,고소득 활동 지역,3624,False,False,False,0.5962732919254659,0.7506654835847383,3.869906177113101,0.2449928577974578,0.6343414779499404,0.15508387538514207,0.40047675804529204,0.030077262693156734,0.7551461657415293,5.727408506622113,0.037267080745341616
1144068000,마포구,합정동,0,대중교통 양호 서민 주거지,핵심,0.8687804591373214,언덕 위 고령 주거지,2860,False,False,False,0.3977272727272727,0.45941558441558444,2.8504437239434246,0.2935964390198922,0.514005055611729,0.18506535524783227,0.37917087967644086,0.04685314685314685,0.8195798247091468,5.655348142085134,0.07954545454545454
1144069000,마포구,망원1동,0,대중교통 양호 서민 주거지,핵심,0.8620786044320432,언덕 위 고령 주거지,3855,False,False,False,0.288135593220339,0.43825665859564167,3.1927754421733057,0.30358456971689096,0.6248747161241484,0.21013900245298447,0.370552611657835,0.06147859922178988,0.7552301455357044,5.439890742759545,0.03389830508474576
1144070000,마포구,망원2동,3,교통 사각 저소득 고령 밀집,경계,0.47360068298621144,외곽 차 중심 신주거지,3524,False,False,False,0.203125,0.46875,2.301021371017863,0.3826885396060237,0.6253600247015232,0.20678324140359114,0.35858377933305885,0.04568671963677639,0.7143966528278244,5.531619216435856,0.109375
1144071000,마포구,연남동,1,언덕 위 고령 주거지,경계,0.5819891167414561,외곽 차 중심 신주거지,2587,False,False,False,0.08064516129032258,0.3640552995391705,2.2427665977831355,0.3409115044066365,0.6729448198198199,0.18747735343140806,0.39864864864864863,0.03556242752222652,0.735790922689906,5.4900277606506815,0.016129032258064516
1144072000,마포구,성산1동,0,대중교통 양호 서민 주거지,핵심,0.8580805366437876,언덕 위 고령 주거지,3490,False,False,False,0.2328767123287671,0.6712328767123288,2.4200636683040373,0.328079958471313,0.661004719004719,0.1914006800482615,0.36164736164736166,0.0495702005730659,0.6324347280115047,5.5602934388048775,0.1917808219178082
1144073000,마포구,성산2동,0,대중교통 양호 서민 주거지,핵심,0.8679816736770332,언덕 위 고령 주거지,7234,False,False,False,0.5202702702702703,0.7055984555984556,2.4877180095255467,0.3742272734244568,0.48780346820809256,0.19133010658837843,0.37671915487343033,0.11985070500414709,0.9355713131240853,5.517937035299353,0.16216216216216217
1144074000,마포구,상암동,4,외곽 차 중심 신주거지,핵심,0.8409242975262884,고소득 활동 지역,5075,False,False,False,0.1590909090909091,0.7451298701298702,2.1729422341092155,0.518884371904444,0.660716147393649,0.1750724437698358,0.34811264230077893,0.06443349753694581,1.5620069747976144,5.752110381269842,0.18181818181818182
1144058500,마포구,도화동,1,언덕 위 고령 주거지,보통,0.77190736153692,대중교통 양호 서민 주거지,4218,False,False,False,0.6181818181818182,0.412987012987013,3.626036464447113,0.26287126690710044,0.4756042560801144,0.208399209486166,0.4055793991416309,0.05808440018966335,1.6438952564286125,5.778337363679064,0.6
1144065500,마포구,서강동,1,언덕 위 고령 주거지,핵심,0.8376939189472579,교통 사각 저소득 고령 밀집,3982,False,False,False,0.5871559633027523,0.5072083879423329,2.0288722729061512,0.28396566694538805,0.6567966844512195,0.1640438329076378,0.3932926829268293,0.0311401305876444,1.2859438715185552,5.653631906278197,0.42201834862385323
1144056500,마포구,공덕동,1,언덕 위 고령 주거지,경계,0.598405540628351,대중교통 양호 서민 주거지,6950,False,False,False,0.4444444444444444,0.7085137085137084,3.189353385601879,0.2344294202269816,0.6124201525054466,0.1944926400626854,0.3851851851851852,0.06215827338129496,1.3771383979231755,5.607072087392438,0.5454545454545454
1144055500,마포구,아현동,2,고소득 활동 지역,핵심,0.9192283225654441,외곽 차 중심 신주거지,4179,False,False,False,0.5945945945945946,0.6003861003861004,3.4997782103346027,0.23175355066789136,0.6873413646877409,0.1462313667856393,0.3696993060909792,0.05503709021296961,2.220442706119452,5.784164277594534,0.5405405405405406
1147051000,양천구,목1동,2,고소득 활동 지역,핵심,0.9308638949238892,외곽 차 중심 신주거지,4176,False,False,False,0.43089430894308944,0.610917537746806,3.6144274578125817,0.37600439375123135,0.6341383540958853,0.13994169096209913,0.2955832389580974,0.031369731800766285,2.0748529589679006,5.857133359418232,0.04878048780487805
1147052000,양천구,목2동,4,외곽 차 중심 신주거지,보통,0.7464552848408387,교통 사각 저소득 고령 밀집,5428,False,False,False,0.3625,0.3071428571428571,2.431417964837014,0.3915960705129659,0.6292181845597106,0.1958152958152958,0.3039806996381182,0.055453205600589535,0.6317388911312444,5.577849434637893,0.4125
1147053000,양천구,목3동,3,교통 사각 저소득 고령 밀집,핵심,0.8528954095547742,대중교통 양호 서민 주거지,4472,False,False,False,0.2857142857142857,0.6268221574344024,3.343798842956123,0.44661645462495747,0.4394478307637146,0.21817826999073034,0.30692004302617426,0.061717352415026835,0.6110098243911778,5.58400936429518,0.2857142857142857
1147054000,양천구,목4동,3,교통 사각 저소득 고령 밀집,경계,0.5648509183406916,외곽 차 중심 신주거지,4061,False,False,False,0.0,0.4794188861985472,3.314494123608872,0.43458130051510496,0.56036,0.1732065171031306,0.31461538461538463,0.06032996798818025,0.6409476230083807,5.596458076712394,0.3050847457627119
1147056000,양천구,신월1동,3,교통 사각 저소득 고령 밀집,핵심,0.8534934787350996,대중교통 양호 서민 주거지,5424,True,True,True,0.0,0.38169642857142855,2.4585198946148052,0.5349769538442716,0.4940738274464389,0.2945424925332609,0.28778228141285467,0.10490412979351033,0.2271783047384447,5.63784918999472,0.0
1147057000,양천구,신월2동,3,교통 사각 저소득 고령 밀집,핵심,0.8526812492004332,대중교통 양호 서민 주거지,5125,False,False,True,0.03278688524590164,0.47540983606557374,2.5484200555103262,0.5215504924256745,0.35070342548076927,0.2512624405549836,0.27163461538461536,0.05014634146341464,0.5254748716537285,5.612272813229776,0.19672131147540983
1147058000,양천구,신월3동,3,교통 사각 저소득 고령 밀집,핵심,0.853214553401849,대중교통 양호 서민 주거지,3765,True,True,False,0.0,0.39337474120082816,2.0158687376622235,0.576620289539816,0.29173249067550766,0.28034251675353683,0.3228346456692913,0.13120849933598938,0.13689643202343318,5.772824985020331,0.17391304347826086
1147059000,양천구,신월4동,3,교통 사각 저소득 고령 밀집,핵심,0.8571362552836389,대중교통 양호 서민 주거지,4216,True,True,True,0.0,0.6770186335403726,2.8891632985345965,0.5193924795631303,0.32892482833393566,0.2549434601197315,0.2992410552945428,0.03202087286527514,0.5216430043654405,5.625163168749791,0.0
1147060000,양천구,신월5동,3,교통 사각 저소득 고령 밀집,핵심,0.854268453789847,대중교통 양호 서민 주거지,3184,True,False,False,0.0,0.6457142857142857,2.0592388343623163,0.42923855938530875,0.41096323529411766,0.2341693020519232,0.30425963488843816,0.06532663316582915,0.34898625155214685,5.584380124646268,0.1
1147061000,양천구,신월6동,4,외곽 차 중심 신주거지,핵심,0.8380996990306001,교통 사각 저소득 고령 밀집,2459,False,False,False,0.0,0.6061776061776062,2.95996504969536,0.5271492255727619,0.5824478178368122,0.18148940881245848,0.27703984819734345,0.04107360715738105,1.0105908926900755,5.831620766566311,0.24324324324324326
1147061100,양천구,신월7동,3,교통 사각 저소득 고령 밀집,핵심,0.8545675516944877,대중교통 양호 서민 주거지,5292,True,True,True,0.0,0.38501742160278746,2.0840042872382543,0.5195464387716563,0.4685177905308465,0.2966035197847775,0.3285509325681492,0.06764928193499622,0.007358847145156486,5.539787637267811,0.4634146341463415
1147062000,양천구,신정1동,4,외곽 차 중심 신주거지,경계,0.4675184444056995,고소득 활동 지역,3350,False,False,False,0.17142857142857143,0.6938775510204082,3.1822118404966093,0.36074059764882443,0.4617918956043956,0.1732698872452674,0.30540293040293043,0.021492537313432834,2.1486830629175424,5.834776254898501,0.014285714285714285
1147063000,양천구,신정2동,4,외곽 차 중심 신주거지,보통,0.7871855637611251,교통 사각 저소득 고령 밀집,3358,False,False,False,0.16,0.5285714285714286,3.22525543183224,0.43476393195944146,0.5582012741859368,0.18005361930294905,0.3067484662576687,0.08874329958308518,1.4979608644281848,5.711970487650151,0.0
1147064000,양천구,신정3동,3,교통 사각 저소득 고령 밀집,경계,0.6074879559077007,외곽 차 중심 신주거지,9133,False,False,False,0.11904761904761904,0.6343537414965986,2.2960159442585764,0.4204225415640533,0.570335101831251,0.20730433993099692,0.31370871127845285,0.07018504324975364,1.2857726307463708,5.695363867639262,0.35119047619047616
1147067000,양천구,신정6동,4,외곽 차 중심 신주거지,핵심,0.8029130930258292,고소득 활동 지역,3789,False,False,False,0.1875,0.7303571428571429,2.402430427963762,0.3882912637010622,0.5254574557708509,0.15948312147487162,0.2607413647851727,0.001583531274742676,2.403682207057225,5.837853890367561,0.0375
1147068000,양천구,신정7동,3,교통 사각 저소득 고령 밀집,핵심,0.8587927742867997,대중교통 양호 서민 주거지,6339,False,False,False,0.29292929292929293,0.6334776334776335,2.2248965145395405,0.382159229473129,0.5868367788461538,0.2298404641044235,0.325,0.1249408424041647,1.7617474126155992,5.698085834803774,0.1919191919191919
1147055000,양천구,목5동,4,외곽 차 중심 신주거지,핵심,0.8451918031064736,고소득 활동 지역,6092,False,False,False,0.05660377358490566,0.4914645103324348,2.391010564020873,0.4400150059325336,0.6018838037457136,0.15110251258774215,0.27195990503824846,0.0018056467498358503,2.5972853467965957,5.853390912597873,0.0440251572327044
1147065000,양천구,신정4동,0,대중교통 양호 서민 주거지,핵심,0.8677699524828739,언덕 위 고령 주거지,7451,False,False,False,0.6831683168316832,0.6336633663366337,3.478952631228093,0.3376935803284,0.610468011409943,0.2391129938063605,0.2984922575387123,0.06911823916252852,0.4548720471122525,5.439051345178444,0.1782178217821782
1150051000,강서구,염창동,4,외곽 차 중심 신주거지,핵심,0.803397305437739,고소득 활동 지역,5826,False,False,False,0.34210526315789475,0.5087719298245614,2.998797745628286,0.4319760078632152,0.6187024011299435,0.14221202431225133,0.2884180790960452,0.009612083762444216,1.4271633881341006,5.930653782550043,0.17543859649122806
1150052000,강서구,등촌1동,2,고소득 활동 지역,핵심,0.8363698934110882,대중교통 양호 서민 주거지,3741,False,False,False,0.5714285714285714,0.6099773242630386,3.0684220069222685,0.421248421342203,0.5873196957236843,0.15053114437469822,0.39350328947368424,0.02165196471531676,0.8524437219875572,5.9368025176458055,0.12698412698412698
1150053000,강서구,등촌2동,4,외곽 차 중심 신주거지,핵심,0.828174424134743,교통 사각 저소득 고령 밀집,4093,True,True,False,0.11290322580645161,0.48847926267281105,2.725108184006787,0.5172570168747181,0.6416368563685637,0.21736590546999468,0.278358497870693,0.02907402882970926,0.7795712042580634,5.7889186065393075,0.5161290322580645
1150053500,강서구,등촌3동,3,교통 사각 저소득 고령 밀집,보통,0.7916905643392049,대중교통 양호 서민 주거지,8456,False,False,False,0.2524271844660194,0.7184466019417476,3.4396087058598783,0.38252350871267654,0.3995569813352477,0.2973695315796877,0.35804020100502515,0.29860454115421003,1.2302591316439226,5.895635524048632,0.019417475728155338
1150059000,강서구,화곡본동,3,교통 사각 저소득 고령 밀집,보통,0.792166079388462,대중교통 양호 서민 주거지,6361,False,False,False,0.14285714285714285,0.3525046382189239,2.744603356821711,0.299612850545694,0.5740376249999999,0.20125925457191673,0.3025,0.08882251218361893,0.21411819302199486,5.458587360174514,0.36363636363636365
1150055000,강서구,화곡2동,3,교통 사각 저소득 고령 밀집,핵심,0.8616117802112951,대중교통 양호 서민 주거지,3577,False,False,False,0.0,0.5248447204968943,2.145168215380166,0.3324413583703538,0.4550116681071737,0.21498978242577232,0.3016421780466724,0.0726866088901314,0.24388876169033072,5.441277959139102,0.3695652173913043
1150056000,강서구,화곡3동,0,대중교통 양호 서민 주거지,보통,0.7125871750524712,교통 사각 저소득 고령 밀집,5211,False,False,False,0.32653061224489793,0.4518950437317784,3.4599795709471497,0.3242293739291112,0.6254812336339831,0.25546622217864495,0.2941518766366017,0.039723661485319514,0.85064937350176,5.582783173230284,0.12244897959183673
1150057000,강서구,화곡4동,3,교통 사각 저소득 고령 밀집,핵심,0.8557027363076073,대중교통 양호 서민 주거지,4868,False,False,False,0.0,0.3825665859564164,3.0762963576731233,0.43498211269421155,0.5332579627877642,0.25679168644827766,0.31251970987070327,0.08155299917830731,0.2949791315399669,5.484657494876418,0.2542372881355932
1150059100,강서구,화곡6동,3,교통 사각 저소득 고령 밀집,경계,0.4205450315361395,외곽 차 중심 신주거지,5135,False,False,False,0.0,0.5642857142857143,2.507564673680584,0.4450201270971547,0.6240408991570403,0.2037375019838121,0.27630346550109275,0.06348588120740019,0.5308325360769188,5.623371591859428,0.3625
1150059300,강서구,화곡8동,0,대중교통 양호 서민 주거지,경계,0.685945231661239,언덕 위 고령 주거지,5480,False,False,False,0.4074074074074074,0.41005291005291006,3.2875723561544357,0.3228905926056468,0.5848621741541874,0.24592738859220034,0.30782029950083195,0.05948905109489051,0.267763317163007,5.385586754498955,0.46296296296296297
1150060300,강서구,가양1동,4,외곽 차 중심 신주거지,핵심,0.8421356150401705,고소득 활동 지역,4327,False,False,False,0.2570621468926554,0.3805488297013721,2.3948088505951812,0.43755008908301224,0.6526107041107041,0.12995945337137707,0.2869352869352869,0.011555350127108852,1.3787580619212445,6.205344721830715,0.05367231638418079
1150060400,강서구,가양2동,3,교통 사각 저소득 고령 밀집,보통,0.7871378001636624,대중교통 양호 서민 주거지,5059,False,False,False,0.23809523809523808,0.7142857142857143,3.082346746390762,0.33376919320318293,0.5674021802325582,0.39563619300852426,0.32645348837209304,0.3275350859853726,1.1548564282051705,5.4397745671935445,0.09523809523809523
1150060500,강서구,가양3동,3,교통 사각 저소득 고령 밀집,보통,0.7815861192817796,대중교통 양호 서민 주거지,4236,False,False,False,0.49019607843137253,0.6890756302521007,2.6815585856552335,0.35596927885831864,0.49344979224376734,0.3184962406015038,0.3331024930747922,0.24244570349386213,1.2122629667727247,5.640412860723612,0.1568627450980392
1150061100,강서구,발산1동,4,외곽 차 중심 신주거지,보통,0.7703678889271839,교통 사각 저소득 고령 밀집,6293,False,False,False,0.1645021645021645,0.41249226963512675,2.810809935059979,0.3731301078134275,0.61332301316431,0.1823159602514703,0.33008288639687955,0.06944223740664231,0.997468768971117,5.696795368931888,0.10822510822510822
1150062000,강서구,공항동,4,외곽 차 중심 신주거지,핵심,0.8065305489783137,교통 사각 저소득 고령 밀집,5090,False,False,False,0.14972273567467653,0.17612886189595986,1.4158890545393874,0.4053756701955323,0.6056737404580153,0.17743847172836924,0.3236641221374046,0.08231827111984283,0.7299796884506508,5.686458819160412,0.014787430683918669
1150063000,강서구,방화1동,0,대중교통 양호 서민 주거지,경계,0.6940952831135492,고소득 활동 지역,8660,False,False,False,0.5615384615384615,0.6241758241758242,3.125072201944627,0.3990225594346416,0.584034650833038,0.21427687739700607,0.32896136121942576,0.043648960739030025,1.1735075370290524,5.717746951464485,0.038461538461538464
1150064000,강서구,방화2동,3,교통 사각 저소득 고령 밀집,핵심,0.8509347261267135,대중교통 양호 서민 주거지,6021,False,False,False,0.29289940828402367,0.24471682163989855,1.342447579577827,0.48783610165115515,0.5201856571714143,0.2693477677373177,0.3480759620189905,0.1258927088523501,0.6688338115476364,5.569922973573976,0.10355029585798817
1150064100,강서구,방화3동,3,교통 사각 저소득 고령 밀집,핵심,0.8458782511720543,대중교통 양호 서민 주거지,6426,False,False,False,0.375,0.42857142857142855,2.1400661634962708,0.5134664437294784,0.456869723933379,0.3037292621827291,0.3351585671914214,0.1668222844693433,0.9632881853356501,5.628700840407531,0.1875
1150054000,강서구,화곡1동,0,대중교통 양호 서민 주거지,핵심,0.8371237911837413,교통 사각 저소득 고령 밀집,10702,False,False,False,0.2711864406779661,0.6089588377723971,3.271371785593089,0.3046007802701196,0.5758480830210435,0.21587929156412636,0.2947535312770251,0.0638198467576154,0.3399076431347082,5.497080920299102,0.15254237288135594
1150061500,강서구,우장산동,2,고소득 활동 지역,보통,0.7087199965288814,외곽 차 중심 신주거지,7632,False,False,False,0.43564356435643564,0.577086280056577,3.4703662552615864,0.31476591480746813,0.6175445226130654,0.1751865029266613,0.27618090452261307,0.02109538784067086,1.1608875568297536,5.698373634724769,0.38613861386138615
1153051000,구로구,신도림동,4,외곽 차 중심 신주거지,보통,0.7816597836924871,고소득 활동 지역,5914,False,False,False,0.40540540540540543,0.453024453024453,2.874226099394778,0.37649230268766487,0.6952009612886463,0.16557478022285682,0.28578851649779163,0.007609063239770037,1.8509464369384128,5.773751656699872,0.05405405405405406
1153052000,구로구,구로1동,4,외곽 차 중심 신주거지,핵심,0.8433036755017089,고소득 활동 지역,3583,False,False,False,0.13186813186813187,0.37833594976452123,1.6376087894007967,0.4987254249337823,0.5560380485527544,0.17902468272209454,0.28991596638655465,0.006977393245883338,1.3843601667714238,6.244631515950759,0.02197802197802198
1153054000,구로구,구로3동,0,대중교통 양호 서민 주거지,핵심,0.8690094007124769,언덕 위 고령 주거지,4132,False,False,False,0.31,0.5071428571428571,3.3024814087229974,0.21341476114921926,0.5851353088182791,0.1825572148095785,0.32666904676901104,0.0404162633107454,0.32756299550315315,5.746281951581031,0.16
1153055000,구로구,구로4동,0,대중교통 양호 서민 주거지,핵심,0.8655387497850296,언덕 위 고령 주거지,5262,False,False,False,0.5769230769230769,0.7554945054945055,3.3817792958050537,0.2542439637215671,0.5031359661109593,0.3000513200661459,0.3618474993167532,0.08285822881033827,0.13257973369077117,5.469918495047704,0.17307692307692307
1153056000,구로구,구로5동,0,대중교통 양호 서민 주거지,보통,0.7692155386045414,고소득 활동 지역,5915,False,False,False,0.29896907216494845,0.6966126656848306,2.7986633314066656,0.32450791278286606,0.6454286622583927,0.20801828732196237,0.33519837232960326,0.03803888419273035,1.0701924401391374,5.6691348421447545,0.12371134020618557
1153072000,구로구,고척1동,4,외곽 차 중심 신주거지,핵심,0.8202979405326689,교통 사각 저소득 고령 밀집,5457,False,False,False,0.06542056074766354,0.459279038718291,2.6647589090766894,0.4774289767103065,0.5889016666666667,0.20801250285888542,0.2975,0.040498442367601244,0.8679546899755941,5.700575385774179,0.19626168224299065
1153073000,구로구,고척2동,3,교통 사각 저소득 고령 밀집,핵심,0.8512182932329896,대중교통 양호 서민 주거지,6523,False,False,True,0.0,0.4714285714285714,2.4398594718974027,0.4695964770720419,0.33619349988433955,0.2642709557185107,0.33125144575526255,0.0714395216924728,0.6402656993553145,5.622525869852693,0.38571428571428573
1153075000,구로구,개봉2동,3,교통 사각 저소득 고령 밀집,핵심,0.854132866494715,대중교통 양호 서민 주거지,7912,True,False,False,0.3088235294117647,0.4789915966386554,2.919359294769417,0.4066326060107566,0.5102975856260528,0.2720489633119004,0.300393037619315,0.04044489383215369,0.6610549290441732,5.579600714155409,0.19117647058823528
1153076000,구로구,개봉3동,3,교통 사각 저소득 고령 밀집,핵심,0.8561787291854958,대중교통 양호 서민 주거지,5290,False,False,False,0.0,0.3663594470046083,2.4324808524481507,0.396294342851376,0.5884481375358167,0.28622443458500163,0.3045845272206304,0.04669187145557656,0.44315006566920895,5.4972551470308755,0.3225806451612903
1153077000,구로구,오류1동,3,교통 사각 저소득 고령 밀집,보통,0.7568887103731133,대중교통 양호 서민 주거지,4867,False,False,False,0.296875,0.5401785714285714,2.9712154267659057,0.3798957310016744,0.5469150858175248,0.21136057671429193,0.33514001806684734,0.08362440928703513,0.4604517549981895,5.507510762695244,0.421875
1153080000,구로구,항동,4,외곽 차 중심 신주거지,보통,0.7188738044141827,교통 사각 저소득 고령 밀집,2397,False,False,False,0.0,0.3780487804878049,1.546524087023531,0.4100175668094828,0.3773334466349422,0.15026328986960882,0.2528891910265126,0.04881101376720901,1.0988303415595164,5.603276607306835,0.4268292682926829
1153079000,구로구,수궁동,3,교통 사각 저소득 고령 밀집,경계,0.4579469604134743,언덕 위 고령 주거지,5736,True,False,False,0.18867924528301888,0.44204851752021557,0.9761011118157803,0.30939991304976955,0.5685722651051371,0.2656908610866645,0.31860527016236356,0.060669456066945605,0.5640980305180332,5.638600414754101,0.48427672955974843
1153059500,구로구,가리봉동,3,교통 사각 저소득 고령 밀집,보통,0.7665238162432002,대중교통 양호 서민 주거지,2233,False,False,False,0.35,0.7142857142857143,2.5687881337687024,0.2973897260354795,0.4195644709180098,0.25171908465787396,0.3405746320953048,0.14285714285714285,0.620098556329792,5.5482656144686775,0.325
1153053000,구로구,구로2동,3,교통 사각 저소득 고령 밀집,핵심,0.855052185929788,대중교통 양호 서민 주거지,6506,False,False,False,0.16339869281045752,0.6339869281045751,2.8274296379393675,0.42391395670638066,0.49544344299233883,0.3013990549430186,0.3548895899053628,0.07746695358130956,0.5736109627274077,5.847675699133904,0.10457516339869281
1153074000,구로구,개봉1동,3,교통 사각 저소득 고령 밀집,핵심,0.8620962917797866,대중교통 양호 서민 주거지,8142,False,False,False,0.18811881188118812,0.6478076379066479,2.7940159270788687,0.4202929286375656,0.572922905027933,0.2457739676406665,0.3208566108007449,0.06656841070989929,0.5346900437434196,5.6269059505955905,0.26732673267326734
1154551000,금천구,가산동,4,외곽 차 중심 신주거지,핵심,0.8386939981843226,고소득 활동 지역,3483,False,False,False,0.2757009345794392,0.5827770360480641,2.6546231348751195,0.416652408472263,0.5688212785814278,0.1358477319708257,0.3009799346710219,0.0818260120585702,0.5495609672233794,6.489888614811839,0.06542056074766354
1154561000,금천구,독산1동,3,교통 사각 저소득 고령 밀집,경계,0.6550151679187808,외곽 차 중심 신주거지,7621,False,False,True,0.24855491329479767,0.5656482246077622,2.3106450099711457,0.5218777422385779,0.48471219715956554,0.15964890229596113,0.33897243107769426,0.09290119406901981,0.8989250657345698,5.72007272851227,0.10404624277456648
1154562000,금천구,독산2동,3,교통 사각 저소득 고령 밀집,핵심,0.8565540505019854,대중교통 양호 서민 주거지,4483,False,False,False,0.0,0.5384615384615384,2.6540542023667744,0.5184242535956741,0.4453010331314571,0.26426550341900495,0.30138938368364804,0.0999330805264332,0.300782718026763,5.437381937370253,0.40384615384615385
1154563000,금천구,독산3동,3,교통 사각 저소득 고령 밀집,핵심,0.858567421422396,대중교통 양호 서민 주거지,5939,False,False,False,0.0,0.717948717948718,2.4881066525186712,0.4221282105534987,0.39970265557939916,0.26374455990762946,0.3291309012875536,0.08823034180838525,0.4608318782830684,5.572452186006751,0.2692307692307692
1154564000,금천구,독산4동,3,교통 사각 저소득 고령 밀집,핵심,0.8556485063399518,대중교통 양호 서민 주거지,3691,False,False,False,0.0,0.6738544474393531,2.8808930139416207,0.44295716630839493,0.5107796793760832,0.2679491833030853,0.2902946273830156,0.07667298835004063,0.3629843705785049,5.49832788703985,0.2641509433962264
1154567000,금천구,시흥1동,3,교통 사각 저소득 고령 밀집,핵심,0.8611145698702193,대중교통 양호 서민 주거지,7673,True,True,False,0.1267605633802817,0.6529175050301811,3.2135093383271256,0.503066200639789,0.4466010449526814,0.24792400400659148,0.3397082018927445,0.07871758112863286,0.5930398814556213,5.6411485007960716,0.20422535211267606
1154568000,금천구,시흥2동,3,교통 사각 저소득 고령 밀집,경계,0.36516177152340856,언덕 위 고령 주거지,5188,False,False,False,0.0,0.3057142857142857,1.682688374173693,0.4580775586353944,0.5826083978558666,0.2637787268659752,0.3424657534246575,0.10851966075558982,1.0139156125085327,5.729811845567592,0.88
1154569000,금천구,시흥3동,3,교통 사각 저소득 고령 밀집,경계,0.615250533814019,외곽 차 중심 신주거지,2913,False,False,False,0.17073170731707318,0.38327526132404177,1.187992132337586,0.6466858978872286,0.6045875873186459,0.2952863659401926,0.3111230521225148,0.04737384140061792,0.49872292264492385,5.755633140292758,0.3780487804878049
1154570000,금천구,시흥4동,3,교통 사각 저소득 고령 밀집,핵심,0.8558684855119112,대중교통 양호 서민 주거지,5351,True,False,False,0.0,0.5160349854227405,2.597384633214691,0.4772539000380576,0.5324311351035891,0.294561268303424,0.3093084330318062,0.08858157353765651,0.3304117589699974,5.539463695272191,0.4897959183673469
1154571000,금천구,시흥5동,3,교통 사각 저소득 고령 밀집,핵심,0.8553733100206479,대중교통 양호 서민 주거지,5196,True,False,False,0.0,0.5841836734693878,2.924504764265623,0.48189977511269655,0.4527211019596705,0.30407303370786515,0.3621130360692985,0.12220939183987682,0.46012461078727823,5.44081331441722,0.32142857142857145
1156054000,영등포구,여의동,2,고소득 활동 지역,핵심,0.937495891353126,외곽 차 중심 신주거지,7182,False,False,False,0.46619217081850534,0.6065073716319267,3.136112932112847,0.421462627722311,0.7119151865895031,0.2117709500501268,0.41109558970265414,0.00556947925368978,2.639285195080523,6.144506768611252,0.12099644128113879
1156055000,영등포구,당산1동,0,대중교통 양호 서민 주거지,보통,0.7099183537417015,고소득 활동 지역,3876,False,False,False,0.7534246575342466,0.5068493150684932,3.0458262188729064,0.3359177063157735,0.580625483372003,0.18480904019453584,0.3499613302397525,0.05159958720330237,1.2314297535902199,5.699019005688394,0.0136986301369863
1156056000,영등포구,당산2동,2,고소득 활동 지역,핵심,0.9367295018815901,외곽 차 중심 신주거지,5527,False,False,False,0.44715447154471544,0.5667828106852496,3.346904299295493,0.33137427720199325,0.6272930892070485,0.15258682568604715,0.3411343612334802,0.013750678487425366,1.659820305476961,5.730514168613371,0.016260162601626018
1156061000,영등포구,양평1동,4,외곽 차 중심 신주거지,보통,0.7497305952194709,고소득 활동 지역,2846,False,False,False,0.5555555555555556,0.5297619047619047,2.3526971344213936,0.47342407349192234,0.6319774728120146,0.14493786921980037,0.3593992749870533,0.03443429374560787,1.1457936355752623,5.942222304804109,0.027777777777777776
1156062000,영등포구,양평2동,4,외곽 차 중심 신주거지,핵심,0.8484610002580901,교통 사각 저소득 고령 밀집,3243,False,False,False,0.28378378378378377,0.4884169884169884,2.1240401794804264,0.4345404441823732,0.5727042878265155,0.14507470698756375,0.3430261212419911,0.027135368485969782,0.9617472427337238,5.904762198632758,0.08108108108108109
1156063000,영등포구,신길1동,0,대중교통 양호 서민 주거지,보통,0.7777639763381848,교통 사각 저소득 고령 밀집,4097,False,False,False,0.44,0.49523809523809526,2.2631510237486387,0.3493637875390729,0.5656609322974472,0.21711711711711712,0.3758786533481317,0.09836465706614596,0.7756950768571741,5.429959057481373,0.10666666666666667
1156065000,영등포구,신길3동,3,교통 사각 저소득 고령 밀집,핵심,0.8532222286354655,대중교통 양호 서민 주거지,3831,False,False,False,0.0,0.7638483965014577,3.2736731769502194,0.4104862788394901,0.36441938046068306,0.23872133599202394,0.3439237490071485,0.0772644218219786,1.3206813082131148,5.591251078608096,0.061224489795918366
1156066000,영등포구,신길4동,3,교통 사각 저소득 고령 밀집,핵심,0.8554578892780912,대중교통 양호 서민 주거지,2820,False,False,False,0.0,0.6984126984126985,3.096080247388273,0.37327276868335996,0.42897641250685675,0.23995915588835942,0.3340647284695557,0.125531914893617,0.9055815042516645,5.593354049686416,0.2962962962962963
1156067000,영등포구,신길5동,3,교통 사각 저소득 고령 밀집,핵심,0.8258539078448197,대중교통 양호 서민 주거지,2399,False,False,False,0.2857142857142857,0.7725947521865889,2.6506516623961778,0.3913207990112477,0.38204904458598726,0.25263268744734624,0.3178343949044586,0.09045435598165902,0.8972039893912841,5.640086058831552,0.061224489795918366
1156068000,영등포구,신길6동,0,대중교통 양호 서민 주거지,핵심,0.8685833936740064,언덕 위 고령 주거지,3804,False,False,False,0.6461538461538462,0.7824175824175824,3.091042453358316,0.2788327199077167,0.6411121551379448,0.21521923620933522,0.336265493802479,0.05362776025236593,1.182217939974462,5.481816918530635,0.0
1156069000,영등포구,신길7동,2,고소득 활동 지역,핵심,0.9363835058522473,외곽 차 중심 신주거지,3169,False,False,False,0.6,0.6228571428571429,2.3664984187376983,0.35872346377244874,0.6522684958353749,0.16415436415436416,0.33561979421852034,0.029346797096875987,1.7592836111129866,5.7751610560170255,0.24
1156070000,영등포구,대림1동,3,교통 사각 저소득 고령 밀집,핵심,0.8557178171394462,대중교통 양호 서민 주거지,3726,False,False,False,0.02040816326530612,0.6005830903790087,3.25495188134201,0.3979743646980636,0.5458520388349515,0.28276542460347576,0.34446601941747573,0.0689747718733226,0.9662559349387154,5.621540762612319,0.04081632653061224
1156071000,영등포구,대림2동,0,대중교통 양호 서민 주거지,보통,0.7952433297452907,교통 사각 저소득 고령 밀집,3177,False,False,False,0.5818181818181818,0.509090909090909,3.153512721431828,0.28571479662177746,0.41988531905399373,0.27797707585965525,0.3654618473895582,0.08939250865596475,0.531773800552087,5.721789522189575,0.0
1156072000,영등포구,대림3동,3,교통 사각 저소득 고령 밀집,핵심,0.8136196036380949,대중교통 양호 서민 주거지,5563,False,False,False,0.19101123595505617,0.5377207062600321,2.77539377316739,0.32078165159583466,0.5502483155530601,0.2701665776310038,0.34025828186412127,0.058421714902031276,0.5517395372615673,5.703733908569889,0.011235955056179775
1156051500,영등포구,영등포본동,0,대중교통 양호 서민 주거지,경계,0.48670945692473444,교통 사각 저소득 고령 밀집,4929,False,False,False,0.4935064935064935,0.5862708719851576,2.7619807076275875,0.3122157350127143,0.4226827160493827,0.2441428500668681,0.33240740740740743,0.09839724081963887,0.9749401977655163,5.578778921831059,0.19480519480519481
1156053500,영등포구,영등포동,0,대중교통 양호 서민 주거지,핵심,0.8674483076611244,언덕 위 고령 주거지,3905,False,False,False,0.5507246376811594,0.6915113871635611,3.340195273147644,0.3356895874646591,0.5283084376261606,0.12510812802357993,0.32579733548647555,0.15262483994878362,1.189125907587071,5.657903520694227,0.0
1156058500,영등포구,도림동,3,교통 사각 저소득 고령 밀집,핵심,0.8482424853237907,대중교통 양호 서민 주거지,3896,False,False,False,0.0392156862745098,0.5378151260504201,2.578432707798824,0.3948864434558652,0.6120411280846064,0.2223871225526571,0.3564433999216608,0.09188911704312115,0.7393252218191754,5.568784931745717,0.1568627450980392
1156060500,영등포구,문래동,4,외곽 차 중심 신주거지,경계,0.4670491418990081,고소득 활동 지역,5327,False,False,False,0.3584905660377358,0.5462713387241689,2.669583920274414,0.3919180040261959,0.5964580967829143,0.1715233280741862,0.3546904568802379,0.017270508729115824,1.909246164683722,5.921642211061267,0.03773584905660377
1159052000,동작구,노량진2동,3,교통 사각 저소득 고령 밀집,경계,0.6151389683747641,대중교통 양호 서민 주거지,1811,False,False,False,0.35384615384615387,0.5538461538461539,2.7192690847069985,0.32668690487579205,0.5525711261642676,0.2450277364362062,0.35309060118543606,0.15681943677526228,1.5060895820839928,5.179044925701285,0.3384615384615385
1159053000,동작구,상도1동,1,언덕 위 고령 주거지,보통,0.7698730549381535,대중교통 양호 서민 주거지,8625,False,False,False,0.5245901639344263,0.6615925058548009,2.793375275479538,0.29870837259408634,0.6392540461432508,0.19626359623173895,0.36707988980716255,0.05368115942028986,1.1196897337576333,5.508682215565142,0.6229508196721312
1159054000,동작구,상도2동,0,대중교통 양호 서민 주거지,경계,0.5755169838043896,고소득 활동 지역,5128,False,False,False,0.647887323943662,0.7283702213279678,3.2278495250193964,0.2462249410375008,0.6470133274751025,0.19224713203868937,0.36877562975981254,0.0327613104524181,1.315766220638955,5.627166279205047,0.4788732394366197
1159055000,동작구,상도3동,1,언덕 위 고령 주거지,경계,0.6966200206186436,대중교통 양호 서민 주거지,5441,False,False,False,0.25862068965517243,0.4975369458128079,3.38905499483643,0.25103356547317685,0.5740354908893119,0.23345919505706686,0.36333967908621156,0.05660724131593457,0.6378678630532895,5.324112405529225,0.5
1159056000,동작구,상도4동,3,교통 사각 저소득 고령 밀집,경계,0.46838963813662376,언덕 위 고령 주거지,6317,False,False,False,0.0273972602739726,0.47553816046966735,2.6507306139199835,0.3169597557310302,0.4411182950191571,0.22092819920959675,0.3481800766283525,0.06537913566566408,0.5567880679868288,5.422696382173927,0.589041095890411
1159062000,동작구,사당1동,0,대중교통 양호 서민 주거지,핵심,0.8648895968088616,언덕 위 고령 주거지,4400,False,False,False,0.3442622950819672,0.5386416861826697,3.604249739458794,0.19441852442532584,0.6581687353237169,0.198995974854145,0.3126467628312647,0.04795454545454545,0.7864197950280958,5.334906272347153,0.2786885245901639
1159064000,동작구,사당3동,1,언덕 위 고령 주거지,핵심,0.8475379923235984,교통 사각 저소득 고령 밀집,5441,False,False,False,0.328125,0.5825892857142857,2.8450910533630083,0.31159896470397425,0.5574694181326117,0.23529666147725306,0.32151556156968875,0.029406359125160816,1.1319332994180684,5.613289710103287,0.6875
1159065000,동작구,사당4동,1,언덕 위 고령 주거지,핵심,0.8408642603562838,교통 사각 저소득 고령 밀집,3265,False,False,False,0.3333333333333333,0.28138528138528135,3.2380840985064676,0.2982906920374929,0.6034593495934959,0.24206702253855278,0.34733514001806687,0.05849923430321593,0.8124826638789567,5.383002988474907,0.5151515151515151
1159065100,동작구,사당5동,1,언덕 위 고령 주거지,핵심,0.8433769144708763,교통 사각 저소득 고령 밀집,2777,False,False,False,0.2564102564102564,0.6336996336996338,2.153549513833558,0.29424953893491573,0.6885414893617021,0.20310100197469466,0.3313829787234043,0.043572200216060494,0.8623203583584286,5.592251339028338,0.5897435897435898
1159066000,동작구,대방동,0,대중교통 양호 서민 주거지,핵심,0.8202240615882446,언덕 위 고령 주거지,6235,False,False,False,0.583941605839416,0.6266944734098019,2.5677528356083195,0.2860974641377377,0.6332372109320252,0.18664870528364016,0.35318850735809393,0.07714514835605453,1.0942668509143232,5.565356764306114,0.30656934306569344
1159067000,동작구,신대방1동,0,대중교통 양호 서민 주거지,보통,0.7661924863291804,고소득 활동 지역,4757,False,False,False,0.3870967741935484,0.5253456221198156,2.9973438774483325,0.3058180683364623,0.6064537774944214,0.20924606316530306,0.3535224737009882,0.04919066638637797,1.2934958427016687,5.649677782293647,0.20967741935483872
1159068000,동작구,신대방2동,0,대중교통 양호 서민 주거지,핵심,0.8214313705415606,언덕 위 고령 주거지,4005,False,False,False,0.75,0.6617647058823529,2.9444389791664403,0.2542067234514083,0.6323079985522982,0.1812463230302756,0.3868982989504162,0.04294631710362047,0.9233261769884729,5.516333981199217,0.27941176470588236
1159060500,동작구,흑석동,1,언덕 위 고령 주거지,핵심,0.8471138821010729,교통 사각 저소득 고령 밀집,5843,False,False,False,0.24060150375939848,0.49946294307196565,2.633132184351744,0.359000834503243,0.6404204400102329,0.19608040538273097,0.38526477359938605,0.031319527639911006,1.9233810482773828,5.700454684563526,0.706766917293233
1159051000,동작구,노량진1동,1,언덕 위 고령 주거지,핵심,0.8380881125737693,교통 사각 저소득 고령 밀집,6855,False,False,False,0.5196850393700787,0.545556805399325,2.4495106341428463,0.3087318388720625,0.4720667681600696,0.205184231793828,0.3764680295780774,0.06360320933625091,1.4808881616585798,5.5056218103897505,0.48031496062992124
1159063000,동작구,사당2동,1,언덕 위 고령 주거지,핵심,0.8447406386524727,교통 사각 저소득 고령 밀집,6554,False,False,False,0.2754491017964072,0.31308810949529514,2.9525997275327627,0.2574007208792878,0.6877356131031431,0.23768767679698266,0.34949092518813635,0.038602380225816295,1.4154045773248687,5.611767071452512,0.5209580838323353
1162052500,관악구,보라매동,1,언덕 위 고령 주거지,보통,0.7957934039283012,대중교통 양호 서민 주거지,5312,False,False,False,0.390625,0.5200892857142857,2.56974552972503,0.25153978579362096,0.5691748406760876,0.23211710727550797,0.35522305347741756,0.07360692771084337,0.5477972230192726,5.346514327559219,0.515625
1162054500,관악구,청림동,1,언덕 위 고령 주거지,핵심,0.8410744318469447,교통 사각 저소득 고령 밀집,3158,False,False,False,0.0,0.4976958525345622,2.0834656919795616,0.27675482626203063,0.507905833716123,0.22398751684516632,0.38493339457969683,0.06649778340721976,1.3498833997145416,5.589521847081087,0.7741935483870968
1162057500,관악구,행운동,1,언덕 위 고령 주거지,경계,0.6673415457228102,대중교통 양호 서민 주거지,5064,False,False,False,0.38461538461538464,0.5494505494505495,3.5469613427223123,0.260387080934136,0.5958522371045881,0.17833497675728976,0.33456825306355087,0.08076619273301738,0.6476247290971826,5.253261943728312,0.7384615384615385
1162058500,관악구,낙성대동,1,언덕 위 고령 주거지,핵심,0.8413197157558987,교통 사각 저소득 고령 밀집,2279,False,False,False,0.17777777777777778,0.5063492063492063,2.688603066166688,0.268725048495877,0.620636047979798,0.12891729833691595,0.37373737373737376,0.058797718297498906,0.7367392149747619,5.135711918330552,0.5444444444444444
1162061500,관악구,중앙동,0,대중교통 양호 서민 주거지,핵심,0.8671307682498585,언덕 위 고령 주거지,2709,False,False,False,0.3157894736842105,0.6616541353383458,3.9276891221725454,0.2048260699771865,0.5845047593865679,0.17816507727721145,0.36277102062400846,0.07678110003691399,0.6282832838268092,5.049442764936077,0.23684210526315788
1162062500,관악구,인헌동,1,언덕 위 고령 주거지,핵심,0.848485572514786,교통 사각 저소득 고령 밀집,4802,False,False,False,0.2777777777777778,0.2777777777777778,2.987364023883474,0.21284814094269713,0.6300683398850923,0.19292113615362982,0.3359540368914424,0.0468554768846314,0.5134980037755552,5.245057786229343,0.6296296296296297
1162063000,관악구,남현동,1,언덕 위 고령 주거지,핵심,0.8490702358463841,교통 사각 저소득 고령 밀집,3422,False,False,False,0.208955223880597,0.3411513859275053,2.659110772061988,0.233408547967122,0.6706608084358524,0.20044517338331772,0.3290861159929701,0.034774985388661604,1.026869152954978,5.5020612084465474,0.6865671641791045
1162064500,관악구,서원동,0,대중교통 양호 서민 주거지,보통,0.7775198547793021,언덕 위 고령 주거지,3912,False,False,False,0.8163265306122449,0.705539358600583,3.4106761256166993,0.17229450888529357,0.6113773191972738,0.17212249208025343,0.3422945853843241,0.06467280163599182,0.3498979217117079,5.169451495216557,0.6326530612244898
1162065500,관악구,신원동,1,언덕 위 고령 주거지,경계,0.5742058450732109,대중교통 양호 서민 주거지,3690,False,False,False,0.2765957446808511,0.42857142857142855,2.8468866459564257,0.2245709725086098,0.42072232897770945,0.21567596002104156,0.36779400461183703,0.0997289972899729,0.24596506815473895,5.068046953868578,0.44680851063829785
1162066500,관악구,서림동,1,언덕 위 고령 주거지,경계,0.6235656372770916,대중교통 양호 서민 주거지,4311,False,False,False,0.4426229508196721,0.6323185011709601,2.499822180544448,0.2693006622254044,0.5984100968188104,0.1826540123718329,0.33367911479944673,0.06448619809788912,0.4061438177326707,5.254714555207723,0.5737704918032787
1162068500,관악구,신사동,0,대중교통 양호 서민 주거지,핵심,0.8579266231705885,언덕 위 고령 주거지,4127,False,False,False,0.22033898305084745,0.5714285714285714,2.8684765471935076,0.23610157610144444,0.474350674715909,0.18750567923671058,0.34339488636363635,0.10007269202810759,0.5870167797276794,5.199297451842985,0.01694915254237288
1162069500,관악구,신림동,0,대중교통 양호 서민 주거지,핵심,0.8732812191114571,언덕 위 고령 주거지,2222,False,False,False,0.7872340425531915,0.7781155015197568,3.7542487470862795,0.19700716605171883,0.6813759973404254,0.09475075689736046,0.33311170212765956,0.09765976597659766,0.40392779371235427,4.984235540977762,0.0425531914893617
1162071500,관악구,난향동,1,언덕 위 고령 주거지,보통,0.7825945134133934,교통 사각 저소득 고령 밀집,3310,True,False,False,0.0,0.5338345864661654,1.6854238194120224,0.3114213901552739,0.44663149570718486,0.23273801153143017,0.3253502033438771,0.05891238670694864,0.9751042727908379,5.672452545996466,0.9473684210526315
1162072500,관악구,조원동,0,대중교통 양호 서민 주거지,핵심,0.8460570673524976,교통 사각 저소득 고령 밀집,3574,False,False,False,0.23809523809523808,0.655328798185941,3.1131625132991476,0.3604622776242171,0.6046471210838272,0.17928266867318787,0.32006773920406434,0.07442641298265248,0.5887410315715614,5.398472484008669,0.047619047619047616
1162073500,관악구,대학동,1,언덕 위 고령 주거지,핵심,0.8436296221416825,교통 사각 저소득 고령 밀집,3674,False,False,False,0.16666666666666666,0.46223316912972084,1.3117442045680727,0.29604106736239494,0.5816235772357723,0.14646786796364217,0.3439024390243902,0.06287425149700598,0.6466661465462116,5.111040160574535,0.6666666666666666
1162060500,관악구,은천동,0,대중교통 양호 서민 주거지,핵심,0.8615628986284937,언덕 위 고령 주거지,6879,False,False,False,0.24285714285714285,0.6571428571428571,3.2245738459828384,0.2547552047064895,0.5100802325581396,0.22022666154437187,0.33699788583509516,0.08533217037360082,0.6654316953152685,5.430495237607913,0.4714285714285714
1162056500,관악구,성현동,1,언덕 위 고령 주거지,핵심,0.845785624083954,교통 사각 저소득 고령 밀집,6512,False,False,False,0.0,0.4262295081967213,2.793876905788527,0.2567540195020068,0.6103577354260089,0.22125577602609406,0.3556053811659193,0.10257985257985258,1.0933527180104972,5.614817078320885,0.819672131147541
1162059500,관악구,청룡동,1,언덕 위 고령 주거지,경계,0.5312423402460488,대중교통 양호 서민 주거지,5446,False,False,False,0.43478260869565216,0.562111801242236,3.2188758248682006,0.1751172238267608,0.6031625569552399,0.15071677644323905,0.3519163763066202,0.07399926551597502,0.8624726613410343,5.182738961507018,0.5434782608695652
1162077500,관악구,난곡동,3,교통 사각 저소득 고령 밀집,핵심,0.8477914391113728,대중교통 양호 서민 주거지,6480,False,False,False,0.0,0.4306418219461698,2.670644265364579,0.30297446615593854,0.3667011282523601,0.27013506753376687,0.33087727377388904,0.1050925925925926,0.3092057032655988,5.3452238644038745,0.6521739130434783
1162074500,관악구,삼성동,1,언덕 위 고령 주거지,경계,0.6666891375370523,교통 사각 저소득 고령 밀집,6432,True,False,False,0.14285714285714285,0.6224489795918368,1.9499834744429492,0.2688293696042269,0.5871360319270239,0.3240302267002519,0.35461801596351195,0.10820895522388059,0.778856817737158,5.52578405333409,0.7142857142857143
1162076500,관악구,미성동,3,교통 사각 저소득 고령 밀집,핵심,0.8524093784794415,대중교통 양호 서민 주거지,7209,True,False,False,0.0,0.5984126984126984,2.870420971476816,0.33891670627807174,0.5903178481543625,0.2548250265111347,0.31312919463087246,0.05784436121514773,0.5953680975206743,5.466607872811797,0.4111111111111111
1165051000,서초구,서초1동,2,고소득 활동 지역,핵심,0.936210747213809,외곽 차 중심 신주거지,3655,False,False,False,0.30327868852459017,0.4789227166276347,3.386333359030006,0.2771449480378785,0.7277318725099602,0.1827865573114623,0.3362549800796813,0.03556771545827633,1.644371108847973,6.440667977233296,0.23770491803278687
1165052000,서초구,서초2동,2,고소득 활동 지역,핵심,0.9396823054855683,외곽 차 중심 신주거지,3478,False,False,False,0.2636363636363636,0.687012987012987,4.29381619198478,0.27564230323235245,0.7587931466778103,0.13989220497144236,0.3355620559966569,0.012075905692926969,1.9861639410362184,5.895520669656805,0.10909090909090909
1165053000,서초구,서초3동,2,고소득 활동 지역,핵심,0.9374617286211244,외곽 차 중심 신주거지,5857,False,False,False,0.3640552995391705,0.6708360763660304,3.1874184472789886,0.28002008357433766,0.7340120967741935,0.18229636776743752,0.3487903225806452,0.017073587160662457,1.7796767057557121,5.966441181701737,0.30414746543778803
1165053100,서초구,서초4동,2,고소득 활동 지역,핵심,0.9392616437169123,외곽 차 중심 신주거지,4955,False,False,False,0.367816091954023,0.632183908045977,4.991995209176553,0.2586729509262252,0.7603501727115718,0.16574678039805987,0.34628670120898103,0.003632694248234107,2.7184920151181355,5.926959475820726,0.1839080459770115
1165054000,서초구,잠원동,2,고소득 활동 지역,핵심,0.9353869579205838,외곽 차 중심 신주거지,5283,False,False,False,0.5,0.44704433497536944,4.26619481914876,0.3456255212484817,0.7727238481599537,0.15274525110590684,0.32917994784120547,0.01836077985992807,2.308375838218761,5.904697583114456,0.07758620689655173
1165055000,서초구,반포본동,4,외곽 차 중심 신주거지,경계,0.6888445266408122,고소득 활동 지역,396,False,False,False,0.7605633802816901,0.2756539235412475,1.4344136094640891,0.45183105908406546,1.0329927007299269,0.15195702225633154,0.27007299270072993,0.0,3.2856196333212213,6.186590701618486,0.07042253521126761
1165056000,서초구,반포1동,2,고소득 활동 지역,핵심,0.937097871576344,외곽 차 중심 신주거지,4633,False,False,False,0.7422680412371134,0.46097201767304863,4.208838498649883,0.3280926811143085,0.7773641994917407,0.14010100093743386,0.31512071156289706,0.029354629829484134,2.0589763190408377,5.782668422663593,0.18556701030927836
1165057000,서초구,반포2동,2,고소득 활동 지역,핵심,0.9351243053995252,외곽 차 중심 신주거지,4084,False,False,False,0.5555555555555556,0.5255731922398589,2.897207054502022,0.36950337674880174,0.7852578892005609,0.15451553100525897,0.34186535764375875,0.0004897159647404506,3.19779866880118,5.887872274525531,0.19753086419753085
1165058000,서초구,반포3동,2,고소득 활동 지역,핵심,0.9389276568259928,외곽 차 중심 신주거지,3765,False,False,False,0.4927536231884058,0.5238095238095237,3.443293925917548,0.32156559095223874,0.7341915393654523,0.16028779428668738,0.34978456717587153,0.0015936254980079682,2.919178181702769,5.852059091058432,0.15942028985507245
1165058100,서초구,반포4동,2,고소득 활동 지역,보통,0.781452612221435,외곽 차 중심 신주거지,3340,False,False,False,0.3333333333333333,0.4250871080139373,3.149534460608947,0.35428880014206454,0.7474950472760017,0.18836002706970448,0.3133723547951373,0.010479041916167664,2.067080663578253,5.872775252739122,0.43902439024390244
1165059000,서초구,방배본동,2,고소득 활동 지역,핵심,0.8670475363575245,외곽 차 중심 신주거지,3630,False,False,False,0.015151515151515152,0.5974025974025974,2.983537000460173,0.38436816550777336,0.6987124594155845,0.1842078554754897,0.3770292207792208,0.025068870523415977,2.0023802124650265,5.824451981009386,0.21212121212121213
1165060000,서초구,방배1동,2,고소득 활동 지역,핵심,0.9170167676000617,외곽 차 중심 신주거지,3465,False,False,False,0.6785714285714286,0.6173469387755102,3.7329817767557616,0.27345991858422153,0.7176546025104603,0.21147390906316754,0.3476987447698745,0.032034632034632034,1.4633026974338808,5.792961507024659,0.5535714285714286
1165061000,서초구,방배2동,1,언덕 위 고령 주거지,경계,0.3528606127400572,고소득 활동 지역,4095,False,False,False,0.39285714285714285,0.4530612244897959,2.8581108956779433,0.2556782427441864,0.7903458563535911,0.23552079139587048,0.3296500920810313,0.03882783882783883,1.6648981081175103,5.65444577593362,0.44285714285714284
1165062000,서초구,방배3동,4,외곽 차 중심 신주거지,경계,0.6125455983980832,언덕 위 고령 주거지,3388,False,False,False,0.12962962962962962,0.6534391534391534,1.916377801490296,0.3039262348029382,0.6418026719229084,0.2208029197080292,0.31099430573806397,0.012396694214876033,1.925633425879154,5.913277520138851,0.6111111111111112
1165062100,서초구,방배4동,2,고소득 활동 지역,핵심,0.9386819298927924,외곽 차 중심 신주거지,4388,False,False,False,0.4024390243902439,0.5435540069686411,3.693745643765109,0.35974933661990444,0.7206926981008513,0.17084566266936616,0.3755730189914866,0.022789425706472195,1.7518175387267216,5.757447972610055,0.2926829268292683
1165065100,서초구,양재1동,4,외곽 차 중심 신주거지,핵심,0.8362209401548468,교통 사각 저소득 고령 밀집,8735,False,False,False,0.054982817869415807,0.43986254295532645,2.3202967276562516,0.4192455626012081,0.6468762635064483,0.2167708953742307,0.3011502265597769,0.08059530623926732,1.7431504933930253,6.125971057261816,0.29553264604810997
1165065200,서초구,양재2동,4,외곽 차 중심 신주거지,핵심,0.8302335864888314,교통 사각 저소득 고령 밀집,3712,False,False,False,0.12341772151898735,0.3024412296564195,1.5844446217332036,0.5564810681600841,0.6223472812234494,0.179064158224795,0.30033984706881905,0.06223060344827586,1.1063523602149452,5.970749781798554,0.2721518987341772
1165066000,서초구,내곡동,4,외곽 차 중심 신주거지,핵심,0.816763292687589,교통 사각 저소득 고령 밀집,3971,True,True,False,0.04377880184331797,0.2465437788018433,0.7404000654104909,0.6122265741405184,0.6148935652824542,0.23921686746987952,0.304900860456416,0.04608410979602116,2.1887588416816057,5.869569151616365,0.4976958525345622
1168051000,강남구,신사동,2,고소득 활동 지역,핵심,0.9375846345389646,외곽 차 중심 신주거지,3298,False,False,False,0.2818181818181818,0.5207792207792208,4.969560742433605,0.380753336044643,0.7217163599182005,0.22114933279688861,0.39263803680981596,0.01607034566403881,2.3033596199705735,6.073316118705544,0.12727272727272726
1168052100,강남구,논현1동,2,고소득 활동 지역,핵심,0.9316529327304606,외곽 차 중심 신주거지,3339,False,False,False,0.5934959349593496,0.49477351916376305,4.7886428415312166,0.3180929029699371,0.6678995204882302,0.16212672978878367,0.34437663469921537,0.0649895178197065,1.409606553075276,6.054043757478184,0.42276422764227645
1168053100,강남구,논현2동,2,고소득 활동 지역,핵심,0.9374230914586499,외곽 차 중심 신주거지,3470,False,False,False,0.5174825174825175,0.5564435564435565,4.0323203600512425,0.32010839106673167,0.7025863058630587,0.17286041645910133,0.35424354243542433,0.029971181556195964,1.7225371749971468,6.026511203586295,0.3356643356643357
1168058000,강남구,삼성1동,2,고소득 활동 지역,핵심,0.9363248587757019,외곽 차 중심 신주거지,2725,False,False,False,0.558282208588957,0.4864154250657319,3.1736987574980864,0.32532734143803504,0.8035563492063492,0.21429694872601446,0.3126984126984127,0.011376146788990826,2.3781847319166523,6.429729625224055,0.3803680981595092
1168059000,강남구,삼성2동,2,고소득 활동 지역,핵심,0.9343916150808284,외곽 차 중심 신주거지,4424,False,False,False,0.5784313725490197,0.5392156862745098,3.929130732152063,0.22171593851796018,0.6992246514575412,0.14679629691077414,0.35329531051964513,0.03322784810126582,1.8162393404914081,5.901441160596698,0.20588235294117646
1168060000,강남구,대치1동,2,고소득 활동 지역,핵심,0.9372207731869654,외곽 차 중심 신주거지,3098,False,False,False,0.7323943661971831,0.7183098591549296,3.9798132761463103,0.32654678148526123,0.7649061441702952,0.13161695980966948,0.2868892114175133,0.0009683666881859264,3.0147408410602825,6.236459543538602,0.1267605633802817
1168063000,강남구,대치4동,2,고소득 활동 지역,핵심,0.9342731214084801,외곽 차 중심 신주거지,2370,False,False,False,0.21739130434782608,0.6770186335403727,4.047364353297908,0.23185363546459126,0.6936315950920245,0.13021978021978023,0.347239263803681,0.04683544303797468,1.2480102608229902,5.960637083312722,0.11594202898550725
1168064000,강남구,역삼1동,2,고소득 활동 지역,핵심,0.9331589758605034,외곽 차 중심 신주거지,4267,False,False,False,0.49145299145299143,0.5201465201465201,4.636511482949941,0.24657588761286636,0.6796992547906316,0.12423571886100274,0.3381831085876508,0.05741738926646356,1.1231094122330476,6.111076948135868,0.2948717948717949
1168065000,강남구,역삼2동,2,고소득 활동 지역,핵심,0.9376133178211693,외곽 차 중심 신주거지,4219,False,False,False,0.2972972972972973,0.718146718146718,3.8743866221468117,0.33540596630795794,0.723331279147235,0.11728892719134859,0.3467688207861426,0.02393932211424508,1.930480809495029,5.942948871965056,0.18018018018018017
1168065500,강남구,도곡1동,2,고소득 활동 지역,핵심,0.9376547484737061,외곽 차 중심 신주거지,3580,False,False,False,0.3194444444444444,0.5833333333333334,3.5753840882498342,0.3096224176329943,0.7486641253706057,0.17213193576305413,0.29267259635747567,0.008100558659217877,2.192882135903374,5.924583315378889,0.4166666666666667
1168065600,강남구,도곡2동,2,고소득 활동 지역,핵심,0.939558108236525,외곽 차 중심 신주거지,5734,False,False,False,0.5813953488372093,0.7093023255813954,3.229976771427647,0.3809291267060802,0.6194943820224719,0.18624139275042223,0.3299951148021495,0.0033135681897453785,2.674088942126842,5.988927877888642,0.22093023255813954
1168066000,강남구,개포1동,4,외곽 차 중심 신주거지,핵심,0.8387215742069459,고소득 활동 지역,4649,False,False,False,0.07766990291262135,0.5312066574202496,1.8946898500325895,0.4426784457241937,0.797885497470489,0.1755068141492695,0.24957841483979765,0.01398150139815014,2.503982368342182,6.011312327162984,0.27184466019417475
1168069000,강남구,개포4동,4,외곽 차 중심 신주거지,핵심,0.849581124181011,교통 사각 저소득 고령 밀집,4292,False,False,False,0.0,0.625615763546798,2.498227493763661,0.45355558362141135,0.7112648367952523,0.18708861863039972,0.2852373887240356,0.045899347623485555,1.320578064009745,5.808619772512686,0.19540229885057472
1168072000,강남구,일원본동,4,외곽 차 중심 신주거지,핵심,0.8470931540872406,고소득 활동 지역,4066,False,False,False,0.36792452830188677,0.4946091644204852,1.8438386182729447,0.5160436358958782,0.6580987460815048,0.18269230769230768,0.2566614420062696,0.007870142646335464,2.5168300780447486,5.8564428795346055,0.41509433962264153
1168073000,강남구,일원1동,3,교통 사각 저소득 고령 밀집,핵심,0.8483476261114651,대중교통 양호 서민 주거지,3910,False,False,False,0.10344827586206896,0.17077175697865352,2.0664261735677654,0.46857347345982725,0.46856482889733836,0.27956527956527955,0.3011406844106464,0.16342710997442456,1.263595388270068,5.536082514147795,0.12643678160919541
1168067500,강남구,개포3동,3,교통 사각 저소득 고령 밀집,핵심,0.8479415867218132,대중교통 양호 서민 주거지,3805,False,False,False,0.3673469387755102,0.2230320699708455,2.25664799780702,0.3454503087221229,0.48889163854518186,0.24638995013922166,0.2909636295463067,0.16846254927726675,2.192882135903374,5.642383199876578,0.1326530612244898
1168075000,강남구,수서동,3,교통 사각 저소득 고령 밀집,핵심,0.8346714586913863,대중교통 양호 서민 주거지,5559,True,False,False,0.34782608695652173,0.32298136645962733,2.476903696925199,0.4403005109418057,0.5699035043169121,0.4147578900246214,0.3052310817673946,0.31642381723331536,2.1180253188593823,5.66164772350107,0.3217391304347826
1168070000,강남구,세곡동,4,외곽 차 중심 신주거지,핵심,0.8232124975399604,교통 사각 저소득 고령 밀집,8473,False,False,False,0.0,0.38067949242734345,1.2677947363966553,0.5477489812129861,0.6387048321193818,0.18554691777072155,0.3421566885770119,0.07140328101026791,2.100124422370667,5.916690972664954,0.3008595988538682
1168054500,강남구,압구정동,2,고소득 활동 지역,핵심,0.9394114894781183,외곽 차 중심 신주거지,5698,False,False,False,0.3231707317073171,0.5034843205574913,4.67374020385741,0.38193228284191716,0.6667351254480287,0.2252173913043478,0.37849462365591396,0.004212004212004212,2.8386360077447605,5.918936354113779,0.07926829268292683
1168056500,강남구,청담동,2,고소득 활동 지역,핵심,0.9346535883881987,외곽 차 중심 신주거지,4984,False,False,False,0.22857142857142856,0.5151020408163265,4.265412558375349,0.38645343879527844,0.7187844512195123,0.18821752265861028,0.33414634146341465,0.010232744783306581,2.5058628304398463,6.022144651643291,0.4228571428571429
1168061000,강남구,대치2동,2,고소득 활동 지역,핵심,0.8194667549907082,외곽 차 중심 신주거지,6420,False,False,False,0.449438202247191,0.6540930979133226,3.0753427357053447,0.3793424289782015,0.7226629293893131,0.16753216252185485,0.25787213740458015,0.004828660436137072,2.3867224394115762,6.09984104715149,0.2640449438202247
1168067000,강남구,개포2동,4,외곽 차 중심 신주거지,경계,0.6699097567007127,고소득 활동 지역,5873,False,False,False,0.47244094488188976,0.6164229471316085,2.550920460103894,0.39870814250557424,0.7325263788968825,0.14683601270095256,0.24193978150812684,0.011748680401838924,2.4794100980532345,5.865692840054646,0.2283464566929134
1171051000,송파구,풍납1동,3,교통 사각 저소득 고령 밀집,보통,0.7496326399693939,외곽 차 중심 신주거지,3075,False,False,False,0.26,0.3257142857142857,2.89591193827178,0.3871209334442162,0.6791737773152965,0.2926341834792539,0.31685744016649325,0.07121951219512195,0.9093295630614014,5.641145456278298,0.0
1171052000,송파구,풍납2동,4,외곽 차 중심 신주거지,핵심,0.834387188968196,교통 사각 저소득 고령 밀집,4730,False,False,True,0.15702479338842976,0.2632821723730815,2.0021498673781895,0.6044153631102056,0.6916041802743305,0.20541996004516633,0.3076420640104507,0.03150105708245243,1.1382877477677527,5.6899638185221955,0.04132231404958678
1171053100,송파구,거여1동,0,대중교통 양호 서민 주거지,보통,0.7358246150800768,교통 사각 저소득 고령 밀집,3127,False,False,False,0.5121951219512195,0.4773519163763066,3.3039340762369482,0.38529481132075466,0.612724902534113,0.2656528757114944,0.3153021442495127,0.05948193156379917,0.840097584791907,5.6363418524228495,0.21951219512195122
1171053200,송파구,거여2동,0,대중교통 양호 서민 주거지,경계,0.5511647580246188,고소득 활동 지역,5372,False,False,False,0.5510204081632653,0.45772594752186585,3.5459748235613056,0.37324212827802056,0.6234101027397261,0.2349134161273395,0.3144977168949772,0.05975428145941921,1.4013851649942464,5.691993827532716,0.08163265306122448
1171054000,송파구,마천1동,3,교통 사각 저소득 고령 밀집,핵심,0.847345343873907,대중교통 양호 서민 주거지,4422,False,False,False,0.5777777777777777,0.5238095238095237,2.2846473923073782,0.4965144820814924,0.4122429065743945,0.29446627155889993,0.3356401384083045,0.11872455902306649,1.2975736959473692,5.511489277599108,0.022222222222222223
1171055000,송파구,마천2동,3,교통 사각 저소득 고령 밀집,핵심,0.8574569123993844,대중교통 양호 서민 주거지,5181,False,False,False,0.06578947368421052,0.4924812030075188,2.803360380906535,0.4318941791924174,0.573407179333133,0.3083745015177668,0.3307299489336137,0.09534838834201892,0.8544040727735771,5.493638598846838,0.18421052631578946
1171056100,송파구,방이1동,4,외곽 차 중심 신주거지,보통,0.7735374795498852,고소득 활동 지역,2843,False,False,False,0.4107142857142857,0.4336734693877551,3.2102674503316004,0.4123583026960785,0.7186368778280543,0.19333560013600817,0.291289592760181,0.02321491382342596,1.1702053026306718,5.912243217980334,0.0
1171056200,송파구,방이2동,0,대중교통 양호 서민 주거지,보통,0.7733105956272526,고소득 활동 지역,4371,False,False,False,0.6944444444444444,0.5277777777777778,3.39142759006635,0.32151930204802537,0.6516737438075018,0.16568742655699178,0.29547062986553435,0.05742393045069778,0.8751386787238757,5.520057408859926,0.027777777777777776
1171056600,송파구,오륜동,4,외곽 차 중심 신주거지,핵심,0.8370980635416208,고소득 활동 지역,3659,False,False,False,0.3129251700680272,0.25170068027210885,1.9113046198778376,0.4002587263712087,0.8043605669028763,0.21084476201452115,0.23843268028345144,0.0005465974309920743,2.762859479401107,5.893211236806871,0.061224489795918366
1171057000,송파구,오금동,4,외곽 차 중심 신주거지,핵심,0.8449077877407123,교통 사각 저소득 고령 밀집,8345,False,False,False,0.352112676056338,0.4527162977867203,2.5012050315211196,0.42185352693044087,0.6980752279635257,0.22609661600151726,0.29103343465045595,0.04781306171360096,1.0776672889129102,5.74338451050374,0.11267605633802817
1171058000,송파구,송파1동,0,대중교통 양호 서민 주거지,경계,0.6926248553572149,고소득 활동 지역,4164,False,False,False,0.6515151515151515,0.5541125541125541,3.6006276386770577,0.29880319383720905,0.724053671263511,0.18250350631136045,0.2951919493104734,0.04058597502401537,0.8345946060578802,5.582168037719399,0.07575757575757576
1171059000,송파구,송파2동,4,외곽 차 중심 신주거지,보통,0.7905826642504008,고소득 활동 지역,3141,False,False,False,0.2631578947368421,0.468671679197995,3.1393008440507124,0.38490900998539035,0.7262040347293156,0.18596802841918295,0.28294177732379977,0.020694046482012098,1.461749041412143,5.782868309862496,0.05263157894736842
1171060000,송파구,석촌동,0,대중교통 양호 서민 주거지,보통,0.7126258907057287,고소득 활동 지역,5542,False,False,False,0.5697674418604651,0.4784053156146179,3.4544074425297384,0.32572686655307215,0.7087249159192824,0.18540077612739195,0.29876681614349776,0.06044749188018766,0.848834631806027,5.555143881038828,0.011627906976744186
1171061000,송파구,삼전동,0,대중교통 양호 서민 주거지,핵심,0.8092917421571068,고소득 활동 지역,4868,False,False,False,0.4367816091954023,0.44334975369458124,3.124944005033997,0.33490150092226967,0.6580742478162407,0.17322610490356558,0.30669686185700423,0.07128184059161874,0.7229079187217388,5.522101236620562,0.09195402298850575
1171062000,송파구,가락본동,4,외곽 차 중심 신주거지,경계,0.6818964895839458,고소득 활동 지역,4928,False,False,False,0.5217391304347826,0.4673913043478261,3.2048650877986025,0.42939264515056885,0.719189371005718,0.20072502138405768,0.3057517658930373,0.03977272727272727,1.1207192230605578,5.91922534528728,0.07608695652173914
1171063100,송파구,가락1동,4,외곽 차 중심 신주거지,핵심,0.8323088493002203,고소득 활동 지역,4661,False,False,False,0.23846153846153847,0.3274725274725275,2.6935871390746553,0.48982977449939835,0.7916779065683176,0.17198627356924098,0.2237442922374429,0.006221840806693842,2.2912291911185805,5.924968463802139,0.07692307692307693
1171063200,송파구,가락2동,4,외곽 차 중심 신주거지,경계,0.6202196937003576,고소득 활동 지역,4959,False,False,False,0.5777777777777777,0.48253968253968255,3.077824162272463,0.3762450358553422,0.7141173418145297,0.17792049368541907,0.2962838968865082,0.02641661625327687,1.170498781591559,5.719963520004665,0.07777777777777778
1171064100,송파구,문정1동,4,외곽 차 중심 신주거지,보통,0.7884482711273003,고소득 활동 지역,3951,False,False,False,0.30158730158730157,0.6303854875283447,3.1872704854528697,0.4478299873964594,0.661646725440806,0.20178753830439225,0.2749790092359362,0.02809415337889142,1.1733147688288255,6.132690975954305,0.15873015873015872
1171064200,송파구,문정2동,4,외곽 차 중심 신주거지,보통,0.7768765461778174,고소득 활동 지역,4823,False,False,False,0.36538461538461536,0.26304945054945056,2.7153949570962497,0.44360212991916925,0.7026731818181818,0.16899088997897688,0.32484848484848483,0.005390835579514825,2.5806540620225964,6.046674478199047,0.12980769230769232
1171065000,송파구,잠실본동,0,대중교통 양호 서민 주거지,경계,0.26581932547694775,외곽 차 중심 신주거지,4561,False,False,False,0.3644859813084112,0.3711615487316422,3.7334327962470497,0.3095064086281031,0.7407513850415512,0.17012943414524972,0.2849722991689751,0.05985529489147117,0.8510618007250983,5.559197101291348,0.12149532710280374
1171069000,송파구,잠실4동,2,고소득 활동 지역,핵심,0.8089283705762963,외곽 차 중심 신주거지,5414,False,False,False,0.5507246376811594,0.48654244306418215,3.012974079988497,0.35619806608075427,0.8617489325362937,0.16413521297559497,0.277825220609166,0.0005541189508681197,2.6437989560302517,5.873255090396994,0.14492753623188406
1171071000,송파구,잠실6동,2,고소득 활동 지역,핵심,0.9385568386207696,외곽 차 중심 신주거지,3385,False,False,False,0.7307692307692307,0.5989010989010989,3.81602027817588,0.31833078263511944,0.7846972727272726,0.210261506925896,0.315,0.002363367799113737,2.6194022755153332,5.871917424530561,0.02564102564102564
1171072000,송파구,잠실7동,4,외곽 차 중심 신주거지,핵심,0.843277218813341,고소득 활동 지역,2494,False,False,False,0.3275862068965517,0.1896551724137931,1.9285184063434442,0.3578353554100137,0.6552616150442477,0.2698258141296116,0.34900442477876104,0.0016038492381716118,2.9527881977611306,5.930921064485879,0.13793103448275862
1171067000,송파구,잠실2동,4,외곽 차 중심 신주거지,경계,0.6245678465820357,고소득 활동 지역,4436,False,False,False,0.34814814814814815,0.25502645502645505,2.9785484364537234,0.3624580150900791,0.7854778185456972,0.12868041655788587,0.29953302201467646,0.0002254283137962128,2.76868550960664,5.8398223458731335,0.23703703703703705
1171068000,송파구,잠실3동,2,고소득 활동 지역,보통,0.7877597135366738,외곽 차 중심 신주거지,6947,False,False,False,0.27102803738317754,0.5340453938584779,3.2344547749644414,0.32500037528282444,0.7688082901554404,0.20806253556560544,0.27461139896373055,0.0020152583849143515,2.765285863662103,5.834807409281121,0.09345794392523364
1171064600,송파구,장지동,4,외곽 차 중심 신주거지,핵심,0.8469726868532014,고소득 활동 지역,6085,False,False,False,0.21568627450980393,0.6484593837535013,2.3634403687153203,0.40350327079489445,0.6789171659286273,0.19809877266660156,0.2940870018233915,0.06228430566967954,1.280004210707769,5.707021896560436,0.0784313725490196
1171064700,송파구,위례동,4,외곽 차 중심 신주거지,핵심,0.8396385229229408,고소득 활동 지역,4739,False,False,False,0.11555555555555555,0.49523809523809526,1.4896528741070438,0.5341029996092345,0.7186893939393939,0.10575056345256957,0.2741367159971811,0.046001266089892384,2.0477760128098073,5.807423261026663,0.17333333333333334
1174052600,강동구,상일제2동,4,외곽 차 중심 신주거지,핵심,0.8016319234792608,교통 사각 저소득 고령 밀집,2323,False,False,False,0.1728395061728395,0.18518518518518517,1.1068090558722883,0.4541389882929089,0.7518485221674877,0.17708492148193322,0.3294334975369458,0.10159276797244941,0.9444497918265863,5.326651280146461,0.16049382716049382
1174052500,강동구,상일제1동,4,외곽 차 중심 신주거지,핵심,0.8425549941251297,고소득 활동 지역,6213,False,False,False,0.1509433962264151,0.4285714285714286,2.1015998826684745,0.4401340052264429,0.7881544137742552,0.15952448198834313,0.2366766876195682,0.016417189763399325,0.9444497918265863,5.471689452285202,0.1792452830188679
1174053000,강동구,명일1동,2,고소득 활동 지역,핵심,0.9214399660388735,외곽 차 중심 신주거지,5167,False,False,False,0.711864406779661,0.6077481840193704,3.6067866237754354,0.3331737339076631,0.7424103816793893,0.20857385056311306,0.26900763358778623,0.023611379910973486,1.2662100639662717,5.700021323274749,0.05084745762711865
1174054000,강동구,명일2동,4,외곽 차 중심 신주거지,보통,0.7859626622749245,고소득 활동 지역,3323,False,False,False,0.2786885245901639,0.6182669789227166,2.8607947405524787,0.32340029812495097,0.7112996673003803,0.1972809308952743,0.23241444866920152,0.012037315678603671,1.8025276058509334,5.764029861877147,0.14754098360655737
1174055000,강동구,고덕1동,4,외곽 차 중심 신주거지,핵심,0.8418217699180653,고소득 활동 지역,3562,False,False,False,0.13445378151260504,0.3025210084033613,2.06781964647385,0.47111528949591375,0.6387177419354838,0.15125265392781317,0.26682027649769585,0.03509264458169568,1.851454432379087,5.830318472740025,0.31932773109243695
1174056000,강동구,고덕2동,4,외곽 차 중심 신주거지,핵심,0.8467675622689755,고소득 활동 지역,4139,False,False,False,0.1116751269035533,0.31907179115300943,1.7858196978402707,0.37408590880593523,0.7156766717325228,0.15755614769699278,0.2591185410334346,0.040831118627687846,1.7350956759843452,5.806894556600646,0.19289340101522842
1174058000,강동구,암사2동,4,외곽 차 중심 신주거지,핵심,0.8497050914784928,고소득 활동 지역,2969,False,False,False,0.2923076923076923,0.16703296703296702,3.023048084200954,0.40534898067336833,0.6584538381742738,0.20451883998071227,0.3412863070539419,0.018524755810037048,1.1255931884482695,5.718800817346952,0.06153846153846154
1174059000,강동구,암사3동,4,외곽 차 중심 신주거지,핵심,0.8426886439701465,교통 사각 저소득 고령 밀집,3384,False,False,False,0.2642857142857143,0.1826530612244898,1.3179390414556187,0.4490105213097936,0.6509534246575343,0.201009801009801,0.2785388127853881,0.009456264775413711,1.6253919729000743,5.7975524674421965,0.3142857142857143
1174060000,강동구,천호1동,0,대중교통 양호 서민 주거지,경계,0.35571376941065397,교통 사각 저소득 고령 밀집,6345,False,False,False,0.43283582089552236,0.2814498933901919,3.2807989886397886,0.3598778884880572,0.6398599511599512,0.2672591718967188,0.30573870573870576,0.0876280535855004,0.7247261980733027,5.5396178120991,0.05970149253731343
1174062000,강동구,천호3동,0,대중교통 양호 서민 주거지,경계,0.6582262524585955,교통 사각 저소득 고령 밀집,5970,False,False,False,0.25925925925925924,0.3412698412698412,3.6179004846553555,0.3392059653107254,0.6791890612674205,0.21498019445444724,0.3105443071259532,0.08944723618090453,0.8519188955105718,5.5169133227726865,0.16666666666666666
1174064000,강동구,성내1동,4,외곽 차 중심 신주거지,핵심,0.8442791598672225,고소득 활동 지역,3839,False,False,False,0.3333333333333333,0.474025974025974,2.68143655258412,0.42680109347134176,0.7552129516849371,0.20410441809771918,0.28867235079171744,0.02188069809846314,0.925526225113567,5.818245990458217,0.09090909090909091
1174065000,강동구,성내2동,0,대중교통 양호 서민 주거지,핵심,0.8709901527807615,언덕 위 고령 주거지,5374,False,False,False,0.5,0.46543778801843316,3.8037909874382967,0.32183164686928634,0.6855225404026085,0.22610232245035342,0.3149985823646158,0.07108299218459248,0.7061526515971777,5.412015628213571,0.0
1174066000,강동구,성내3동,0,대중교통 양호 서민 주거지,경계,0.49736747489155214,고소득 활동 지역,4856,False,False,False,0.40625,0.4107142857142857,3.9345791911415087,0.4011781247734529,0.728955928979074,0.22524235817987848,0.31610653138871275,0.03974464579901153,0.7536149430157704,5.530189354370051,0.0
1174069000,강동구,둔촌1동,4,외곽 차 중심 신주거지,핵심,0.8330508578674982,고소득 활동 지역,5115,False,False,False,0.4025974025974026,0.1929499072356215,2.972742755329292,0.4596547871425557,0.9064578374702482,0.1548404673972271,0.18021081264875893,0.00019550342130987292,0.9444497918265863,5.894040674108202,0.2727272727272727
1174070000,강동구,둔촌2동,4,외곽 차 중심 신주거지,핵심,0.8469214382594723,교통 사각 저소득 고령 밀집,5468,False,False,False,0.28431372549019607,0.40756302521008403,2.6313244264064095,0.4465032667800683,0.7282489866821078,0.21762317917694818,0.2912565141864505,0.030724213606437453,0.963021897760719,5.696218585290179,0.10784313725490197
1174057000,강동구,암사1동,4,외곽 차 중심 신주거지,경계,0.44975330213110876,교통 사각 저소득 고령 밀집,7788,True,False,False,0.2898550724637681,0.2960662525879917,3.196600577948709,0.40312254309259404,0.6793567170111288,0.24028137726767865,0.31518282988871227,0.0758859784283513,0.7121674724998444,5.532994788054552,0.057971014492753624
1174061000,강동구,천호2동,0,대중교통 양호 서민 주거지,핵심,0.8041525304663,교통 사각 저소득 고령 밀집,7768,True,False,False,0.26495726495726496,0.37606837606837606,3.7492023712969167,0.31379026862016374,0.6316637327465493,0.21558016262870147,0.3124624924984997,0.09075695159629248,0.7771665171075113,5.519321701332936,0.008547008547008548
1174068500,강동구,길동,4,외곽 차 중심 신주거지,경계,0.6255853750935831,대중교통 양호 서민 주거지,10662,False,False,False,0.43846153846153846,0.4054945054945055,3.5491752023823326,0.41386490950496496,0.6700336919169281,0.22712651513537693,0.29134917077543704,0.04736447195648096,0.8224098457428084,5.609047295133923,0.05384615384615385
1153078000,구로구,오류2동,3,교통 사각 저소득 고령 밀집,경계,0.4543056583121167,언덕 위 고령 주거지,8742,True,False,False,0.25728155339805825,0.45214979195561716,1.8157414339145406,0.3406461690053907,0.6395135833333334,0.2474454414220612,0.33916666666666667,0.06783344772363303,0.8943827918816266,5.654199446223232,0.2912621359223301
1174051500,강동구,강일동,4,외곽 차 중심 신주거지,핵심,0.8457685003559069,교통 사각 저소득 고령 밀집,7278,False,False,False,0.060109289617486336,0.5284933645589383,1.986451073634148,0.38814046291700205,0.7233786606373815,0.21297515582477394,0.29952627045650304,0.08546303929651003,1.730892367286524,5.715525696845943,0.12021857923497267
1123053300,동대문구,용두동,0,대중교통 양호 서민 주거지,핵심,0.856931752061208,언덕 위 고령 주거지,4833,False,False,False,0.7101449275362319,0.7142857142857143,3.5216606655057383,0.20408065978178955,0.4398955891425047,0.21285122875011012,0.36798272671190624,0.09867197875166003,0.990895332116302,3.964944498815631,0.028985507246376812
